product_id,product_name,brand,price,currency,colour,product_code,description,composition,fit,image,product_url
P61233427,Satin Cowl Neck Mini Tie Detail Waisted Dress,M&S,45,GBP,DARK CHOCOLATE,T423466,"Achieve a party-ready look in minutes with this stylish waisted dress. It's crafted from lustrous satin in a flattering regular fit with a cowl neckline and a self-tie detail at the waist, accentuating the drapey effect. This long-sleeved piece is elegantly finished with an asymmetric mini-length skirt. M&S Collection: easy-to-wear wardrobe staples that combine classic and contemporary styles.",100% polyester,regular fit,"https://assets.digitalcontent.marksandspencer.app/images/q_auto,f_auto/SD_01_T42_3466_N7_X_EC_0/Satin-Cowl-Neck-Mini-Tie-Detail-Waisted-Dress",https://www.marksandspencer.com/satin-cowl-neck-mini-tie-detail-waisted-dress/p/clp61233427
P61227209,Lyocell Rich Checked Cowl Neck Midi Dress,M&S,55,GBP,NAVY MIX,T425152,Add elegance to your new-season edit with this checked midi dress. The regular-fit style has a graceful fit-and-flare panelled shape with a beautifully draped cowl neckline and sleeveless silhouette. It fastens with a neat keyhole button at the back.,"62% lyocell, 38% polyester (exclusive of trimmings)",Regular fit,"https://assets.digitalcontent.marksandspencer.app/images/q_auto,f_auto/SD_01_T42_5152_F4_X_EC_0/Lyocell-Rich-Checked-Cowl-Neck-Midi-Dress",https://www.marksandspencer.com/lyocell-rich-checked-cowl-neck-midi-skater-dress/p/clp61227209
P61226417,Cotton Rich Midi Column Dress,M&S,36,GBP,GREY,T429414J,This column dress is crafted with cotton-rich yarn for a luxuriously soft feel and elegant look. It has a regular fit with a versatile sleeveless design and a midi-length hem. The high neckline and seam detail down the front complete the sophisticated aesthetic. M&S Collection: easy-to-wear wardrobe staples that combine classic and contemporary styles.,"60% cotton, 40% polyester (exclusive of trimmings)",Regular fit,"https://assets.digitalcontent.marksandspencer.app/images/q_auto,f_auto/SD_01_T42_9414J_T0_X_EC_0/Cotton-Rich-Midi-Column-Dress",https://www.marksandspencer.com/cotton-rich-knitted-midi-column-dress/p/clp61226417
P61227451,Cord Mini Shift Dress,M&S,28,GBP,MIDNIGHT NAVY,T425344W,Stylish everyday outfitting is easy with this versatile shift dress. It's cut from corduroy for a tactile look and features a sleeveless bodice and a playful mini-length hem. This day-to-evening piece is finished with practical side slip pockets and a discreet back zip fastening. M&S Collection: easy-to-wear wardrobe staples that combine classic and contemporary styles.,"80% cotton, 20% modal (exclusive of trimmings), Pocketing (pocket fabric composition) - 100% cotton",,"https://assets.digitalcontent.marksandspencer.app/images/q_auto,f_auto/SD_01_T42_5344W_FS_X_EC_0/Cord-Mini-Shift-Dress",https://www.marksandspencer.com/cord-mini-shift-dress/p/clp61227451
P61225747,Jersey Lace Mini Skater Dress,M&S,28,GBP,BLACK,T428055J,"Embrace effortless femininity in this day-to-evening jersey dress. It features a flattering skater cut and long fluted sleeves for a touch of elegance. The lace overlay adds luxurious texture, while the full lining brings coverage and a perfect drape. It's made with added stretch for comfortable wear and finished with a playful midi-length hem. M&S Collection: easy-to-wear wardrobe staples that combine classic and contemporary styles.","62% polyamide, 35% cotton and 3% elastane (exclusive of trimmings), Lining - 100% polyester",,"https://assets.digitalcontent.marksandspencer.app/images/q_auto,f_auto/SD_01_T42_8055J_Y0_X_EC_0/Jersey-Lace-Mini-Skater-Dress",https://www.marksandspencer.com/jersey-lace-mini-skater-dress/p/clp61225747
P61225746,Denim Mini Shirt Dress,M&S,40,GBP,DENIM,T429797,"Embrace the utility trend on off-duty days in this stylish denim dress. It's cut in a regular fit with a collared neckline and a concealed placket for a minimalist look. Long sleeves bring elegant coverage, while a single gold-tone button adds a chic flourish. This mini-length piece is finished with two patch pockets for handy storage. M&S Collection: easy-to-wear wardrobe staples that combine classic and contemporary styles.",100% cotton (exclusive of trimmings),regular fit,"https://assets.digitalcontent.marksandspencer.app/images/q_auto,f_auto/SD_01_T42_9797_HP_X_EC_0/Denim-Mini-Shirt-Dress",https://www.marksandspencer.com/denim-mini-shirt-dress/p/clp61225746
P61230872,Jersey Mini Skater Dress,M&S,24,GBP,BLACK,T425690,Channel effortless elegance in this understated mini dress. It's crafted from lightweight jersey with added stretch for a comfortable feel. This long-sleeved piece features a modern skater silhouette and a stylish slash neckline. Seam detailing along the front ensures a figure-enhancing look. M&S Collection: easy-to-wear wardrobe staples that combine classic and contemporary styles.,"95% cotton, 5% elastane (exclusive of trimmings)",,"https://assets.digitalcontent.marksandspencer.app/images/q_auto,f_auto/SD_01_T42_5690_Y0_X_EC_0/Jersey-Mini-Skater-Dress",https://www.marksandspencer.com/jersey-mini-skater-dress/p/clp61230872
P61269562,Lyocell Blend Checked Midi Column Dress,M&S,36,GBP,GREEN MIX,T429373J,"Getting ready for smart-casual events is effortless with this versatile column dress. It's cut from breathable lyocell blend fabric and features a neat round neck and long sleeves. Ruching at the waistline ensures a flattering fit and a hint of texture, while the floaty midaxi skirt creates elegant movement. An all-over checked print completes the design. M&S Collection: easy-to-wear wardrobe staples that combine classic and contemporary styles.","62% polyester, 32% lyocell and 6% wool (exclusive of trimmings), Inner lining - 100% polyester",slim fit,"https://assets.digitalcontent.marksandspencer.app/images/q_auto,f_auto/SD_01_T42_9373J_J4_X_EC_0/Lyocell-Blend-Checked-Midi-Column-Dress",https://www.marksandspencer.com/lyocell-blend-checked-midaxi-column-dress/p/clp61269562
P61226972,Floral Print Tie Detail Mini Smock Dress,Per Una,50,GBP,BLACK MIX,T533868U,"A stunning floral print brings a fresh feel to this mini dress from Per Una. It's cut in a loose, smock fit for an easy silhouette, with a feminine tie neckline. The semi-sheer long sleeves create an elegant look, while fabric-covered front buttons give it a dainty finish. Per Una: stylish designs crafted with carefully considered details and feminine flourishes.",100% polyester (exclusive of trimmings),,"https://assets.digitalcontent.marksandspencer.app/images/q_auto,f_auto/SD_01_T53_3868U_Y4_X_EC_0/Floral-Print-Tie-Detail-Mini-Smock-Dress",https://www.marksandspencer.com/floral-print-tie-detail-mini-smock-dress/p/clp61226972
P61226952,Satin Lace Insert Midaxi Slip Dress,M&S,45,GBP,BLACK,T425136,"Channel after-dark glamour in this feminine slip dress. It's cut from drapey satin in a regular fit and features a sleeveless design for a breezy feel. The v-neck and midaxi hem are enhanced with delicate lace trims, lending a romantic-inspired flourish to this elegant piece. M&S Collection: easy-to-wear wardrobe staples that combine classic and contemporary styles.","100% polyester, Lace trim - 100% polyamide",,"https://assets.digitalcontent.marksandspencer.app/images/q_auto,f_auto/SD_01_T42_5136_Y0_X_EC_0/Satin-Lace-Insert-Midaxi-Slip-Dress",https://www.marksandspencer.com/satin-lace-insert-midaxi-slip-dress/p/clp61226952
P61235776,Denim Tie Neck Mini Swing Dress,M&S,40,GBP,DENIM,T429047D,This denim mini dress is an effortlessly stylish addition to your casual wardrobe. It's cut to a flattering regular fit with a V-neckline featuring tie detail. The versatile swing silhouette has long sleeves that gather at the cuffs for a touch of volume. M&S Collection: easy-to-wear wardrobe staples that combine classic and contemporary styles.,"100% cotton (exclusive of trimmings), Pocketing (pocket fabric composition) - 65% polyester, 35% cotton",,"https://assets.digitalcontent.marksandspencer.app/images/q_auto,f_auto/SD_01_T42_9047D_HP_X_EC_0/Denim-Tie-Neck-Mini-Swing-Dress",https://www.marksandspencer.com/denim-tie-neck-mini-swing-dress/p/clp61235776
P61276210,Chiffon Spot Print Midi Tea Dress,M&S,45,GBP,CHOCOLATE MIX,T426758W,"Finished with a bow tie detail at the V neck, this tea dress from M&S is cut in a lightweight chiffon with a soft spot print throughout. The midi length and long sleeves suit both daytime occasions and evening events, while the lining keeps the fabric comfortable against skin. It's a feminine option available across petite, regular and tall fits. M&S Collection: easy-to-wear wardrobe staples that combine classic and contemporary styles.",100% p4-polyester,,"https://assets.digitalcontent.marksandspencer.app/images/q_auto,f_auto/SD_01_T42_6758W_XZ_X_EC_0/Chiffon-Spot-Print-Midi-Tea-Dress",https://www.marksandspencer.com/chiffon-spot-print-midi-tea-dress/p/clp61276210
P61226891,Lace Midaxi Skater Dress,M&S,55,GBP,BLACK,T425133R,"Channel romantic-inspired style on special occasions in this feminine lace dress. It features a flattering fit-and-flare silhouette with long sleeves and a classic round neckline. A full lining under the sheer fabric adds elegant coverage, while the added stretch ensures comfortable wear. This party-ready piece is finished with a frilly midaxi hem and a key-button fastening on the back. M&S Collection: easy-to-wear wardrobe staples that combine classic and contemporary styles.","85% polyester, 15% elastane, Lining - 100% polyester",,"https://assets.digitalcontent.marksandspencer.app/images/q_auto,f_auto/SD_01_T42_5133R_Y0_X_EC_0/Lace-Midaxi-Skater-Dress",https://www.marksandspencer.com/lace-midaxi-skater-dress/p/clp61226891
P61274199,Jersey Crew Neck Midi Column Dress,M&S,40,GBP,BLACK,T426723J,"Jersey fabric gives this midi dress from M&S a fluid, easy drape that moves comfortably throughout the day. Cut in a column shape with a crew neckline, it's sleeveless for warmer days and finished plain for versatile styling. Added stretch through the fabric keeps the fit comfortable across petite, regular and tall proportions. M&S Collection: easy-to-wear wardrobe staples that combine classic and contemporary styles.","72% viscose, 24% polyester and 4% elastane",,"https://assets.digitalcontent.marksandspencer.app/images/q_auto,f_auto/SD_01_T42_6723J_Y0_X_EC_0/Jersey-Crew-Neck-Midi-Column-Dress",https://www.marksandspencer.com/jersey-crew-neck-midi-column-dress/p/clp61274199
P61274230,Cotton Rich High Neck Midi Bodycon Dress,M&S,38,GBP,MOSS,T426856J,"Cut from a soft cotton rich jersey that moves easily with you, this M&S bodycon dress has a high neck and sleeveless silhouette that give it a clean, modern line, while the midi length keeps it versatile for both day and evening. A hint of stretch woven into the fabric helps the dress hold its shape throughout the day. M&S Collection: easy-to-wear wardrobe staples that combine classic and contemporary styles.","96% cotton, 4% elastane",,"https://assets.digitalcontent.marksandspencer.app/images/q_auto,f_auto/SD_01_T42_6856J_DQ_X_EC_0/Cotton-Rich-High-Neck-Midi-Bodycon-Dress",https://www.marksandspencer.com/cotton-rich-high-neck-midi-bodycon-dress/p/clp61274230
P61226981,Checked Ruched Long Sleeve Mini Waisted Dress,M&S,45,GBP,BLACK MIX,T425138,Heritage check has a contemporary look in this day-to-evening mini dress. It's cut to a figure-skimming slim fit with ruched detailing at the waist for a flattering effect. This piece has long sleeves and a sophisticated slash neck. Back button fastening. M&S Collection: easy-to-wear wardrobe staples that combine classic and contemporary styles.,100% polyester,slim fit,"https://assets.digitalcontent.marksandspencer.app/images/q_auto,f_auto/SD_01_T42_5138_Y4_X_EC_0/Checked-Ruched-Long-Sleeve-Mini-Waisted-Dress",https://www.marksandspencer.com/checked-ruched-long-sleeve-mini-waisted-dress/p/clp61226981
P61276329,Floral Bodycon Midi Dress with Long Sleeves,M&S,45,GBP,BLACK MIX,T426890J,"A floral print brings movement to this mesh midi dress by M&S, cut in a bodycon fit that skims the body from round neck to hem. Long sleeves and a small amount of stretch allow easy, all day wear, while the fully lined design keeps everything in place. Available in petite, regular and tall lengths, it adapts to different heights without compromising fit.","94% polyester, 6% elastane, lining - 100% polyester",,"https://assets.digitalcontent.marksandspencer.app/images/q_auto,f_auto/SD_01_T42_6890J_Y4_X_EC_0/Floral-Bodycon-Midi-Dress-with-Long-Sleeves",https://www.marksandspencer.com/floral-bodycon-midi-dress-with-long-sleeves/p/clp61276329
P61271855,Animal Print V-Neck Midi Tea Dress,M&S,40,GBP,BROWN MIX,T428675W,"Classic style gets a modern revamp with this midi tea dress. It's designed in a regular fit with a flattering v-neckline and short puffy sleeves. A self-tie fastening at the back brings a stylish flourish, while the all-over leopard print ensures an eye-catching look. M&S Collection: easy-to-wear wardrobe staples that combine classic and contemporary styles.",100% viscose (exclusive of trimmings),,"https://assets.digitalcontent.marksandspencer.app/images/q_auto,f_auto/SD_01_T42_8675W_N4_X_EC_0/Animal-Print-V-Neck-Midi-Tea-Dress",https://www.marksandspencer.com/animal-print-v-neck-midi-tea-dress/p/clp61271855
P61224981,Slinky Draped Maxi Dress,Autograph,120,GBP,MAHOGANY,T503541T,"Make an elegant statement in this fluid jersey maxi dress from our Autograph collection. It's cut in a regular fit, with a softly draped blouson bodice that gathers into the defined waist for a flattering silhouette. The skirt features a floaty tier, finishing with a flowing handkerchief-style hem. Draped cap sleeves and a high round neckline complete the contemporary design. Autograph: premium investment pieces featuring contemporary cuts and refined finishing touches.","100% viscose, Lining - 100% polyester",Regular fit,"https://assets.digitalcontent.marksandspencer.app/images/q_auto,f_auto/SD_01_T50_3541T_MN_X_EC_0/Slinky-Draped-Maxi-Dress",https://www.marksandspencer.com/slinky-draped-maxi-dress/p/clp61224981
P23095211,Polka Dot Crew Neck Maxi Dress,Never Fully Dressed,99,GBP,BLACK MIX,T828597B,"This dress from Never Fully Dressed pairs a playful polka dot print with a fitted, maxi length silhouette. It flatters through party season and the working week alike. Long sleeves and a crew neckline add structure, while the silky soft base moves easily from office to evening. A fit and flare cut skims the body before falling to a floaty hem for easy movement.","95% polyester, 5% elastane",Fitted,"https://assets.digitalcontent.marksandspencer.app/images/q_auto,f_auto/MS_10_T82_8597B_Y4_X_EC_0/Polka-Dot-Crew-Neck-Maxi-Dress",https://www.marksandspencer.com/polka-dot-crew-neck-maxi-dress/p/clp23095211
P61227276,Crepe Pleated Button Front Shirt Dress,JAEGER,89,GBP,BLACK,T976323K,"This Jaeger shirt dress is cut from luxurious crepe fabric, for a sophisticated look and a refined handfeel. It's made in a comfy regular fit, with long cuffed sleeves and a smart collared neckline. Button fastenings provide crisp detail, while pleats at the front and back create a flowing silhouette. The hemline sits at a versatile knee length. Team with your go-to blazer for a stylish daywear ensemble.","92% polyester, 8% elastane (exclusive of trimmings)",Regular fit,"https://assets.digitalcontent.marksandspencer.app/images/q_auto,f_auto/SD_09_T97_6323K_Y0_X_EC_0/Crepe-Pleated-Button-Front-Shirt-Dress",https://www.marksandspencer.com/crepe-pleated-button-front-shirt-dress/p/clp61227276
P61225712,Denim Pintuck Midi Column Dress,M&S,45,GBP,DENIM,T424485D,"Add a feminine silhouette to your denim options with this pure cotton midi dress. It's cut to an easy regular fit, with pintuck detailing at the front and back creating a waisted column shape. The design is complete with a neat crew neckline and short sleeves. Fastens with a concealed back zip. M&S Collection: easy-to-wear wardrobe staples that combine classic and contemporary styles.",100% cotton (exclusive of trimmings),regular fit,"https://assets.digitalcontent.marksandspencer.app/images/q_auto,f_auto/SD_01_T42_4485D_HP_X_EC_0/Denim-Pintuck-Midi-Column-Dress",https://www.marksandspencer.com/denim-pintuck-midi-column-dress/p/clp61225712
P61269752,Wool Blend Colour Block Midaxi Dress,Autograph,150,GBP,BLACK,T503558T,"A wool blend fabric gives this tailored dress from M&S a smart, structured finish. A colour block design adds visual interest, while the midaxi length and sleeveless cut create an elegant, versatile silhouette. Fastened with a back zip, it is finished with added stretch for a comfortable, easy fit through the day.","40% wool, 57% polyester, 3% elastane, fabric 2 - 100% polyester, upper lining - 55% polyester, 45% viscose, lower lining - 100% polyester",,"https://assets.digitalcontent.marksandspencer.app/images/q_auto,f_auto/SD_01_T50_3558T_Y0_X_EC_0/Wool-Blend-Colour-Block-Midaxi-Dress",https://www.marksandspencer.com/wool-blend-colour-block-midaxi-dress/p/clp61269752
P23086973,Animal Print V-Neck Midi Tea Dress,Nobody's Child,89,GBP,BROWN MIX,T828272B,"Effortlessly bring your style up to date with this tea dress by Nobody's Child, featuring an eye-catching animal print. It's made in a flattering regular fit with a midi-length skirt that brings swish to your step. The v-neckline is trimmed with lace and ties in the middle for an ultra-feminine finish.",100% viscose,Regular fit,"https://assets.digitalcontent.marksandspencer.app/images/q_auto,f_auto/MS_10_T82_8272B_N4_X_EC_0/Animal-Print-V-Neck-Midi-Tea-Dress",https://www.marksandspencer.com/animal-print-v-neck-midi-tea-dress/p/clp23086973
P61281376,Floral Round Neck Midi Tea Dress,M&S,48,GBP,BLUE MIX,T420022W,"This midi tea dress from M&S carries a floral design from neckline to hem, finished with a round neck and long sleeves for cooler days. A back button fastening makes it easy to put on, and the midi length keeps the silhouette classic. Choose from petite, regular and tall fits to find your best match. M&S Collection: easy-to-wear wardrobe staples that combine classic and contemporary styles.",100% polyester,,"https://assets.digitalcontent.marksandspencer.app/images/q_auto,f_auto/SD_01_T42_0022W_E4_X_EC_0/Floral-Round-Neck-Midi-Tea-Dress",https://www.marksandspencer.com/floral-round-neck-midi-tea-dress/p/clp61281376
P23086980,Checked Midi Skater Dress,Nobody's Child X Louise Thompson,85,GBP,BLUE,T828262B,Look stylish in checks with this Nobody's Child dress. This regular fit piece features ruching on one side of the waist for a flattering shape and sophisticated look. A midi-length hem further elevates the design which comes complete with breezy short sleeves.,100% viscose,Regular fit,"https://assets.digitalcontent.marksandspencer.app/images/q_auto,f_auto/MS_10_T82_8262B_E0_X_EC_0/Checked-Midi-Skater-Dress",https://www.marksandspencer.com/checked-midi-skater-dress/p/clp23086980
P23089353,Plisse Printed Midaxi Waisted Dress,Never Fully Dressed,99,GBP,NAVY MIX,T828390B,"From daytime looks to evenings out, this dress by Never Fully Dressed will always be an elegant choice. It's cut to a regular fit from plissé pleated fabric with an abstract print. The fitted midaxi skirt is teamed with a touch of extra volume through the bodice for an elegant waisted silhouette. Short blouson sleeves and a slash neckline complete the ultra-feminine feel.","97% polyester, 3% elastane",regular fit,"https://assets.digitalcontent.marksandspencer.app/images/q_auto,f_auto/MS_10_T82_8390B_F4_X_EC_0/Plisse-Printed-Midaxi-Waisted-Dress",https://www.marksandspencer.com/plisse-printed-midaxi-waisted-dress/p/clp23089353
P61269326,Floral Tie Neck Mini Waisted Dress,M&S,45,GBP,BROWN MIX,T421702W,"An all-over floral print brings a feminine feel to this waisted dress. It's cut in a comfortable regular fit and falls to a mini length for a playful look. The stylish self-tie neckline is framed by long, blouson sleeves which add elegant volume, while the belted waist creates a defined silhouette. M&S Collection: easy-to-wear wardrobe staples that combine classic and contemporary styles.","100% polyester, Lining - 100% polyester",regular fit,"https://assets.digitalcontent.marksandspencer.app/images/q_auto,f_auto/SD_01_T42_1702W_N4_X_EC_0/Floral-Tie-Neck-Mini-Waisted-Dress",https://www.marksandspencer.com/floral-tie-neck-mini-waisted-dress/p/clp61269326
P61230955,Satin Scarf Detail Satin Midaxi Column Dress,M&S,55,GBP,PETROL,T425688,"Make a statement at your next special occasion in this slinky satin shift dress. It's designed in a flattering regular fit, with a column-style skirt that falls to a midaxi-length hem. A sumptuous satin scarf ties neatly at the neck to complete the sophisticated sleeveless look. M&S Collection: easy-to-wear wardrobe staples that combine classic and contemporary styles.",100% viscose (exclusive of trimmings),,"https://assets.digitalcontent.marksandspencer.app/images/q_auto,f_auto/SD_01_T42_5688_VU_X_EC_0/Satin-Scarf-Detail-Satin-Midaxi-Column-Dress",https://www.marksandspencer.com/satin-scarf-detail-satin-midaxi-column-dress/p/clp61230955
P23091733,Mesh Paisley Slash Neck Midaxi Dress,Never Fully Dressed,99,GBP,MULTI,T828503B,Turn to this mesh maxi dress from Never Fully Dressed for timeless elegance. It's designed in a figure-flattering fitted shape with added stretch so you can walk and dance with ease. The paisley print and flared long sleeves give a boho-style finish.,"95% polyester, 5% elastane",Fitted,"https://assets.digitalcontent.marksandspencer.app/images/q_auto,f_auto/MS_10_T82_8503B_ZZ_X_EC_0/Mesh-Paisley-Slash-Neck-Midaxi-Dress",https://www.marksandspencer.com/mesh-paisley-slash-neck-midaxi-dress/p/clp23091733
P61225001,Satin Crepe Asymmetric Midi Waisted Dress,Autograph,95,GBP,BOTTLE GREEN,T503542T,"This midi dress is crafted from flowing crepe fabric for an ultra-elegant look and feel. Flattering waisted fit, with cuffed long sleeves and an asymmetric hem. The high neckline fastens with a ribbon tie at the back for a feminine flourish. Autograph: premium investment pieces featuring contemporary cuts and refined finishing touches.","80% acetate, 20% polyester",,"https://assets.digitalcontent.marksandspencer.app/images/q_auto,f_auto/SD_01_T50_3542T_EE_X_EC_0/Satin-Crepe-Asymmetric-Midi-Waisted-Dress",https://www.marksandspencer.com/satin-crepe-asymmetric-midi-waisted-dress/p/clp61225001
P61271854,Polka Dot Tie Neck Midi Tea Dress,M&S,45,GBP,BLACK MIX,T424587W,"This midi tea dress from M&S is finished with a polka dot print and a tie neck that fastens at the side for a considered detail. Short sleeves keep it light for warmer days, and the tea dress shape offers a relaxed, easy fit through the body. It's also available in petite, regular and tall fits. M&S Collection: easy-to-wear wardrobe staples that combine classic and contemporary styles.",100% viscose,,"https://assets.digitalcontent.marksandspencer.app/images/q_auto,f_auto/SD_01_T42_4587W_Y4_X_EC_0/Polka-Dot-Tie-Neck-Midi-Tea-Dress",https://www.marksandspencer.com/animal-print-tie-neck-midi-tea-dress/p/clp61271854
P23092282,Polka Dot Round Neck Tie Detail Midi Tea Dress,Nobody's Child X Louise Thompson,89,GBP,BLACK MIX,T828451B,"Bring a playful feel to your daywear with this polka dot tea dress from Nobody's Child. It's cut in a comfy regular fit, with loop lace trims at the short sleeves and a flattering round neckline. Ties at the waist create extra shaping, while the hem falls to a graceful midi length. This piece fastens with a keyhole button at the back of the neck.",100% viscose,Regular fit,"https://assets.digitalcontent.marksandspencer.app/images/q_auto,f_auto/MS_10_T82_8451B_Y4_X_EC_0/Polka-Dot-Round-Neck-Tie-Detail-Midi-Tea-Dress",https://www.marksandspencer.com/polka-dot-round-neck-tie-detail-midi-tea-dress/p/clp23092282
P23048559,Cherry Leopard Print Maxi Waisted Dress,Never Fully Dressed,129,GBP,MULTI,T828009A,"With a bold cherry and leopard print, this waisted maxi dress from Never Fully Dressed is a statement addition to your smart-casual wardrobe. It's cut in an easy regular fit, with an elasticated waist which creates added volume in the button-through bodice. The neat collared neckline offers a smart look, while the flared cuffs add a touch of volume.","Main - 100% polyester, Slip - 95% polyester, 5% elastane",Relaxed fit,"https://assets.digitalcontent.marksandspencer.app/images/q_auto,f_auto/MS_10_T82_8009A_ZZ_X_EC_0/Cherry-Leopard-Print-Maxi-Waisted-Dress",https://www.marksandspencer.com/cherry-leopard-print-maxi-waisted-dress/p/clp23048559
P23086927,Animal Print Midi Bodycon Dress,Nobody's Child,82,GBP,BROWN,T828230B,This dress from Nobody's Child features a subtle animal print to bring eye-catching style to your wardrobe. It's cut to a drapey bodycon fit for the ultimate flattering shape. Long sleeves and a midi-length hem add a touch of extra coverage.,"96% viscose, 4% elastane",Fitted,"https://assets.digitalcontent.marksandspencer.app/images/q_auto,f_auto/MS_10_T82_8230B_N0_X_EC_0/Animal-Print-Midi-Bodycon-Dress",https://www.marksandspencer.com/animal-print-midi-bodycon-dress/p/clp23086927
P61225283,Floral Round Neck Midi Column Dress,JAEGER,135,GBP,RED MIX,T976322K,"This floral print dress by Jaeger is a striking choice for smart events. It's made in a regular fit, with a flattering column shape and ruching on the front for added shaping. Long sleeves add elegance, while the round neck and low V-back provide chic touches. This midi-length style has a back zip closure. Wear it with chunky boots or kitten heels.",100% viscose,regular fit,"https://assets.digitalcontent.marksandspencer.app/images/q_auto,f_auto/SD_09_T97_6322K_B4_X_EC_0/Floral-Round-Neck-Midi-Column-Dress",https://www.marksandspencer.com/floral-round-neck-midi-column-dress/p/clp61225283
P61269325,Polka Dot Tie Neck Mini Smock Dress,M&S,45,GBP,BLACK MIX,T420903W,"This polka dot smock dress makes a stylish choice for evenings out. It's cut in a comfortable regular fit, with a tie neckline and a cape-like overlay. Blouson sleeves bring elegant volume, while the belted waist creates a defined silhouette. A mini-length hem completes the chic design. M&S Collection: easy-to-wear wardrobe staples that combine classic and contemporary styles.","100% polyester, Lining - 100% polyester",regular fit,"https://assets.digitalcontent.marksandspencer.app/images/q_auto,f_auto/SD_01_T42_0903W_Y4_X_EC_0/Polka-Dot-Tie-Neck-Mini-Smock-Dress",https://www.marksandspencer.com/polka-dot-tie-neck-mini-smock-dress/p/clp61269325
P23096363,Jersey Floral Midi Dress,Roman,52,GBP,BLACK,T083628S,"With its charming ditsy floral pattern, this Roman jersey dress showcases feminine style. This graceful fit-and-flare design features a fitted bodice that flows into a gently gathered midi-length skirt. A round neckline, long sleeves and side pockets complete the practical-yet-pretty piece.","96% viscose, 4% elastane",Flared,"https://assets.digitalcontent.marksandspencer.app/images/q_auto,f_auto/MS_10_T08_3628S_Y0_X_EC_0/Jersey-Floral-Midi-Dress",https://www.marksandspencer.com/jersey-floral-midi-dress/p/clp23096363
P61230931,Checked Blouson Sleeve Midaxi Dress,M&S,48,GBP,BLACK MIX,T425933,"You'll always have something sophisticated to wear with this checked midaxi dress. It's cut in a classic regular silhouette with a round neck and long blouson sleeves. Ruching at the waist ensures a flattering fit, while the cami underneath offers elegant coverage. This event-ready piece is finished with a neat zip fastening at the back. M&S Collection: easy-to-wear wardrobe staples that combine classic and contemporary styles.","Body - 72% polyester, 28% viscose (exclusive of trimmings), Cami - 100% polyester",,"https://assets.digitalcontent.marksandspencer.app/images/q_auto,f_auto/SD_01_T42_5933_Y4_X_EC_0/Checked-Blouson-Sleeve-Midaxi-Dress",https://www.marksandspencer.com/checked-blouson-sleeve-midaxi-dress/p/clp61230931
P23091341,V-Neck Scarf Detail Midaxi Waisted Dress,SOSANDAR,85,GBP,BROWN,T838357W,"This glamorous Sosandar dress is crafted from silky-smooth fabric with a beautiful drape. It's cut in a figure-defining slim fit, with a stylish waisted design for an elegant silhouette. Long sleeves provide a touch of coverage, while the V-neck adds extra sophistication. An on-trend scarf detail and metal buckle at the waist add luxe finishing touches.","95% polyester, 5% elastane",Slim fit,"https://assets.digitalcontent.marksandspencer.app/images/q_auto,f_auto/MS_10_T83_8357W_N0_X_EC_0/V-Neck-Scarf-Detail-Midaxi-Waisted-Dress",https://www.marksandspencer.com/v-neck-scarf-detail-midaxi-waisted-dress/p/clp23091341
P61225177,Wool Rich Pinstripe Midi Tailored Dress,JAEGER,150,GBP,CHOCOLATE,T976323L,This wool-rich shirt dress by Jaeger offers a tailored design inspired by the classic trench coat. It has a regular fit and a self-tie belt to define the waist. The midi-length hem includes a back split for easy movement. Trench-inspired details include belted cuffs and a classic collar. Wear it with loafers for work or weekends.,"70% wool, 28% polyester and 2% elastane, With belt",regular fit,"https://assets.digitalcontent.marksandspencer.app/images/q_auto,f_auto/SD_09_T97_6323L_SH_X_EC_0/Wool-Rich-Pinstripe-Midi-Tailored-Dress",https://www.marksandspencer.com/wool-rich-pinstripe-midi-tailored-dress/p/clp61225177
P23044681,Mesh Floral Midi Bodycon Dress,SOSANDAR,79,GBP,BLACK MIX,T838458L,"This mesh dress by Sosandar is a flattering choice for special occasions. It's cut to a regular fit, with a bodycon shape that hugs the figure. The ruched front and side create an elegant drape, while the square neck and midi hem offer a sophisticated look. A floral print adds the finishing touch to this long-sleeved piece.","94% polyester, 6% elastane, Lining - 85% polyester, 15% elastane",regular fit,"https://assets.digitalcontent.marksandspencer.app/images/q_auto,f_auto/MS_10_T83_8458L_Y4_X_EC_0/Mesh-Floral-Midi-Bodycon-Dress",https://www.marksandspencer.com/mesh-floral-print-ruched-midi-dress/p/clp23044681
P23079051,Crepe Midi Waisted Dress,Whistles,119.2,GBP,BLUE,T839700U,"This crepe dress from Whistles is a sophisticated and versatile choice for smart occasions. It's made to a regular fit with flattering ruched detail at the waist to create an elegant, waisted silhouette. The round neck design features short cap sleeves for a cool and contemporary look. A flowing midi-length skirt completes the stylish design.","97%, polyester, 3% elastane",Regular fit,"https://assets.digitalcontent.marksandspencer.app/images/q_auto,f_auto/MS_10_T83_9700U_E0_X_EC_0/Crepe-Midi-Waisted-Dress",https://www.marksandspencer.com/crepe-midi-waisted-dress/p/clp23079051
P23049206,Animal Print Bardot Midaxi Dress,Never Fully Dressed,129,GBP,BROWN MIX,T828055A,"Make a statement in this striking dress from Never Fully Dressed. Designed in a regular fit, it features a defined waist and a fitted midaxi-length skirt for a sculpted silhouette. The one-shoulder design has an asymmetric neckline and short batwing sleeves. A bold animal print completes the look.","97% polyester, 3% elastane",Regular fit,"https://assets.digitalcontent.marksandspencer.app/images/q_auto,f_auto/MS_10_T82_8055A_N4_X_EC_0/Animal-Print-Bardot-Midaxi-Dress",https://www.marksandspencer.com/animal-print-bardot-midaxi-dress/p/clp23049206
P23045704,Ponte Jersey V-Neck Midi Waisted Dress,Finery London,59,GBP,BLACK,T838848L,"This elegant dress from Finery London is crafted from ponte jersey for a softly draping silhouette. It's cut in a regular fit, with a figure-flattering waist panel and a feminine v-neck. The long sleeves are gathered at the shoulders for a touch of volume. A midi-length skirt ensures a timeless look.","65% viscose, 31% nylon and 4% elastane",Regular fit,"https://assets.digitalcontent.marksandspencer.app/images/q_auto,f_auto/MS_10_T83_8848L_Y0_X_EC_0/Ponte-Jersey-V-Neck-Midi-Waisted-Dress",https://www.marksandspencer.com/ponte-jersey-v-neck-midi-waisted-dress/p/clp23045704
P61269935,Pinstripe Mini Shift Dress,M&S,30,GBP,BLACK MIX,T429400W,"Everyday outfitting is effortless with this stylish shift dress. It's designed in a regular fit, with a neat round neckline and a playful mini-length hem. This sleeveless design is decorated with pinstripes for a smart look, while a back zip fastening brings a practical finishing touch. M&S Collection: easy-to-wear wardrobe staples that combine classic and contemporary styles.","86% polyester, 13% elastane and 1% viscose (exclusive of trimmings)",regular fit,"https://assets.digitalcontent.marksandspencer.app/images/q_auto,f_auto/SD_01_T42_9400W_Y4_X_EC_0/Pinstripe-Mini-Shift-Dress",https://www.marksandspencer.com/pinstripe-mini-shift-dress/p/clp61269935
P61220358,Jacquard Scoop Neck Midi Slip Dress,Per Una,68,GBP,DARK MOLE,T533852U,Slip into this Per Una midi dress for effortless sophistication. It has a regular fit and a detachable waist belt for flattering shaping. The drapey asymmetric skirt features a striking jacquard design with tufted detailing. Added stretch keeps you comfortable. A scoop neckline adds femininity to the sleeveless bodice. Per Una designs feature feminine flourishes.,"98% polyester, 2% elastane (exclusive of trimmings), Lining - 100% polyester",Regular fit,"https://assets.digitalcontent.marksandspencer.app/images/q_auto,f_auto/SD_01_T53_3852U_UX_X_EC_0/Jacquard-Scoop-Neck-Midi-Slip-Dress",https://www.marksandspencer.com/jacquard-scoop-neck-midi-slip-dress/p/clp61220358
P23096249,Jersey Geometric Print Shirred Midi Dress,Roman,55,GBP,MULTI,T083604S,"Bring a dose of standout style to your wardrobe with this jersey dress from Roman, featuring a colourful geometric print. This statement piece is cut to a flared fit, which falls to an elegant midi length. The shirred bodice creates a flattering, figure-hugging silhouette and is complemented by a timeless round neckline. Long sleeves with elasticated cuffs add the finishing touch.","92% polyester, 8% elastane",Flared,"https://assets.digitalcontent.marksandspencer.app/images/q_auto,f_auto/MS_10_T08_3604S_ZZ_X_EC_0/Jersey-Geometric-Print-Shirred-Midi-Dress",https://www.marksandspencer.com/jersey-geometric-print-shirred-midi-dress/p/clp23096249
P23096172,Leaf Print Midi Wrap Dress,Roman,60,GBP,TAN,T083584S,"With its statement botanical print, this Roman dress is a truly standout piece. The flattering design includes a V-neckline and a wrap-style waist that flows into a skater-style midi skirt. The sleeves end at an elegant mid-length.","93% polyester, 7% elastane",Flared,"https://assets.digitalcontent.marksandspencer.app/images/q_auto,f_auto/MS_10_T08_3584S_VS_X_EC_0/Leaf-Print-Midi-Wrap-Dress",https://www.marksandspencer.com/leaf-print-midi-wrap-dress/p/clp23096172
P23097046,Jersey Ditsy Floral Knee Length Skater Dress,Roman,52,GBP,BLUE,T083736S,"With this ditsy floral dress by Roman, you have the perfect throw-on-and-go piece. It's made from soft jersey fabric in a regular fit with a practical knee length. An empire line and flared skirt create a flattering skater silhouette. It features a simple round neckline and long sleeves with elasticated cuffs.","96% viscose, 4% elastane",Regular fit,"https://assets.digitalcontent.marksandspencer.app/images/q_auto,f_auto/MS_10_T08_3736S_E0_X_EC_0/Jersey-Ditsy-Floral-Knee-Length-Skater-Dress",https://www.marksandspencer.com/jersey-ditsy-floral-knee-length-skater-dress/p/clp23097046
P61270498,Cotton Rich V-Neck Midi Column Dress,M&S,36,GBP,NAVY,T427684J,"This column dress is minimally detailed, so its flattering cut grabs all the attention. It has a classic regular fit, with breezy short sleeves and a chic v-neckline. The cotton-rich fabric makes it a light and breathable option on warmer days. This effortlessly elegant piece is subtly enhanced with seam detailing on the midi skirt. M&S Collection: easy-to-wear wardrobe staples that combine classic and contemporary styles.","79% cotton, 21% polyester (exclusive of trimmings)",Regular fit,"https://assets.digitalcontent.marksandspencer.app/images/q_auto,f_auto/SD_01_T42_7684J_F0_X_EC_0/Cotton-Rich-V-Neck-Midi-Column-Dress",https://www.marksandspencer.com/cotton-rich-v-neck-midi-column-dress/p/clp61270498
P23096199,Jersey Knee Length Swing Dress,Roman,52,GBP,BLACK,T083652S,"Make an impression in this jersey swing dress from Roman. It's cut in a flattering A-line style, with three-quarter sleeves and an elegant knee-length hemline. Two side pockets provide a practical finish.","86% viscose, 10% nylon and 4% elastane",Flared,"https://assets.digitalcontent.marksandspencer.app/images/q_auto,f_auto/MS_10_T08_3652S_Y0_X_EC_0/Jersey-Knee-Length-Swing-Dress",https://www.marksandspencer.com/jersey-knee-length-swing-dress/p/clp23096199
P23047556,One Shoulder Ruched Midi Bodycon Dress,SOSANDAR,75,GBP,BURGUNDY,T839420L,"This Sosandar dress is a sleek choice for your next evening out. It's designed in a figure-defining bodycon silhouette with ruching for a flattering effect. This regular-fit piece has an asymmetric one-shoulder neckline and a split in the midi hem, adding to its elegant appeal. Three-quarter sleeves complete the sophisticated look.","96% polyester, 4% elastane",Regular fit,"https://assets.digitalcontent.marksandspencer.app/images/q_auto,f_auto/MS_10_T83_9420L_XM_X_EC_0/One-Shoulder-Ruched-Midi-Bodycon-Dress",https://www.marksandspencer.com/asymmetric-ruched-midi-dress/p/clp23047556
P23045681,Velvet Animal Print Midi Tea Dress,Finery London,69,GBP,BURGUNDY MIX,T838846L,"This Finery London tea dress is crafted from animal print velvet for a gorgeously luxurious look. It's cut in a regular fit, with a neat round neckline and frilled cuffs on the three-quarter sleeves. At the waist, a gathered seam ensures a flattering silhouette. The ruffled hemline sits at an elegant midi length, while a keyhole and button fastening at the back provides a dainty finishing touch.","92% polyester, 8% elastane",Regular fit,"https://assets.digitalcontent.marksandspencer.app/images/q_auto,f_auto/MS_10_T83_8846L_U8_X_EC_0/Velvet-Animal-Print-Midi-Tea-Dress",https://www.marksandspencer.com/velvet-animal-print-midi-tea-dress/p/clp23045681
P23083469,Leopard Print Midaxi Waisted Dress,Never Fully Dressed,99,GBP,BROWN MIX,T828117B,"Unleash your inner glam with this striking waisted leopard print dress by Never Fully Dressed. It's designed in a fitted shape, from textural plissé fabric. A tie at the waist creates a flattering look. It falls to an elegant midaxi length.","95% polyester, 5% elastane",Fitted,"https://assets.digitalcontent.marksandspencer.app/images/q_auto,f_auto/MS_10_T82_8117B_N4_X_EC_0/Leopard-Print-Midaxi-Waisted-Dress",https://www.marksandspencer.com/leopard-print-midaxi-waisted-dress/p/clp23083469
P23045709,Velvet Frill Sleeve Midi Tea Dress,Finery London,69,GBP,BLACK,T838847L,"This Finery London tea dress is crafted from plush velvet for a luxurious look. It's cut in an effortless regular fit, with a neat crew neckline and a waisted silhouette. A ruffled tier brings extra movement to the elegant midi-length hem. The three-quarter sleeves are gathered at the shoulder for a touch of fullness and are finished with graceful frilled cuffs. A back keyhole and button fastening completes the design.","92% polyester, 8% elastane",Regular fit,"https://assets.digitalcontent.marksandspencer.app/images/q_auto,f_auto/MS_10_T83_8847L_Y0_X_EC_0/Velvet-Frill-Sleeve-Midi-Tea-Dress",https://www.marksandspencer.com/velvet-frill-sleeve-midi-tea-dress/p/clp23045709
P23091426,Deer Print V-Neck Midaxi Skater Dress,Never Fully Dressed,129,GBP,BROWN MIX,T828492B,"With its bold deer print, this dress by Never Fully Dressed makes a statement. It's designed in a fit-and-flare shape for maximum flattery. The midaxi-length skirt is bias cut, creating a drapey finish. Frilled short sleeves and lace detailing on the v-neck add feminine touches.","Main - 100% viscose, Filament lace -100% polyamide",Fitted,"https://assets.digitalcontent.marksandspencer.app/images/q_auto,f_auto/MS_10_T82_8492B_N4_X_EC_0/Deer-Print-V-Neck-Midaxi-Skater-Dress",https://www.marksandspencer.com/deer-print-v-neck-midaxi-skater-dress/p/clp23091426
P61233243,Swirl Check Printed Midi Shirt Dress,JAEGER,125,GBP,COPPER,T976320L,"Bring some statement print to your daywear with this shirt dress by Jaeger. It comes in an easy regular fit, with a detachable thin tie that softly cinches the waist. A collar neckline and long sleeves with buttoned cuffs add polished styling. This piece is complete with a buttoned front, neat piping on the seams and splits at the side for easy movement. Team with your favourite trainers for a dressy-meets-casual look.","87% viscose, 13% polyamide With belt",regular fit,"https://assets.digitalcontent.marksandspencer.app/images/q_auto,f_auto/SD_09_T97_6320L_VA_X_EC_0/Swirl-Check-Printed-Midi-Shirt-Dress",https://www.marksandspencer.com/printed-midi-shirt-dress/p/clp61233243
P23087333,Notch Neck Belted Midi Tailored Dress,River Island,66,GBP,GREEN,T839409V,"A notch neck design defines this belted midi dress by River Island, adding a tailored finish to the silhouette. The fitted belt cinches in the waist for a flattering, defined shape. Designed with a regular fit, it works equally well for the office or smart occasions.",100% polyester,Regular fit,"https://assets.digitalcontent.marksandspencer.app/images/q_auto,f_auto/MS_10_T83_9409V_J0_X_EC_0/Notch-Neck-Belted-Midi-Tailored-Dress",https://www.marksandspencer.com/notch-neck-belted-midi-tailored-dress/p/clp23087333
P61225874,Pure Cotton Denim Midi Column Dress,M&S,45,GBP,DENIM,T429892D,"Easy to dress up or down, this pure cotton denim dress is a versatile addition to your wardrobe. It's designed in a flattering midi length, with a neat crew neckline and a sleeveless bodice. Contoured seam detailing and an asymmetrical waist seam create a feminine shape, while the gently flared skirt brings graceful movement. A back zip fastening ensures a neat finish. M&S Collection: easy-to-wear wardrobe staples that combine classic and contemporary styles.",100% cotton (exclusive of trimmings),loose fit,"https://assets.digitalcontent.marksandspencer.app/images/q_auto,f_auto/SD_01_T42_9892D_HP_X_EC_0/Pure-Cotton-Denim-Midi-Column-Dress",https://www.marksandspencer.com/pure-cotton-denim-midi-column-dress/p/clp61225874
P23045677,Crepe Zip Front Midi Waisted Dress,Finery London,69,GBP,BLACK,T838817L,This crepe dress from Finery London is a versatile piece that can be styled up or down. It's cut in a regular fit with a panel at the waist and underbust seams for a flattering silhouette. A zip fastening at the neckline offers adjustable coverage and creates a modern look. It's complete with a midi-length hem for an elegant finish.,100% polyester,Regular fit,"https://assets.digitalcontent.marksandspencer.app/images/q_auto,f_auto/MS_10_T83_8817L_Y0_X_EC_0/Crepe-Zip-Front-Midi-Waisted-Dress",https://www.marksandspencer.com/crepe-zip-front-midi-waisted-dress/p/clp23045677
P23083471,Leopard Print Maxi Skater Dress,Never Fully Dressed,99,GBP,BROWN MIX,T828118B,Step out in statement style with this striking leopard print maxi dress by Never Fully Dressed. It's cut in a fitted shape from soft stretchy fabric that gently hugs your waist and hips. A pretty lace trim around the hem adds a feminine flourish to the design. It features a neat crew neck and elegant long sleeves.,"Main - 100% polyester, Lace - 100% polyamide, Slip - 95% polyester, 5% elastane",Fitted,"https://assets.digitalcontent.marksandspencer.app/images/q_auto,f_auto/MS_10_T82_8118B_N4_X_EC_0/Leopard-Print-Maxi-Skater-Dress",https://www.marksandspencer.com/leopard-print-maxi-skater-dress/p/clp23083471
P23078066,Tilly Dress in Ioana Shell Print,Never Fully Dressed,129,GBP,BLUE MIX,T829754A,"Splashed with a playful shell print, this one-shouldered Tilly dress by Never Fully Dressed makes an eye-catching outfit. This pull-on piece is cut to a figure-flattering waisted silhouette from plisse fabric that moves with you. The elegant skirt falls from the comfy elasticated waistband to a graceful midaxi length and features a lightly ruffled hem for a final flourish.","97% polyester, 3% elastane",Regular fit,"https://assets.digitalcontent.marksandspencer.app/images/q_auto,f_auto/MS_10_T82_9754A_E4_X_EC_0/Tilly-Dress-in-Ioana-Shell-Print",https://www.marksandspencer.com/plisse-shell-print-midaxi-waisted-dress/p/clp23078066
P23095189,Plisse Tie Waist Smock Maxi Dress,Never Fully Dressed,99,GBP,BLACK MIX,T828586B,"Cut in a smock shape, this plisse dress from Never Fully Dressed has a soft, stretchy texture that moves easily with you. A tie waist belt cinches the silhouette for multi way styling, while long sleeves suit the office or evenings out.","98% polyester, 2% elastane",Relaxed fit,"https://assets.digitalcontent.marksandspencer.app/images/q_auto,f_auto/MS_10_T82_8586B_Y4_X_EC_0/Plisse-Tie-Waist-Smock-Maxi-Dress",https://www.marksandspencer.com/plisse-tie-waist-smock-maxi-dress/p/clp23095189
P23092978,Lace Pleated Midi Dress,Monsoon,160,GBP,GREEN,T838960W,"This elegant dress from Monsoon is sure to impress at occasion after occasion. It's cut to a regular fit with a fitted waist for a flattering shape. The intricate lace bodice is embellished with statement metallic buttons, while a pleated midi skirt offers graceful movement. This piece is complete with a neat keyhole and concealed zip fastening at the back.","Outer - 100% polyester, Lining - 100% polyester",regular fit,"https://assets.digitalcontent.marksandspencer.app/images/q_auto,f_auto/MS_10_T83_8960W_J0_X_EC_0/Lace-Pleated-Midi-Dress",https://www.marksandspencer.com/lace-pleated-midi-dress/p/clp23092978
P23086937,Satin Cowl Neck Midi Skater Dress,Nobody's Child X Louise Thompson,99,GBP,BLACK,T828274B,"This elegant satin dress by Nobody's Child makes a stunning option for formal occasions. It's made in a flattering fit-and-flare silhouette. A midi-length hem complete with a lace trim and thigh-high slit ensures a flowing effect, while a draping cowl neckline completes the sophisticated look.","53% viscose, 47% viscose",Regular fit,"https://assets.digitalcontent.marksandspencer.app/images/q_auto,f_auto/MS_10_T82_8274B_Y0_X_EC_0/Satin-Cowl-Neck-Midi-Skater-Dress",https://www.marksandspencer.com/satin-cowl-neck-midi-skater-dress/p/clp23086937
P23095197,Floral Mesh Crew Neck Maxi Dress,Never Fully Dressed,99,GBP,BLACK MIX,T828582B,"This floral mesh maxi dress from Never Fully Dressed is fully lined for comfortable, opaque coverage. A fitted silhouette and crew neck give it a polished shape that works equally well for the office or evenings out.","Mesh - 95% polyester, 5% elastane, Lining - 95% polyester, 5% elastane",Regular fit,"https://assets.digitalcontent.marksandspencer.app/images/q_auto,f_auto/MS_10_T82_8582B_Y4_X_EC_0/Floral-Mesh-Crew-Neck-Maxi-Dress",https://www.marksandspencer.com/floral-mesh-crew-neck-maxi-dress/p/clp23095197
P23089005,Floral V-Neck Pleated Maxi Waisted Dress,Phase Eight,179,GBP,BLACK MIX,T839745V,"You'll embrace elegant style when you choose this Phase Eight dress. It comes in a regular fit, with a waisted design and short ruffled cap sleeves for a flattering look. The pleated maxi-length skirt features a feminine floral pattern. It has a pretty v-neck that fastens with a subtle back zip.",100% polyester,Regular fit,"https://assets.digitalcontent.marksandspencer.app/images/q_auto,f_auto/MS_10_T83_9745V_Y4_X_EC_0/Floral-V-Neck-Pleated-Maxi-Waisted-Dress",https://www.marksandspencer.com/floral-v-neck-pleated-maxi-waisted-dress/p/clp23089005
P23097549,Embellished V-Neck Maxi Tea Dress,Monsoon,160,GBP,CHOCOLATE,T838422X,"This tea dress by Monsoon is full of elegant detailing. It's crafted to a regular fit with a flattering v-neckline and embroidered with a floral design featuring sequins for a touch of sparkle. The semi-sheer long blouson sleeves offer a romantic look, while the tiered midi-length skirt provides a floaty finish. This piece is lined for a smooth feel.","Shell - 100% polyester, Lining - 100% polyester",Regular fit,"https://assets.digitalcontent.marksandspencer.app/images/q_auto,f_auto/MS_10_T83_8422X_SH_X_EC_0/Embellished-V-Neck-Maxi-Tea-Dress",https://www.marksandspencer.com/embellished-v-neck-maxi-tea-dress/p/clp23097549
P23087196,Floral V-Neck Midi Tea Dress,Nobody's Child,79,GBP,BLACK,T828260B,"This floral tea dress from Nobody's Child is a refined choice for daywear. It's cut in a comfy regular fit, with an underbust seam for flattering shaping and a timeless v-neckline. The long sleeves are gathered at the shoulders and cuffs for a touch of volume, while front button fastenings provide extra polish. The hemline sits at an elegant midi length.",100% viscose,regular fit,"https://assets.digitalcontent.marksandspencer.app/images/q_auto,f_auto/MS_10_T82_8260B_Y0_X_EC_0/Floral-V-Neck-Midi-Tea-Dress",https://www.marksandspencer.com/floral-v-neck-midi-tea-dress/p/clp23087196
P23088907,One Shoulder Draped Midi Bodycon Dress,River Island,49,GBP,BLACK,T839725V,"A sleek bodycon silhouette and an off-the-shoulder shape define this elegant dress from River Island. It's crafted in a regular fit and drapes beautifully over the body. Asymmetrical pleating across the chest offers a distinctive touch, while a wrap-style design complete with a split accentuates the midi-length skirt. The piece fastens with a discreet side zip.","92% polyester, 8% elastane",regular fit,"https://assets.digitalcontent.marksandspencer.app/images/q_auto,f_auto/MS_10_T83_9725V_Y0_X_EC_0/One-Shoulder-Draped-Midi-Bodycon-Dress",https://www.marksandspencer.com/one-shoulder-draped-midi-bodycon-dress/p/clp23088907
P61224219,Watercolour Abstract Midi Shirt Dress,JAEGER,125,GBP,LILAC MIX,T976315K,"Style this long-sleeve shirt-dress from Jaeger with heeled mules for effortless day-to-night wear. The regular-fit style is lined with a slip for beautiful drape and has an optional waist-cinching tie and a flattering midi hem. A collared neckline and button-through front provide classic details, while the abstract print and side splits complete the look.","87% viscose, 13% polyamide, Lining - viscose, With belt",Relaxed fit,"https://assets.digitalcontent.marksandspencer.app/images/q_auto,f_auto/SD_09_T97_6315K_G4_X_EC_0/Watercolour-Abstract-Midi-Shirt-Dress",https://www.marksandspencer.com/printed-tie-waist-midi-shirt-dress/p/clp61224219
P23074149,Polka Dot Midi Dress,Nobody's Child,75,GBP,BLACK,T829460A,This Nobody's Child dress is a striking take on the polka dot print. It's crafted in an effortless silhouette with a floaty bodice that nips in at the waist and a midi-length skirt complete with a feminine side slit.,100% viscose,,"https://assets.digitalcontent.marksandspencer.app/images/q_auto,f_auto/MS_10_T82_9460A_Y0_X_EC_0/Polka-Dot-Midi-Dress",https://www.marksandspencer.com/polka-dot-midi-dress/p/clp23074149
P23093020,Floral Embroidered Mesh Maxi Tea Dress,Monsoon,130,GBP,NAVY MIX,T838945W,"This maxi-length mesh tea dress from Monsoon makes a truly elegant impression. It's crafted in a comfy regular fit, with the wrap front creating a natural v-neck. The showstopping embroidered floral design creates a luxurious effect, with long sleeves and a plissé skirt completing the graceful silhouette.","Outer - 100% polyester, Lining - 100% polyester",regular fit,"https://assets.digitalcontent.marksandspencer.app/images/q_auto,f_auto/MS_10_T83_8945W_F4_X_EC_0/Floral-Embroidered-Mesh-Maxi-Tea-Dress",https://www.marksandspencer.com/floral-embroidered-mesh-maxi-tea-dress/p/clp23093020
P23097638,Faux Suede Midi Pinafore Dress,Monsoon,89,GBP,BROWN,T838426X,Embrace retro-inspired styling for the new season with this sleeveless pinafore dress from Monsoon. It's designed in an easy regular fit from soft faux suede with whipstitch detailing for a decorative touch. The timeless design includes a round neck and a midi-length hem for a flattering silhouette. A back zip adds a neat finish.,"Outer - 95% polyester, 5% elastane",Regular fit,"https://assets.digitalcontent.marksandspencer.app/images/q_auto,f_auto/MS_10_T83_8426X_N0_X_EC_0/Faux-Suede-Midi-Pinafore-Dress",https://www.marksandspencer.com/faux-suede-midi-pinafore-dress/p/clp23097638
P23096143,Cotton Rich Skater Dress,Roman,55,GBP,BLACK,T083572S,Achieve the elegant look with ultimate comfort from this Roman dress. It's made in a flattering fit-and-flare shape with a comfy cotton-rich bodice and a contrast animal print skirt. An asymmetric neckline creates a unique touch. This piece flows to the knee for a versatile look and is framed by sophisticated long sleeves.,"95% cotton, 5% elastane",Regular fit,"https://assets.digitalcontent.marksandspencer.app/images/q_auto,f_auto/MS_10_T08_3572S_Y0_X_EC_0/Cotton-Rich-Skater-Dress",https://www.marksandspencer.com/cotton-rich-animal-print-skater-dress/p/clp23096143
P61225002,Checked Lace Trim Mini Slip Dress,Autograph,70,GBP,BLACK MIX,T503543T,"Turn heads this season in this checked mini slip dress from our Autograph collection. It's cut into a regular fit, with slim, adjustable straps. This eye-catching piece has a contrasting lace trim around the v-neckline and bottom hem for a delicately feminine touch. Autograph: premium investment pieces featuring contemporary cuts and refined finishing touches.","100% viscose, lining - 100% viscose, fabric 2 - 100% silk, lace trim - 100% polyester",,"https://assets.digitalcontent.marksandspencer.app/images/q_auto,f_auto/SD_01_T50_3543T_Y4_X_EC_0/Checked-Lace-Trim-Mini-Slip-Dress",https://www.marksandspencer.com/checked-lace-trim-mini-slip-dress/p/clp61225002
P23083964,Printed V-Neck Midi Tea Dress,Finery London,39,GBP,NAVY MIX,T838759V,"Bring feminine charm to smart-casual days with this printed tea dress by Finery London. It's cut in a regular fit with a flattering V-neckline and a versatile midi length. The short puff sleeves feature pretty ties for a playful effect. This stylish piece is made from crease-free fabric, making it the perfect travelling companion. A side zip closure completes this design.","96% polyester, 4% elastane",Regular fit,"https://assets.digitalcontent.marksandspencer.app/images/q_auto,f_auto/MS_10_T83_8759V_F4_X_EC_0/Printed-V-Neck-Midi-Tea-Dress",https://www.marksandspencer.com/printed-v-neck-midi-tea-dress/p/clp23083964
P23097415,Denim Western Midi Shirt Dress,Joules,79,GBP,BLUE,T838531X,"Western style detailing brings a directional edge to this Joules shirt dress, cut from pure cotton denim for a hardwearing feel. A collared neckline and button fastening give it a classic shirt silhouette. The midi length and long sleeves make it easy to wear across seasons.",100% cotton,Regular fit,"https://assets.digitalcontent.marksandspencer.app/images/q_auto,f_auto/MS_10_T83_8531X_E0_X_EC_0/Denim-Western-Midi-Shirt-Dress",https://www.marksandspencer.com/denim-western-midi-shirt-dress/p/clp23097415
P23085076,Mesh Checked Ruched Midi Column Dress,Whistles,103.2,GBP,PINK MIX,T838957V,"This Whistles midi dress is crafted from checked mesh fabric for a soft, textural effect. It's made in a regular fit, to a column silhouette, with a slash neckline and cap sleeves. Ruching at the sides and waist gives flattering shaping, while the skirt flares out very slightly for easy movement.","92% polyester, 8% elastane",Regular fit,"https://assets.digitalcontent.marksandspencer.app/images/q_auto,f_auto/MS_10_T83_8957V_A4_X_EC_0/Mesh-Checked-Ruched-Midi-Column-Dress",https://www.marksandspencer.com/mesh-checked-ruched-midi-column-dress/p/clp23085076
P23083692,Round Neck Pleated Midi Skater Dress,Monsoon,90,GBP,TEAL,T838683V,"This Monsoon dress is made in a skater design to create a flattering look. It comes in a regular fit, featuring a midi-length skirt with delicate pleats for graceful movement. The long sleeves provide comfort, while decorative buttons at the shoulders and cuffs add sophistication. It's complete with a versatile round neck that has a smart back button fastening.","Top - 95% viscose, 5% elastane, Skirt - 100% polyester",regular fit,"https://assets.digitalcontent.marksandspencer.app/images/q_auto,f_auto/MS_10_T83_8683V_NT_X_EC_0/Round-Neck-Pleated-Midi-Skater-Dress",https://www.marksandspencer.com/round-neck-pleated-midi-skater-dress/p/clp23083692
P23097043,Floral V-Neck Midi Wrap Skater Dress,Roman,55,GBP,BLUE,T083741S,"Embrace a feminine style with this dress from Roman featuring a striking floral print. It's cut to a regular fit with short sleeves and a mock wrap front that creates a v-neckline. A ruched band at the waist and pleats give a fit-and-flare skater shape, the swishy skirt flowing to a midi length.","95% polyester, 5% elastane",Regular fit,"https://assets.digitalcontent.marksandspencer.app/images/q_auto,f_auto/MS_10_T08_3741S_E0_X_EC_0/Floral-V-Neck-Midi-Wrap-Skater-Dress",https://www.marksandspencer.com/floral-v-neck-midi-wrap-skater-dress/p/clp23097043
P23096345,Abstract Floral Midi Wrap Dress,Roman,55,GBP,TAUPE,T083623S,"This Roman wrap dress features an abstract floral print that'll be a real standout in your wardrobe. It's cut in a regular fit, with a flattering V-neckline and an elegant midi-length hem. Three quarter-length sleeves complete the piece.","95% polyester, 5% elastane",Flared,"https://assets.digitalcontent.marksandspencer.app/images/q_auto,f_auto/MS_10_T08_3623S_NP_X_EC_0/Abstract-Floral-Midi-Wrap-Dress",https://www.marksandspencer.com/abstract-floral-midi-wrap-dress/p/clp23096345
P61226986,Jacquard Ruffle Square Neck Midi Waisted Dress,M&S,65,GBP,BLACK,T425141,"This midi, waisted dress brings effortless feminine allure to your sunny-day looks. The regular-fit piece features a sleeveless design and a chic square neckline. Ruffled trims on the bodice add a playful touch, while the all-over jacquard floral pattern enhances the romantic-inspired look. M&S Collection: easy-to-wear wardrobe staples that combine classic and contemporary styles.","53% polyester, 47% polyamide, Lining - 100% polyester",,"https://assets.digitalcontent.marksandspencer.app/images/q_auto,f_auto/SD_01_T42_5141_Y0_X_EC_0/Jacquard-Ruffle-Square-Neck-Midi-Waisted-Dress",https://www.marksandspencer.com/jacquard-ruffle-square-neck-midi-waisted-dress/p/clp61226986
P23072523,Spot Print V-Neck Midi Relaxed Tea Dress,Finery London,49,GBP,RED MIX,T839649Q,"Embrace warmer days in this spot print tea dress by Finery London. It's designed in a relaxed fit with an elasticated waist for a flattering shape. The tiered midi-length hem adds movement, while the frilled short sleeves provide a playful touch. This versatile design is complete with a wrap-style front and an elegant V-neckline.","96% polyester, 4% elastane",Regular fit,"https://assets.digitalcontent.marksandspencer.app/images/q_auto,f_auto/MS_10_T83_9649Q_B4_X_EC_0/Spot-Print-V-Neck-Midi-Relaxed-Tea-Dress",https://www.marksandspencer.com/spot-print-v-neck-midi-relaxed-tea-dress/p/clp23072523
P61271863,Polka Dot V Neck Mini Tea Dress,M&S,36,GBP,BLACK MIX,T425748W,"This mini tea dress from M&S is made with a polka dot print and a v neck that gives it a soft, feminine finish. Long sleeves add coverage for cooler days, and the tea dress shape flatters with its gently gathered fit. Available in petite, regular and tall fits to suit a range of heights. M&S Collection: easy-to-wear wardrobe staples that combine classic and contemporary styles.",100% viscose,Regular fit,"https://assets.digitalcontent.marksandspencer.app/images/q_auto,f_auto/SD_01_T42_5748W_Y4_X_EC_0/Polka-Dot-V-Neck-Mini-Tea-Dress",https://www.marksandspencer.com/polka-dot-v-neck-mini-tea-dress/p/clp61271863
P23086942,Midi Skater Dress,Nobody's Child,79,GBP,BLACK,T828246B,"An elegant shape makes this Nobody's Child dress a stylish choice for smart or casual occasions. It's cut to a figure-skimming fit-and-flare silhouette, with a neat crew neckline and long sleeves. The lengthening midi skirt is gathered for a beautifully draped effect.",100% polyester,Fitted,"https://assets.digitalcontent.marksandspencer.app/images/q_auto,f_auto/MS_10_T82_8246B_Y0_X_EC_0/Midi-Skater-Dress",https://www.marksandspencer.com/midi-skater-dress/p/clp23086942
P23091409,Knitted Button And Chain Detail Midi Dress,SOSANDAR,85,GBP,BURGUNDY,T838340W,"This timeless knitted dress by Sosandar is truly effortless. Its flattering, midi-length design has a fit-and-flare shape, long sleeves and a versatile midi-length skirt. Chain detailing around the crew neckline complements the double row of gold-tone buttons on the bodice for chic detail. It's complete with a keyhole button fastening at the back of the neck.","65% viscose, 35% nylon",Regular fit,"https://assets.digitalcontent.marksandspencer.app/images/q_auto,f_auto/MS_10_T83_8340W_XM_X_EC_0/Knitted-Button-And-Chain-Detail-Midi-Dress",https://www.marksandspencer.com/knitted-button-and-chain-detail-midi-dress/p/clp23091409
P23013629,Crepe Frill Sleeve Mini Dress,Finery London,45,GBP,BLACK,T838256D,"This Finery London mini dress combines elegant smart style with feminine details. It's made from crepe fabric and features a regular fit that sits comfortably on the body. The round neckline creates a classic look, while three-quarter bell sleeves with frilled trims add a delicate touch. A keyhole button fastening at the back provides the perfect finishing detail.","92% polyester, 8% elastane",Regular fit,"https://assets.digitalcontent.marksandspencer.app/images/q_auto,f_auto/MS_10_T83_8256D_Y0_X_EC_0/Crepe-Frill-Sleeve-Mini-Dress",https://www.marksandspencer.com/crepe-frill-sleeve-mini-dress/p/clp23013629
P23081798,Ditsy Floral V-Neck Midi Tea Dress,Nobody's Child,69,GBP,MULTI,T829870A,"Exude effortless femininity with this ditsy floral tea dress by Nobody's Child. It's designed in an easy regular fit, with a flattering v-neckline and neat covered button fastenings on the front. Gentle gathers create subtle volume through the short sleeves. This style falls to an elegant midi length.",100% viscose,,"https://assets.digitalcontent.marksandspencer.app/images/q_auto,f_auto/MS_10_T82_9870A_ZZ_X_EC_0/Ditsy-Floral-V-Neck-Midi-Tea-Dress",https://www.marksandspencer.com/ditsy-floral-v-neck-midi-tea-dress/p/clp23081798
P23095174,Pure Cotton Cord Checked Midi Waisted Dress,Seasalt Cornwall,89.95,GBP,PURPLE MIX,T839536W,"Bring a traditional touch to your wardrobe with this pure cotton corduroy dress from Seasalt Cornwall. This long-sleeved piece has a waisted silhouette, complete with a gently gathered midi-length skirt for a flattering flared design. The bodice features a neat button fastening below the notch neckline. Two slip pockets on the skirt offer a practical touch.","100% cotton, Lining - 100% polyester",Regular fit,"https://assets.digitalcontent.marksandspencer.app/images/q_auto,f_auto/MS_10_T83_9536W_D4_X_EC_0/Pure-Cotton-Cord-Checked-Midi-Waisted-Dress",https://www.marksandspencer.com/pure-cotton-cord-checked-midi-waisted-dress/p/clp23095174
P23064256,Textured Knee Length Tailored Dress,SOSANDAR,75,GBP,NAVY MIX,T839049N,"This textured dress from Sosandar is a sophisticated choice for special occasions. It's designed with a smart, knee-length fit-and-flare shape, that features a gold-buttoned panel providing a lengthening effect. A crew neck and short slightly puffed sleeves complete the feminine look. This piece fastens discreetly via a concealed back zip.","100% polyester, Lining - 100% polyester",Regular fit,"https://assets.digitalcontent.marksandspencer.app/images/q_auto,f_auto/MS_10_T83_9049N_F4_X_EC_0/Textured-Knee-Length-Tailored-Dress",https://www.marksandspencer.com/textured-knee-length-tailored-dress/p/clp23064256
P23088598,Pure Cotton Polka Dot Pleated Midi Dress,White Stuff,120,GBP,NAVY MIX,T839687V,Step out in style in this polka dot dress by White Stuff. It's made in a regular fit from breathable pure cotton and features an elegant v-neckline framed by puffed long sleeves. The midi skirt is pleated for a full shape. Practical pockets complete the design.,100% cotton,regular fit,"https://assets.digitalcontent.marksandspencer.app/images/q_auto,f_auto/MS_10_T83_9687V_F4_X_EC_0/Pure-Cotton-Polka-Dot-Pleated-Midi-Dress",https://www.marksandspencer.com/pure-cotton-polka-dot-pleated-midi-dress/p/clp23088598
P23099738,Cosy Jumper Dress,River Island,42,GBP,BLACK,T839202X,"This jumper dress from River Island is made from pure cotton to give a soft, everyday feel. It has a regular, relaxed fit that layers easily with tights or trainers. The cosy knit design makes it an easy throw on option for cooler days.","38% acrylic, 2% elastane and 52% polyester",Regular fit,"https://assets.digitalcontent.marksandspencer.app/images/q_auto,f_auto/MS_10_T83_9202X_Y0_X_EC_0/Cosy-Jumper-Dress",https://www.marksandspencer.com/pure-cotton-jumper-dress/p/clp23099738
P23040843,Mesh Animal Print Ruched Midi Dress,SOSANDAR,75,GBP,GREY MIX,T839330J,"Step out in statement-making style with this leopard print dress from Sosandar. It's designed in a regular fit, with a figure-flattering ruched waist and a swishy midi-length hem. A round neck provides a timeless look, while sheer long sleeves offer a feminine finish. Team it with strappy high heels or playful ankle boots and watch the compliments flow.","82% polyester, 18% elastane, Lining - 83% polyester, 17% elastane",regular fit,"https://assets.digitalcontent.marksandspencer.app/images/q_auto,f_auto/MS_10_T83_9330J_T4_X_EC_0/Mesh-Animal-Print-Ruched-Midi-Dress",https://www.marksandspencer.com/leopard-print-ruched-midi-dress/p/clp23040843
P23097150,Cowl Neck Belted Midi Waisted Dress,Phase Eight,149,GBP,TEAL,T838258X,"For elegant evening occasions, choose this graceful midi dress by Phase Eight. It's designed in an easy regular fit and features a dramatic asymmetric hem for a show-stopping effect. A slim belt at the waistline creates an ultra-flattering silhouette. The cowl neckline gives the sleeveless style an effortlessly sophisticated finish.",100% polyester,Regular fit,"https://assets.digitalcontent.marksandspencer.app/images/q_auto,f_auto/MS_10_T83_8258X_NT_X_EC_0/Cowl-Neck-Belted-Midi-Waisted-Dress",https://www.marksandspencer.com/cowl-neck-belted-midi-waisted-dress/p/clp23097150
P23074169,Textured Round Neck Midi Bodycon Dress,Nobody's Child,69,GBP,BROWN,T829459A,"This bodycon dress from Nobody's Child is a sophisticated choice for daywear. It's made in a timeless regular fit, with short sleeves for light coverage and a neat round neckline. A crinkled stripe texture in the fabric creates subtle detail that's complemented by a diagonal seam across the front. The hemline sits at a flowing midi length.","96% polyester, 4% elastane",Regular fit,"https://assets.digitalcontent.marksandspencer.app/images/q_auto,f_auto/MS_10_T82_9459A_N0_X_EC_0/Textured-Round-Neck-Midi-Bodycon-Dress",https://www.marksandspencer.com/textured-round-neck-midi-bodycon-dress/p/clp23074169
P23097435,Check Short Shirt Dress,Joules,69,GBP,BROWN MIX,T838528X,"This shirt dress from Joules is cut in a heritage inspired check pattern with a relaxed A Line fit that skims the body comfortably. A half button placket and collared neck give it the structure of a classic shirt, while side pockets add practical storage for a day out. Long cuffed sleeves complete the look, making it easy to dress up with boots or keep casual with trainers.","65% polyester, 33% viscose and 2% elastane",Relaxed fit,"https://assets.digitalcontent.marksandspencer.app/images/q_auto,f_auto/MS_10_T83_8528X_N4_X_EC_0/Check-Short-Shirt-Dress",https://www.marksandspencer.com/check-short-shirt-dress/p/clp23097435
P23097259,Knitted Colour Block Funnel Neck Midi Dress,Phase Eight,129,GBP,BLACK MIX,T838327X,Strike a balance between style and comfort in this knitted midi dress by Phase Eight. It's cut to a flattering regular fit with a cosy funnel neck and slim long sleeves. A fit-and-flare shape brings a feminine feel to the piece while the colour block design gives the illusion of a wrap waist.,"56% viscose, 25% polyester and 19% polyamide",Regular fit,"https://assets.digitalcontent.marksandspencer.app/images/q_auto,f_auto/MS_10_T83_8327X_Y4_X_EC_0/Knitted-Colour-Block-Funnel-Neck-Midi-Dress",https://www.marksandspencer.com/knitted-colour-block-funnel-neck-midi-dress/p/clp23097259
P23085243,Floral V-Neck Midi Skater Dress,BAUKJEN,199,GBP,BLUE,T838968V,This elegant dress from Baukjen is the perfect piece to take you effortlessly from work to weekends. It's cut to a flattering fit-and-flare shape with a feminine v-neckline and gently puffed short sleeves. This elevated staple fastens with a discreet zip at the back and has a versatile midi-length skirt.,100% viscose,Regular fit,"https://assets.digitalcontent.marksandspencer.app/images/q_auto,f_auto/MS_10_T83_8968V_E0_X_EC_0/Floral-V-Neck-Midi-Skater-Dress",https://www.marksandspencer.com/floral-v-neck-midi-skater-dress/p/clp23085243
P23082510,Wool Rich Mini Skater Dress with Cashmere,Chinti & Parker,145,GBP,CHOCOLATE,T829881A,"Opt for effortless style with this wool-rich mini dress from Chinti & Parker, knitted with cashmere for a luxurious feel. It's designed in an easy relaxed fit with a flattering skater silhouette that's elevated by a crew neck and three-quarter sleeves. Rib-knit trims add a smart finishing touch.","90% wool, 10%cashmere",Relaxed fit,"https://assets.digitalcontent.marksandspencer.app/images/q_auto,f_auto/MS_10_T82_9881A_SH_X_EC_0/Wool-Rich-Mini-Skater-Dress-with-Cashmere",https://www.marksandspencer.com/wool-rich-mini-skater-dress-with-cashmere/p/clp23082510
P23083467,Printed Midaxi Waisted Dress,Never Fully Dressed,99,GBP,CREAM MIX,T828115B,"Create a standout look full of texture and movement with this bold midaxi dress from Never Fully Dressed. It has a striking fitted shape, featuring a crew neck and floaty short sleeves. A waisted silhouette and tie detail accentuate your figure, while an eye-catching collage of patchwork prints brings everything together.","97% polyester, 3% elastane",Fitted,"https://assets.digitalcontent.marksandspencer.app/images/q_auto,f_auto/MS_10_T82_8115B_K4_X_EC_0/Printed-Midaxi-Waisted-Dress",https://www.marksandspencer.com/printed-midaxi-waisted-dress/p/clp23083467
P61227274,Wool Blend Midi Column Dress,JAEGER,125,GBP,BLACK,T976324L,This sleeveless Jaeger dress is made from a soft wool blend and drapes neatly over your figure. It's designed with a classic column shape and a flattering midi length. A round neckline and two front patch pockets keep the style simple. Pair with a crisp turtleneck underneath and loafers.,"50% polyester, 30% wool and 20% lyocell (exclusive of trimmings)",Regular fit,"https://assets.digitalcontent.marksandspencer.app/images/q_auto,f_auto/SD_09_T97_6324L_Y0_X_EC_0/Wool-Blend-Midi-Column-Dress",https://www.marksandspencer.com/wool-blend-midi-column-dress/p/clp61227274
P23045670,Jersey Zip Neck Knee Length Shirt Dress,Finery London,49,GBP,BLACK,T838822L,"This Finery London shirt-style dress is crafted from ponte jersey fabric for a luxuriously soft feel. It's cut in a comfy regular fit, with a striking zip at the collared neckline. The hemline sits at the knee for a flattering look.","65% viscose, 31% nylon and 4% elastane",Regular fit,"https://assets.digitalcontent.marksandspencer.app/images/q_auto,f_auto/MS_10_T83_8822L_Y0_X_EC_0/Jersey-Zip-Neck-Knee-Length-Shirt-Dress",https://www.marksandspencer.com/jersey-zip-neck-knee-length-shirt-dress/p/clp23045670
P60778517,Pure Cotton Pleated Midi Waisted Tea Dress,M&S,46,GBP,BLACK,T428929W,"Soft pleats and pretty puffed sleeves lend a romantic appeal to this pure-cotton tea dress. It's cut to an easy relaxed fit, with gentle gathers at the waist to add shaping. The graceful midi-length skirt creates an elegant drape, while the stylish tie at the scooped neckline creates ruched detailing. Three tonal buttons on the front complete this versatile design. M&S Collection: easy-to-wear wardrobe staples that combine classic and contemporary styles.",100% cotton (exclusive of trimmings),Relaxed fit,"https://assets.digitalcontent.marksandspencer.app/images/q_auto,f_auto/SD_01_T42_8929W_Y0_X_EC_0/Pure-Cotton-Pleated-Midi-Waisted-Tea-Dress",https://www.marksandspencer.com/pure-cotton-pleated-midi-waisted-tea-dress/p/clp60778517
P23096360,Stretch Jersey Paisley Print Midi Dress,Roman,52,GBP,KHAKI MIX,T083627S,"Indulge in the charm of paisley with this stretch jersey dress from Roman. This casual piece is cut to a flared fit, featuring a gathered waist that highlights the flattering skater silhouette. It has a timeless round neck and comfy three-quarter sleeves. The gently flowing skirt falls to a midi length.","96% viscose, 4% elastane",Flared,"https://assets.digitalcontent.marksandspencer.app/images/q_auto,f_auto/MS_10_T08_3627S_KA_X_EC_0/Stretch-Jersey-Paisley-Print-Midi-Dress",https://www.marksandspencer.com/stretch-jersey-paisley-print-midi-dress/p/clp23096360
P23092346,Denim Leopard Print Seam Front Mini Shirt Dress,River Island,59,GBP,BROWN MIX,T838779W,Bring a statement look to casual outings with this leopard print shirt dress from River Island. The mini-length piece is designed in a comfortable fit-and-flare silhouette with a smart collared neck. Sparkling buttons down the front add a glamorous finishing touch.,100% cotton,Flared,"https://assets.digitalcontent.marksandspencer.app/images/q_auto,f_auto/MS_10_T83_8779W_N4_X_EC_0/Denim-Leopard-Print-Seam-Front-Mini-Shirt-Dress",https://www.marksandspencer.com/denim-leopard-print-seam-front-mini-shirt-dress/p/clp23092346
P23098614,Pure Cotton V Neck Midi Tea Dress,White Stuff,89,GBP,DARK GREEN,T838796X,"Cut from pure cotton, this tea dress from White Stuff offers a soft, breathable feel. It's finished with a V neck and 3/4 length sleeves, falling to a midi length in a regular fit. Hook and eye fastening at the back makes it easy to put on.",100% cotton,Regular fit,"https://assets.digitalcontent.marksandspencer.app/images/q_auto,f_auto/MS_10_T83_8796X_J3_X_EC_0/Pure-Cotton-V-Neck-Midi-Tea-Dress",https://www.marksandspencer.com/pure-cotton-v-neck-midi-tea-dress/p/clp23098614
P23097578,Cotton Round Neck Zip Dress,Monsoon,90,GBP,DARK BLUE,T838613X,"This dress from Monsoon is made from pure cotton and finished with a round neck for a clean, simple silhouette. Button fastenings run down the front, and long sleeves complete the regular fit design. The midi length and plain fabric make it a versatile choice for the working week.",Outer: 100% cotton,Regular fit,"https://assets.digitalcontent.marksandspencer.app/images/q_auto,f_auto/MS_10_T83_8613X_E3_X_EC_0/Cotton-Round-Neck-Zip-Dress",https://www.marksandspencer.com/cotton-round-neck-zip-dress/p/clp23097578
P23067333,Jersey Midi Skater Dress,Ted Baker,139,GBP,RED,T189679A,This Ted Baker sleeveless dress is perfect for effortless dressing. It's crafted in a regular fit from soft jersey that provides plenty of comfort. The elegant fit-and-flare style creates a streamlined silhouette. An asymmetric neckline gives this midi design a standout look.,"66% viscose, 29% polyamide and 5% elastane",,"https://assets.digitalcontent.marksandspencer.app/images/q_auto,f_auto/MS_10_T18_9679A_B0_X_EC_0/Jersey-Midi-Skater-Dress",https://www.marksandspencer.com/jersey-midi-skater-dress/p/clp23067333
P61233870,Air-Yarn Pocket Mini Knitted Dress,M&S,38,GBP,MID GREY MARL,T388318,"This mini dress, from M&S, is knitted from soft Air-Yarn for a lightweight, easy to wear layer. A flattering V neckline and slim fit give it a polished shape, while handy front pockets add everyday practicality. Team it with boots for an effortless finished look. M&S Collection: easy-to-wear wardrobe staples that combine classic and contemporary styles.","51% p4-polyester, 41% a2-acrylic, 5% w1-wool, 3% e1-elastane",slim fit,"https://assets.digitalcontent.marksandspencer.app/images/q_auto,f_auto/SD_01_T38_8318_QJ_X_EC_0/Air-Yarn-Pocket-Mini-Knitted-Dress",https://www.marksandspencer.com/air-yarn-pocket-mini-knitted-dress/p/clp61233870
P23096397,Abstract Print Midi Skater Dress,Roman,55,GBP,BLACK,T083643S,"Make a statement with this 2-in-1 midi dress from Roman. The flattering fit-and-flare design pairs a plain top with a contrasting mesh skirt, finished with an abstract print and tiered hem. A round neckline and long sleeves complete this feminine style. Pockets at the hips add a practical touch.","95% polyester, 5% elastane",Flared,"https://assets.digitalcontent.marksandspencer.app/images/q_auto,f_auto/MS_10_T08_3643S_Y0_X_EC_0/Abstract-Print-Midi-Skater-Dress",https://www.marksandspencer.com/abstract-print-midi-skater-dress/p/clp23096397
P23029614,Denim Button Through Midi Tiered Dress,Finery London,59,GBP,BLUE,T839359M,"Crafted from pure cotton denim, this dress from Finery London is a modern take on a timeless style. It's cut in a regular fit with a flattering v-neckline and a button-through front. The short puff sleeves and tiered midi-length skirt add a feminine feel to the design.",100% cotton,Regular fit,"https://assets.digitalcontent.marksandspencer.app/images/q_auto,f_auto/MS_10_T83_9359M_E0_X_EC_0/Denim-Button-Through-Midi-Tiered-Dress",https://www.marksandspencer.com/denim-button-through-midi-tiered-dress/p/clp23029614
P23096211,Animal Print Twist Front Midi Skater Dress,Roman,70,GBP,NATURAL MIX,T083595S,"Introduce standout style to your dress collection with this animal print piece by Roman. It's cut in a fit-and-flare skater shape that softly skims the body and is lined for comfort. The design features long blouson sleeves, plus a playful v-neckline, which is enhanced by a twist front for added shaping. A midi-length skirt delivers a swishy feel and is finished with an asymmetrical handkerchief hem.","99% polyester, 1% metalised fibre",Flared,"https://assets.digitalcontent.marksandspencer.app/images/q_auto,f_auto/MS_10_T08_3595S_V4_X_EC_0/Animal-Print-Twist-Front-Midi-Skater-Dress",https://www.marksandspencer.com/animal-print-twist-front-midi-skater-dress/p/clp23096211
P23086926,Checked Mini Skater Dress,Nobody's Child,69,GBP,BROWN,T828237B,"This Nobody’s Child mini dress features a statement checked design to brighten up your day. It has a regular fit, with a swishy fit-and-flare shape and slim long sleeves providing a flattering look. A covered button fastens at the back of the neck above an elegant keyhole opening.","95% polyester, 5% elastane",regular fit,"https://assets.digitalcontent.marksandspencer.app/images/q_auto,f_auto/MS_10_T82_8237B_N0_X_EC_0/Checked-Mini-Skater-Dress",https://www.marksandspencer.com/checked-mini-skater-dress/p/clp23086926
P23047547,Knitted Belted Midi Column Dress,SOSANDAR,85,GBP,BURGUNDY,T839411L,"This Sosandar dress is knitted for a gorgeously soft feel. It's made in a flattering column silhouette, with a tie belt to cinch the waist. Gold-tone buttons add a premium finish to this midi-length style.","70% viscose, 30% nylon",Regular fit,"https://assets.digitalcontent.marksandspencer.app/images/q_auto,f_auto/MS_10_T83_9411L_XM_X_EC_0/Knitted-Belted-Midi-Column-Dress",https://www.marksandspencer.com/belted-knitted-midi-dress/p/clp23047547
P23077394,Lyocell Blend V-Neck Midi Tea Dress,Whistles,151.2,GBP,NAVY,T838865U,"Exude effortless sophistication in this lyocell-blend satin midi dress by Whistles. It's made in a regular fit from fabric with a jacquard effect for additional glamour. A flattering lace-trimmed v-neck adds to its appeal, while short puff sleeves ensure a feminine feel.","50% Lyocell, 50%, Viscose.",Regular fit,"https://assets.digitalcontent.marksandspencer.app/images/q_auto,f_auto/MS_10_T83_8865U_F0_X_EC_0/Lyocell-Blend-V-Neck-Midi-Tea-Dress",https://www.marksandspencer.com/lyocell-blend-v-neck-midi-tea-dress/p/clp23077394
P23095508,Denim Button Up Mini Swing Dress,River Island,56,GBP,BROWN,T839753W,"A denim mini dress with a swing silhouette, from River Island, made entirely from pure cotton for a durable, everyday feel. Long sleeves and a full row of buttons down the front make it easy to dress up or down, while the unlined construction keeps things lightweight. The regular fit skims the body for comfortable, all day wear.",100% cotton,Regular fit,"https://assets.digitalcontent.marksandspencer.app/images/q_auto,f_auto/MS_10_T83_9753W_N0_X_EC_0/Denim-Button-Up-Mini-Swing-Dress",https://www.marksandspencer.com/denim-button-up-mini-swing-dress/p/clp23095508
P23096385,Animal Print Midi Skater Dress,Roman,55,GBP,BEIGE,T083638S,"This 2-in-1 midi dress by Roman brings effortless appeal with its stylish mixed-media design. The fit-and-flare shape combines a plain top with a floaty animal print skirt, finished with a tiered hem. Long sleeves and a round neck complete the look, while pockets add practical convenience.",100% polyester,Flared,"https://assets.digitalcontent.marksandspencer.app/images/q_auto,f_auto/MS_10_T08_3638S_L0_X_EC_0/Animal-Print-Midi-Skater-Dress",https://www.marksandspencer.com/animal-print-midi-skater-dress/p/clp23096385
P23057537,Metallic Fleck Print Twist Front Midi Dress,SOSANDAR,85,GBP,PINK MIX,T839799M,"With its metallic flecked print, this Sosandar dress is a playful choice for special occasions. It has a regular fit, with a feminine v-neckline and a twist front for a cinched silhouette. The short sleeves are gathered at the shoulders for a touch of volume, while a split in the hemline brings swishy movement to the midi-length skirt. A full lining ensures comfort and coverage.","93% viscose, 7% metallised fibre, Lining - 100% polyester",regular fit,"https://assets.digitalcontent.marksandspencer.app/images/q_auto,f_auto/MS_10_T83_9799M_A4_X_EC_0/Metallic-Fleck-Print-Twist-Front-Midi-Dress",https://www.marksandspencer.com/metallic-fleck-print-twist-front-midi-dress/p/clp23057537
P23097044,Geometric Round Neck Midi Skater Dress,Roman,52,GBP,GREEN,T083740S,"This striking geometric dress by Roman is stylish and effortless in equal measure. It's designed in a regular fit with a round neckline, 3/4 sleeves and a fit-and-flare skater silhouette. The skirt falls from gathers at the elasticated waist to a versatile midi length. Stretch in the fabric ensures this pull-on piece is extra comfy to wear.","96% viscose, 4% elastane",Regular fit,"https://assets.digitalcontent.marksandspencer.app/images/q_auto,f_auto/MS_10_T08_3740S_J0_X_EC_0/Geometric-Round-Neck-Midi-Skater-Dress",https://www.marksandspencer.com/geometric-round-neck-midi-skater-dress/p/clp23097044
P61224637,Lyocell Rich Satin Draped Midaxi Cami Dress,Autograph,100,GBP,BLACK,T503540T,Fall for the elegant appeal of this rich lyocell-blend satin slip dress from our Autograph collection. It's designed in a regular fit and drapes effortlessly into a sleek midaxi-length skirt. Draped detailing brings graceful movement to the simple piece. Narrow straps and a square neckline create a clean finish. Autograph: premium investment pieces featuring contemporary cuts and refined finishing touches.,"34% polyester, 66% lyocell (exclusive of trimmings), Lining - 100% polyester",regular fit,"https://assets.digitalcontent.marksandspencer.app/images/q_auto,f_auto/SD_01_T50_3540T_Y0_X_EC_0/Lyocell-Rich-Satin-Draped-Midaxi-Cami-Dress",https://www.marksandspencer.com/lyocell-rich-satin-draped-midaxi-cami-dress/p/clp61224637
P23098701,Wool Rich Funnel Neck Jumper Dress with Cashmere,Chinti & Parker,165,GBP,BLACK,T828692B,"This jumper dress from Chinti & Parker combines a funnel neckline with a flattering silhouette and a button placket at the front. Crafted from a wool rich blend with cashmere, it offers a soft, warm feel suited to cooler weather. The regular fit sits true to size and falls to a maxi length, creating a complete outfit in a single piece. It works well layered with boots or worn alone for an easy, put together look.","90% wool, 10% cashmere",Regular fit,"https://assets.digitalcontent.marksandspencer.app/images/q_auto,f_auto/MS_10_T82_8692B_Y0_X_EC_0/Wool-Rich-Funnel-Neck-Jumper-Dress-with-Cashmere",https://www.marksandspencer.com/wool-rich-funnel-neck-jumper-dress-with-cashmere/p/clp23098701
P23096145,Printed Knee Length Skater Dress,Roman,60,GBP,BLACK,T083574S,"Smart style becomes a cosy choice with this fit-and-flare dress from Roman. It's made to a figure-flattering knee-length cut and features a mock belt detail at the waist. A print incorporating stripes and paisley adds a colourful touch to the body, while the round neck and long sleeves ensure a neat look.","50% viscose, 28% polyester and 22% polyamide",Flared,"https://assets.digitalcontent.marksandspencer.app/images/q_auto,f_auto/MS_10_T08_3574S_Y0_X_EC_0/Printed-Knee-Length-Skater-Dress",https://www.marksandspencer.com/printed-knee-length-skater-dress/p/clp23096145
P23096257,Floral Border Print V-Neck Midi Skater Dress,Roman,52,GBP,NATURAL MIX,T083606S,"Welcome floral elegance into your wardrobe with this skater dress from Roman. It's cut to a comfy flared fit, with a border highlighting the neat v-neckline and waist. The hemline falls to a graceful midi length, while the long blouson sleeves are gathered into elasticated cuffs for a touch of volume.","92% polyester, 8% elastane",Flared,"https://assets.digitalcontent.marksandspencer.app/images/q_auto,f_auto/MS_10_T08_3606S_V4_X_EC_0/Floral-Border-Print-V-Neck-Midi-Skater-Dress",https://www.marksandspencer.com/floral-border-print-v-neck-midi-skater-dress/p/clp23096257
P23096269,Animal Print Knee Length Knitted Dress,Roman,52,GBP,RED,T083608S,Find your new wardrobe favourite with this cosy knitted dress by Roman Originals. It's designed in a regular fit with an elegant flared shape that falls to a flattering knee length. The draped funnel neckline and curved hem give it a modern look. This style is complete with a patchwork pocket for a reversible pop of colour.,"95% polyester, 5%elastane",Flared,"https://assets.digitalcontent.marksandspencer.app/images/q_auto,f_auto/MS_10_T08_3608S_B0_X_EC_0/Animal-Print-Knee-Length-Knitted-Dress",https://www.marksandspencer.com/animal-print-knee-length-knitted-dress/p/clp23096269
P23097635,Printed Zip Front Tea Dress,Monsoon,150,GBP,NAVY MIX,T838609X,"This Monsoon tea dress is designed with a jacquard style print, suited to wedding guest dressing. A fully lined construction gives structure and comfort, while the V neck and long sleeves add a flattering finish. Fastened with a concealed zip and cut in a midi length, it moves easily from ceremony to reception.","Lining - 100% polyester, Shell - 73% viscose, 27% polyamide",Regular fit,"https://assets.digitalcontent.marksandspencer.app/images/q_auto,f_auto/MS_10_T83_8609X_F4_X_EC_0/Printed-Zip-Front-Tea-Dress",https://www.marksandspencer.com/printed-zip-front-tea-dress/p/clp23097635
P23083705,Lace Embroidered Floral Midaxi Shirt Dress,Monsoon,160,GBP,NAVY,T838697V,Exude elegance in this peplum shirt dress by Monsoon. It's crafted in a regular fit from embroidered floral lace to create an eye-catching look. The short sleeves and midaxi hem have a scalloped design for additional appeal. It's finished with a smart collar that leads to a decorative button placket.,Outer - 100% polyester,Regular fit,"https://assets.digitalcontent.marksandspencer.app/images/q_auto,f_auto/MS_10_T83_8697V_F0_X_EC_0/Lace-Embroidered-Floral-Midaxi-Shirt-Dress",https://www.marksandspencer.com/lace-embroidered-floral-midaxi-shirt-dress/p/clp23083705
P23096369,Petite Knitted Pintuck Knee Length Shift Dress,Roman,48,GBP,GREY,T083631S,"Create a chic cold-weather look with this knitted dress from Roman. Designed to flatter, this shift style falls in a straight line through the bodice to a knee-length hem. A pintuck detail down the front provides a neat finishing touch.","74% acrylic, 23% polyester and 3% elastane",Flared,"https://assets.digitalcontent.marksandspencer.app/images/q_auto,f_auto/MS_10_T08_3631S_T0_X_EC_0/Petite-Knitted-Pintuck-Knee-Length-Shift-Dress",https://www.marksandspencer.com/knitted-pintuck-knee-length-shift-dress/p/clp23096369
P23049526,Ponte Jersey Knee Length Skater Dress,Finery London,59,GBP,BLACK,T838227M,"This ponte jersey dress from Finery London is a versatile addition to your capsule wardrobe. It's cut in a timeless regular fit, with a flattering skater silhouette. The long sleeves are gathered at the shoulders for a touch of volume, while a keyhole button at the back of the round neck adds feminine detail. The hemline falls to a wear-anywhere knee length.","65% viscose, 31% nylon and 4% elastane",Regular fit,"https://assets.digitalcontent.marksandspencer.app/images/q_auto,f_auto/MS_10_T83_8227M_Y0_X_EC_0/Ponte-Jersey-Knee-Length-Skater-Dress",https://www.marksandspencer.com/ponte-jersey-knee-length-skater-dress/p/clp23049526
P23097567,Printed Fit And Flare Midi Dress,Monsoon,99,GBP,BLACK MIX,T838606X,"This fit and flare dress, from Monsoon, brings a printed design to the workwear wardrobe. Long sleeves and a flattering V neck balance the flowing, softly draped fabric for all day comfort. Finished in a midi length with a regular fit, it transitions smoothly from desk to evening plans.","Outer - 50% polyester, 50% viscose",Regular fit,"https://assets.digitalcontent.marksandspencer.app/images/q_auto,f_auto/MS_10_T83_8606X_Y4_X_EC_0/Printed-Fit-And-Flare-Midi-Dress",https://www.marksandspencer.com/printed-fit-and-flare-midi-dress/p/clp23097567
P23082509,Wool Rich Polo Dress With Cashmere,Chinti & Parker,165,GBP,CHOCOLATE,T829880A,"This wool-rich dress from Chinti & Parker is knitted with cashmere for effortless everyday luxury. It comes in an easy regular fit, with sleek long sleeves and a button-fastening polo collar. The A-line design creates a flowing fit-and-flare silhouette that's ultra flattering.","90% wool, 10%cashmere",Regular fit,"https://assets.digitalcontent.marksandspencer.app/images/q_auto,f_auto/MS_10_T82_9880A_SH_X_EC_0/Wool-Rich-Polo-Dress-With-Cashmere",https://www.marksandspencer.com/wool-rich-polo-dress-with-cashmere/p/clp23082509
P23098589,Reese Cotton Rich Button Through Midi Tea Dress,White Stuff,75,GBP,BLACK,T838797X,"Knitted from a cotton rich fabric, this tea dress by White Stuff feels comfortable to wear throughout the day. It buttons all the way through the front for easy dressing, with long sleeves and a V neck completing the shape. The midi length sits in a regular fit that skims the body.","58% cotton, 38% polyester and 4% elastane",Regular fit,"https://assets.digitalcontent.marksandspencer.app/images/q_auto,f_auto/MS_10_T83_8797X_Y0_X_EC_0/Reese-Cotton-Rich-Button-Through-Midi-Tea-Dress",https://www.marksandspencer.com/cotton-rich-v-neck-button-through-midi-tea-dress/p/clp23098589
P23095164,Cotton Rich Printed Midi Waisted Dress,Seasalt Cornwall,69.95,GBP,NAVY MIX,T839551W,"This Seasalt Cornwall shirt dress is made from a cotton-modal jersey that's soft to the touch and moves with you. It's waisted, with an elegant, structured bodice that features a neat collar and button placket, plus three-quarter sleeves. The skirt falls to a versatile midi length, with a gentle A-line shape creating an easy fit. A signature brand print completes the design.","60% cotton, 40% modal",Regular fit,"https://assets.digitalcontent.marksandspencer.app/images/q_auto,f_auto/MS_10_T83_9551W_F4_X_EC_0/Cotton-Rich-Printed-Midi-Waisted-Dress",https://www.marksandspencer.com/cotton-rich-printed-midi-waisted-dress/p/clp23095164
P23092832,Printed V-Neck Tie Waist Mini Skater Dress,HOBBS,139,GBP,BLACK MIX,T838825W,"This sophisticated mini dress from Hobbs brings a playful feel to weekday looks with a statement geometric print. It's cut to a flattering regular fit from lightweight woven fabric and features a belted waist to create a fit-and-flare silhouette. The subtle stand-up collar and V-neckline along with cuffed long sleeves, complete the design with a timelessly formal feel.",100% viscose,Regular fit,"https://assets.digitalcontent.marksandspencer.app/images/q_auto,f_auto/MS_10_T83_8825W_Y4_X_EC_0/Printed-V-Neck-Tie-Waist-Mini-Skater-Dress",https://www.marksandspencer.com/printed-v-neck-tie-waist-mini-skater-dress/p/clp23092832
P23092957,Chiffon Paisley Ruffle Midi Tea Dress,Finery London,69,GBP,BLACK MIX,T838915W,"With its bohemian-inspired paisley motif and floaty chiffon fabric, this Finery London tea dress makes a stylish statement. It's crafted in an easy regular fit, with a feminine v-neckline, an empire waistline and a midi-length skirt that create a flattering silhouette. Long blouson sleeves with ruffled cuffs complete the romantic look.",100% polyester,Regular fit,"https://assets.digitalcontent.marksandspencer.app/images/q_auto,f_auto/MS_10_T83_8915W_Y4_X_EC_0/Chiffon-Paisley-Ruffle-Midi-Tea-Dress",https://www.marksandspencer.com/chiffon-paisley-ruffle-midi-tea-dress/p/clp23092957
P23095966,Cotton Rich Zip Up Midaxi Sweater Dress,Live Unlimited London,99,GBP,BLACK/BLACK,T838014X,"A half zip fastening at the neckline gives this knitted dress from Live Unlimited London an easy, versatile fit. Long sleeves and a midaxi length make it a longline layer suited to cooler days, with cotton in the mix for a soft feel.","Main - 54% cotton, 28% polyester, 8% polyamide, 6% wool and 4% elastane",Longline,"https://assets.digitalcontent.marksandspencer.app/images/q_auto,f_auto/MS_10_T83_8014X_YG_X_EC_0/Cotton-Rich-Zip-Up-Midaxi-Sweater-Dress",https://www.marksandspencer.com/cotton-rich-zip-up-midaxi-sweater-dress/p/clp23095966
P23081730,Pure Cotton Floral Midi Shirt Dress,HOBBS,149,GBP,BROWN MIX,T838413V,A feminine floral print makes this pure cotton dress by Hobbs a captivating choice. It's made in a regular fit with a tie waist and subtle puff sleeves for a flattering silhouette. This piece fastens with a button placket which works with the collared neckline for shirt-style detail. The midi-length skirt is complete with practical side pockets.,100% cotton,regular fit,"https://assets.digitalcontent.marksandspencer.app/images/q_auto,f_auto/MS_10_T83_8413V_N4_X_EC_0/Pure-Cotton-Floral-Midi-Shirt-Dress",https://www.marksandspencer.com/pure-cotton-floral-midi-shirt-dress/p/clp23081730
P61231051,Satin Scarf Detail Mini Shift Dress,M&S,35,GBP,BLACK,T425181,This shift dress makes an elegant addition to your occasion outfits. It's cut from lustrous satin and features a drapey scarf detail which falls elegantly along the front and ends with a tasselled hem. A v-neck on the back adds a chic finishing touch to this eye-catching piece. M&S Collection: easy-to-wear wardrobe staples that combine classic and contemporary styles.,100% polyester (exclusive of trimmings),,"https://assets.digitalcontent.marksandspencer.app/images/q_auto,f_auto/SD_01_T42_5181_Y0_X_EC_0/Satin-Scarf-Detail-Mini-Shift-Dress",https://www.marksandspencer.com/satin-scarf-detail-mini-shift-dress/p/clp61231051
P23063840,V-Neck Button Through Midi Tea Dress,Finery London,49,GBP,BLACK,T838852N,"This versatile tea dress by Finery London will quickly become a firm favourite in your wardrobe. It's made in a regular fit, with a flattering empire waist for definition. The short puff sleeves add gentle volume, while ruching on the shoulders provides extra shaping. This stylish design is complete with a neat button-through front and an elegant V-neckline.","96% polyester, 4% elastane",Regular fit,"https://assets.digitalcontent.marksandspencer.app/images/q_auto,f_auto/MS_10_T83_8852N_Y0_X_EC_0/V-Neck-Button-Through-Midi-Tea-Dress",https://www.marksandspencer.com/v-neck-button-through-midi-tea-dress/p/clp23063840
P23097544,Jersey V-Neck Midi Skater Dress,Monsoon,85,GBP,DARK PURPLE,T838428X,"This jersey dress by Monsoon blends comfort with feminine appeal. Designed in a regular fit with a flattering fit-and-flare silhouette, it features tonal velvet trims on the v-neckline, under the bust and along the midi-length hemline for a luxe touch. Long sleeves complete the elegant design.",Outer - 100% polyester,Regular fit,"https://assets.digitalcontent.marksandspencer.app/images/q_auto,f_auto/MS_10_T83_8428X_D3_X_EC_0/Jersey-V-Neck-Midi-Skater-Dress",https://www.marksandspencer.com/jersey-v-neck-midi-skater-dress/p/clp23097544
P23076203,Jersey Cowl Neck Midaxi Column Dress,Whistles,119.2,GBP,BLACK,T838468U,"For a striking choice at special occasions, choose this sleeveless jersey dress from Whistles. The easy regular-fit shape is designed in a ruched column silhouette to create an elegant aesthetic. Its cowl neck fastens smartly at the back with a zip. The midaxi-length hem has a side split for a comfy finish.","55% viscose, 45% polyester",Regular fit,"https://assets.digitalcontent.marksandspencer.app/images/q_auto,f_auto/MS_10_T83_8468U_Y0_X_EC_0/Jersey-Cowl-Neck-Midaxi-Column-Dress",https://www.marksandspencer.com/jersey-cowl-neck-midaxi-column-dress/p/clp23076203
P61227298,Cotton Blend Jacquard Shift Dress with Linen,JAEGER,89,GBP,IVORY,T976317K,"Embrace effortless elegance with this jacquard dress by Jaeger, crafted from a cotton-linen blend for a breathable feel. It is cut in a sleeveless shift shape, with darts for extra shaping and falls to a versatile knee-length hem. This style features a chic slash neckline and a discreet back zip. Dress it up or down with sandals or heels.","73% cotton, 13% linen and 14% viscose",,"https://assets.digitalcontent.marksandspencer.app/images/q_auto,f_auto/SD_09_T97_6317K_KY_X_EC_0/Cotton-Blend-Jacquard-Shift-Dress-with-Linen",https://www.marksandspencer.com/cotton-blend-jacquard-shift-dress-with-linen/p/clp61227298
P60785696,Textured Dobby Maxi Beach Dress,M&S,50,GBP,SOFT WHITE,T520158,"Crafted from lightweight textured dobby fabric, this flowing beach dress is all ready for your next holiday. Easy regular fit, with an elegant maxi length. V-neck bodice and slim adjustable straps for a feminine finish. M&S Collection: easy-to-wear wardrobe staples that combine classic and contemporary styles.","67% polyester, 33% polyamide (exclusive of trimmings), Lining - 100% polyester",Regular fit,"https://assets.digitalcontent.marksandspencer.app/images/q_auto,f_auto/SD_01_T52_0158_P6_X_EC_0/Textured-Dobby-Maxi-Beach-Dress",https://www.marksandspencer.com/textured-dobby-maxi-beach-dress/p/clp60785696
P23086934,Side Button Detail Midi Bodycon Dress,Nobody's Child,85,GBP,GREEN,T828261B,"This bodycon dress from Nobody's Child creates a striking silhouette. It's cut to a flattering fitted shape and falls to a stylish midi length. This glamorous style features a high neck and an elegant, side button detailing. A slit in the hem adds further flair.","56% viscose, 23% polyamide and 21% polyester",,"https://assets.digitalcontent.marksandspencer.app/images/q_auto,f_auto/MS_10_T82_8261B_J0_X_EC_0/Side-Button-Detail-Midi-Bodycon-Dress",https://www.marksandspencer.com/side-button-detail-midi-bodycon-dress/p/clp23086934
P23073936,Crepe V-Neck Midi Tea Dress,Ghost,149,GBP,NAVY,T839687T,"Channel timeless femininity at sunny-day events in this tea dress from Ghost. It's cut in a regular fit with figure-flattering empire seams and a versatile midi-length hem. Covered buttons run from the v-neckline, adding elegant detailing, while a frill trim along the collar, bust and cuffs brings a hint of playfulness. Voluminous short sleeves complete this party-ready piece.",100% viscose,Regular fit,"https://assets.digitalcontent.marksandspencer.app/images/q_auto,f_auto/MS_10_T83_9687T_F0_X_EC_0/Crepe-V-Neck-Midi-Tea-Dress",https://www.marksandspencer.com/crepe-v-neck-midi-tea-dress/p/clp23073936
P23095153,Floral Round Neck Midi Waisted Dress,Seasalt Cornwall,65,GBP,NAVY MIX,T839549W,"Meet your new go-to midi dress from Seasalt Cornwall. It's designed in an elegant skater shape, with a softly fitted bodice, a cinched waist and a softly flowing skirt. The long sleeves have a gentle blouson shape for extra volume, while side pockets add a practical finishing touch.",100% viscose,Relaxed fit,"https://assets.digitalcontent.marksandspencer.app/images/q_auto,f_auto/MS_10_T83_9549W_F4_X_EC_0/Floral-Round-Neck-Midi-Waisted-Dress",https://www.marksandspencer.com/floral-round-neck-midi-waisted-dress/p/clp23095153
P23081735,Floral Button Front Mini Shift Dress,HOBBS,139,GBP,MULTI,T838418V,"This shift dress from Hobbs will take you from work to weekend in style. Designed in a regular fit, it features a concealed button placket partway down the front for understated appeal. The mini-length hem finishes just above the knee, while the collared neckline provides a smart touch. Elegant three-quarter sleeves complete the design.",100% viscose,Relaxed fit,"https://assets.digitalcontent.marksandspencer.app/images/q_auto,f_auto/MS_10_T83_8418V_ZZ_X_EC_0/Floral-Button-Front-Mini-Shift-Dress",https://www.marksandspencer.com/floral-button-front-mini-shift-dress/p/clp23081735
P23092284,Ribbed Midi Bodycon Dress,Nobody's Child,85,GBP,BROWN,T828507B,"This ribbed bodycon dress from Nobody's Child has a fresh, preppy feel. It's made in a figure-flattering fitted shape from soft, stretchy jersey for easy wear. The long-sleeved style features a contrast collar and button placket, plus side splits either side of the midi-length skirt.","80% viscose, 20% polyester",Fitted,"https://assets.digitalcontent.marksandspencer.app/images/q_auto,f_auto/MS_10_T82_8507B_N0_X_EC_0/Ribbed-Midi-Bodycon-Dress",https://www.marksandspencer.com/ribbed-midi-bodycon-dress/p/clp23092284
P23090918,Animal Print Funnel Neck Mini Shift Dress,SOSANDAR,65,GBP,BROWN MIX,T838229W,This Sosandar mini dress features a head-turning animal print and cosy funnel neckline. It's made in a figure-skimming shift silhouette with a belted waist for a flattering fit. Long blouson sleeves add a sophisticated touch.,"95 polyester, 5% elastane",Regular fit,"https://assets.digitalcontent.marksandspencer.app/images/q_auto,f_auto/MS_10_T83_8229W_N4_X_EC_0/Animal-Print-Funnel-Neck-Mini-Shift-Dress",https://www.marksandspencer.com/animal-print-funnel-neck-mini-shift-dress/p/clp23090918
P23096427,Rua Cotton Blend Jersey Printed Midi Shirt Dress,White Stuff,69,GBP,NAVY MIX,T838010X,"Step out in this printed midi dress by White Stuff, crafted from cotton-blend jersey that feels soft and breathable all day. A regular fit that flows elegantly from the waist ensures a flattering silhouette. This stylish button-through design features feminine three-quarter sleeves and practical side pockets, plus a neat collared neckline.","51% cotton, 49% modal",Regular fit,"https://assets.digitalcontent.marksandspencer.app/images/q_auto,f_auto/MS_10_T83_8010X_F4_X_EC_0/Rua-Cotton-Blend-Jersey-Printed-Midi-Shirt-Dress",https://www.marksandspencer.com/cotton-blend-jersey-printed-midi-shirt-dress/p/clp23096427
P23087264,Floral Mini Shirt Dress,River Island,54,GBP,PINK MIX,T839398V,"Add effortless elegance to your evening wear with this River Island midi dress. It has a collared design, a flattering regular fit, and a gently nipped waist. Long cuffed sleeves and a tiered skirt create fluid movement. Floral lace and scalloped lace trim add a dainty finish. It is unlined and fastens with a back keyhole button.",100% viscose,regular fit,"https://assets.digitalcontent.marksandspencer.app/images/q_auto,f_auto/MS_10_T83_9398V_A4_X_EC_0/Floral-Mini-Shirt-Dress",https://www.marksandspencer.com/floral-mini-shirt-dress/p/clp23087264
P61273921,Chiffon Checked Tie Neck Mini Drop Waist Dress,M&S,40,GBP,BROWN MIX,T427694W,"This mini dress from M&S drops the waist for a relaxed shape, made in a lightweight chiffon with a checked design throughout. The tie neck and long sleeves add a soft finish, while a tie fastening completes the look. Fully lined for comfortable, opaque wear, it comes in petite, regular and tall fits. M&S Collection: easy-to-wear wardrobe staples that combine classic and contemporary styles.",100% polyester (exclusive of trimmings),,"https://assets.digitalcontent.marksandspencer.app/images/q_auto,f_auto/SD_01_T42_7694W_N4_X_EC_0/Chiffon-Checked-Tie-Neck-Mini-Drop-Waist-Dress",https://www.marksandspencer.com/chiffon-checked-tie-neck-mini-drop-waist-dress/p/clp61273921
P23096375,Colour Block Knitted Jumper Dress,Roman,60,GBP,CAMEL,T083634S,"This colour-block knitted jumper dress from Roman brings cosy comfort and eye-catching style to your wardrobe. The close-fitting shape creates a flattering silhouette, while the knee-length hem keeps the look polished and versatile. Finished with a classic round neck and long sleeves, it’s a stylish choice for cooler days.","72% viscose, 28% polyester",Flared,"https://assets.digitalcontent.marksandspencer.app/images/q_auto,f_auto/MS_10_T08_3634S_M0_X_EC_0/Colour-Block-Knitted-Jumper-Dress",https://www.marksandspencer.com/colour-block-knitted-jumper-dress/p/clp23096375
P23039268,Plisse Printed Maxi Waisted Dress,Never Fully Dressed,99,GBP,BLACK,T829271,"With its stretchy plisse fabric and elegant style, this dress from Never Fully Dressed will be worn on repeat on your next holiday. Designed in a regular fit, with a flattering waisted silhouette and a stylish maxi-length hem. The off-the-shoulder neckline and short sleeves add to the sophisticated look, while lettuce hems and gold flecks provide feminine accents.",100% polyester (exclusive of trims),Regular fit,"https://assets.digitalcontent.marksandspencer.app/images/q_auto,f_auto/MS_10_T82_9271_Y0_X_EC_0/Plisse-Printed-Maxi-Waisted-Dress",https://www.marksandspencer.com/plisse-printed-maxi-waisted-dress/p/clp23039268
P23096187,Paisley Knee Length Shift Dress,Roman,35,GBP,BLUE,T083588S,"Combining beautiful styling with throw-on-and-go ease, this dress from Roman is a perfect choice for last-minute plans. It's cut with a gently flared silhouette, from soft jersey fabric that moves with you. The eye-catching paisley print delivers a gorgeously feminine look, while the long sleeves provide flattering coverage. A knee-length hem completes the playful silhouette.","80% polyester, 17% viscose and 3% elastane",Flared,"https://assets.digitalcontent.marksandspencer.app/images/q_auto,f_auto/MS_10_T08_3588S_E0_X_EC_0/Paisley-Knee-Length-Shift-Dress",https://www.marksandspencer.com/paisley-knee-length-shift-dress/p/clp23096187
P23093988,Crepe V-Neck Midi Waisted Dress,Ghost,169,GBP,RED,T839300W,Opulent draping makes this Ghost dress a standout in your smart selection. It's made in a figure-defining regular fit from the label's signature crepe fabric. The covered button front and v-neckline add airiness to the bodice while the bias-cut midi skirt cascades downwards. Long voluminous sleeves complete this sophisticated piece.,100% viscose,Regular fit,"https://assets.digitalcontent.marksandspencer.app/images/q_auto,f_auto/MS_10_T83_9300W_B0_X_EC_0/Crepe-V-Neck-Midi-Waisted-Dress",https://www.marksandspencer.com/crepe-v-neck-midi-waisted-dress/p/clp23093988
P23089349,Paisley Slash Neck Midaxi Waisted Dress,Never Fully Dressed,129,GBP,MULTI,T828389B,This dress from Never Fully Dressed makes a striking choice for partywear. The voluminous top complete with a slash neck gives way to a fitted skirt for a flattering waisted look. The midaxi-length piece has a bold paisley print all over so you really stand out.,"97% polyester, 3% elastane",Fitted,"https://assets.digitalcontent.marksandspencer.app/images/q_auto,f_auto/MS_10_T82_8389B_ZZ_X_EC_0/Paisley-Slash-Neck-Midaxi-Waisted-Dress",https://www.marksandspencer.com/paisley-slash-neck-midaxi-waisted-dress/p/clp23089349
P23083782,Floral V-Neck Angel Sleeve Midi Wrap Dress,Monsoon,150,GBP,CREAM MIX,T838734V,"Bold florals add a standout effect to this midi dress from Monsoon. It's cut to a regular fit with a timeless wrap design. With a v-neckline and elbow-length angel sleeves, this piece is equally appropriate for day and night. It's lined for a smooth feel and has a convenient tie fastening.","Outer - 100% polyester, Lining - 100% polyester",Regular fit,"https://assets.digitalcontent.marksandspencer.app/images/q_auto,f_auto/MS_10_T83_8734V_K4_X_EC_0/Floral-V-Neck-Angel-Sleeve-Midi-Wrap-Dress",https://www.marksandspencer.com/floral-v-neck-angel-sleeve-midi-wrap-dress/p/clp23083782
P23073918,Satin Cowl Neck Midi Column Dress,Ghost,129,GBP,BLACK,T839681T,"Crafted from drapey crepe back satin, this Ghost column dress embodies effortless elegance for evenings and occasions. It's made in a regular fit to a sleeveless style, with a graceful cowl neck at the front and a scoop back. The figure-skimming bias-cut skirt flows to a versatile midi length.",100% viscose,Regular fit,"https://assets.digitalcontent.marksandspencer.app/images/q_auto,f_auto/MS_10_T83_9681T_Y0_X_EC_0/Satin-Cowl-Neck-Midi-Column-Dress",https://www.marksandspencer.com/satin-cowl-neck-midi-column-dress/p/clp23073918
P23097555,Pure Cotton Checked Midi Skater Dress,Monsoon,95,GBP,NAVY MIX,T838431X,"Embrace the cottagecore trend with this pure cotton cord skater dress from Monsoon. It's designed in an easy regular fit with a square collar that features velvet ties at the neckline and a stretchy smocked bodice. Three-quarter-length sleeves and an A-line midi skirt complete the silhouette, while the checked pattern adds classic charm.",Outer - 100% cotton,Regular fit,"https://assets.digitalcontent.marksandspencer.app/images/q_auto,f_auto/MS_10_T83_8431X_F4_X_EC_0/Pure-Cotton-Checked-Midi-Skater-Dress",https://www.marksandspencer.com/pure-cotton-checked-midi-skater-dress/p/clp23097555
P23044711,Jersey One Shoulder Ruched Midi Bodycon Dress,SOSANDAR,75,GBP,BLACK,T838439L,"This dress from Sosandar is crafted from jersey crepe fabric that softly drapes to create a flattering bodycon silhouette. It's cut in a regular fit, with ruching to enhance your figure. An asymmetric, one-shoulder neckline and three-quarter sleeves provide a sophisticated look. The hemline sits at an elegant midi length.","96% polyester, 4% elastane",Regular fit,"https://assets.digitalcontent.marksandspencer.app/images/q_auto,f_auto/MS_10_T83_8439L_Y0_X_EC_0/Jersey-One-Shoulder-Ruched-Midi-Bodycon-Dress",https://www.marksandspencer.com/asymmetric-ruched-bodycon-dress/p/clp23044711
P23086416,Floral Scoop Neck Midi Waisted Dress,Seasalt Cornwall,65,GBP,RED MIX,T839158V,"Floaty viscose fabric makes this waisted dress by Seasalt Cornwall a dream come true on busy days. It's cut in a relaxed fit, with a midi-length tiered skirt, short puff sleeves and an elastic shirred panel at the back so you can throw it on and go. Front neck keyhole detailing and a dainty floral print complete the look.",100% viscose,Relaxed fit,"https://assets.digitalcontent.marksandspencer.app/images/q_auto,f_auto/MS_10_T83_9158V_B4_X_EC_0/Floral-Scoop-Neck-Midi-Waisted-Dress",https://www.marksandspencer.com/floral-scoop-neck-midi-waisted-dress/p/clp23086416
P23095143,Pure Cotton Floral Midi Waisted Dress,Seasalt Cornwall,69.95,GBP,BLUE MIX,T839538W,"This pure cotton jersey dress from Seasalt Cornwall is a comfy pick for dressier days. Cut to a regular fit with a feminine waisted shape, this floral, midi-length piece is as stylish as it is easy to wear. The wrap-style v-neckline and 3/4 length sleeves add extra flattering detail.",100% cotton,Regular fit,"https://assets.digitalcontent.marksandspencer.app/images/q_auto,f_auto/MS_10_T83_9538W_E4_X_EC_0/Pure-Cotton-Floral-Midi-Waisted-Dress",https://www.marksandspencer.com/pure-cotton-floral-midi-waisted-dress/p/clp23095143
P23089891,Cotton Rich Twist Front Midi Skater Dress,BAUKJEN,149,GBP,BLACK,T838038W,"This cotton-rich jersey dress from Baukjen strikes the perfect balance between sophisticated and simplistic. It's cut in a flattering flared fit, with a twist detail at the waist that brings a standout feminine feel. A round neckline, long sleeves and a flowing midi-length skirt ensure a modest look.","94% cotton, 6% elastane",,"https://assets.digitalcontent.marksandspencer.app/images/q_auto,f_auto/MS_10_T83_8038W_Y0_X_EC_0/Cotton-Rich-Twist-Front-Midi-Skater-Dress",https://www.marksandspencer.com/cotton-rich-twist-front-midi-skater-dress/p/clp23089891
P23092991,Pure Cotton Cord Embroidered Smock Dress,Monsoon,99,GBP,BROWN MIX,T838957W,This Monsoon smock dress is crafted from pure cotton corduroy. It's crafted in an effortless regular fit. Pintuck detailing on the bodice and charming floral embroidery on the skirt give it a standout look. Long balloon sleeves add a feminine touch.,Outer - 100% cotton,regular fit,"https://assets.digitalcontent.marksandspencer.app/images/q_auto,f_auto/MS_10_T83_8957W_N4_X_EC_0/Pure-Cotton-Cord-Embroidered-Smock-Dress",https://www.marksandspencer.com/pure-cotton-cord-embroidered-smock-dress/p/clp23092991
P23097045,Jersey Floral V-Neck Skater Dress,Roman,55,GBP,GREEN,T083737S,"This floral dress from Roman is sure to be a casual-wear staple of your transeasonal wardrobe. The pull-on style is designed in a regular fit from stretch jersey fabric. It features contrast trim at the v-neckline, and long sleeves with elasticated cuffs. The relaxed empire waist and swishy knee-length skirt create a flattering skater shape.","96% viscose, 4% elastane",Relaxed fit,"https://assets.digitalcontent.marksandspencer.app/images/q_auto,f_auto/MS_10_T08_3737S_J0_X_EC_0/Jersey-Floral-V-Neck-Skater-Dress",https://www.marksandspencer.com/jersey-floral-v-neck-skater-dress/p/clp23097045
P23081799,Ditsy Floral Midaxi Tea Dress,Nobody's Child,79,GBP,MULTI,T829871A,"Channel prairie-inspired style on warm-weather days in this tea dress from Nobody's Child. It's designed in a regular fit with slightly puffed short sleeves and a versatile midaxi hem. This day-to-evening piece is decorated with an all-over ditsy floral print for a feminine look and contrast trims on the neck, waist and skirt. A zip fastening adds a neat finishing touch.",100% viscose,,"https://assets.digitalcontent.marksandspencer.app/images/q_auto,f_auto/MS_10_T82_9871A_ZZ_X_EC_0/Ditsy-Floral-Midaxi-Tea-Dress",https://www.marksandspencer.com/ditsy-floral-midaxi-tea-dress/p/clp23081799
P23090922,Satin Tie Neck Mini A-Line Shift Dress,SOSANDAR,75,GBP,PLUM,T838234W,"This Sosandar shift dress is crafted from silky satin for a gorgeously drapey effect. It's cut to a figure-skimming slim fit in a flattering A-line silhouette and fastens with a discreet back zip. The long fluted sleeves offer a touch of romance, while a scarf tie detail at the v-neckline adds a feminine flourish. A mini-length hemline ensures a playful finish.",100% polyester,Regular fit,"https://assets.digitalcontent.marksandspencer.app/images/q_auto,f_auto/MS_10_T83_8234W_BD_X_EC_0/Satin-Tie-Neck-Mini-A-Line-Shift-Dress",https://www.marksandspencer.com/satin-tie-neck-mini-a-line-shift-dress/p/clp23090922
P23037193,Ombré Crew Neck Pleated Midi Skater Dress,Phase Eight,149,GBP,RED MIX,T838965G,"A subtle ombré design and all-over fine pleating give this Phase Eight dress a refined aesthetic. It's cut in a comfy regular fit, to a flattering skater silhouette. A sleeveless bodice and a crew neckline ensure a light and feminine feel, and there's a slender tie to pull you in at the waist. The hemline sits at an on-trend midi length.",100% polyester,Regular fit,"https://assets.digitalcontent.marksandspencer.app/images/q_auto,f_auto/MS_10_T83_8965G_B4_X_EC_0/Ombr-Crew-Neck-Pleated-Midi-Skater-Dress",https://www.marksandspencer.com/ombr-crew-neck-pleated-midi-skater-dress/p/clp23037193
P23086918,Pure Cotton Checked Mini Waisted Dress,Nobody's Child X Louise Thompson,89,GBP,WHITE,T828256B,"This Nobody's Child mini dress is a pure cotton style with plenty of preppy flair. It's made in a regular fit, with a timeless checked print and a waisted shape that creates a flattering silhouette. An oversized collar and blouson sleeves add to the vintage appeal.",100% cotton,Regular fit,"https://assets.digitalcontent.marksandspencer.app/images/q_auto,f_auto/MS_10_T82_8256B_Z0_X_EC_0/Pure-Cotton-Checked-Mini-Waisted-Dress",https://www.marksandspencer.com/pure-cotton-checked-mini-waisted-dress/p/clp23086918
P23017985,Lace Round Neck Maxi Dress,Monsoon,150,GBP,PINK,T839826D,"Elegant and eye-catching, this Monsoon maxi dress makes a statement for formal occasions and special events. The regular fit features a fitted bodice that flows into a full, pleated floor length skirt for a flattering fit and flare silhouette. Delicate lace detailing adorns the bodice and short sleeves, while the crew neckline keeps the look elegant. Fully lined for comfort with a discreet back zip fastening.","Outer - 100% polyester, Lining - 100% polyester",Regular fit,"https://assets.digitalcontent.marksandspencer.app/images/q_auto,f_auto/MS_10_T83_9826D_A0_X_EC_0/Lace-Round-Neck-Maxi-Dress",https://www.marksandspencer.com/lace-round-neck-maxi-dress/p/clp23017985
P23096415,Floral Midi Skater Dress,Roman,52,GBP,DARK ORANGE,T083651S,"With its bold floral print, this dress from Roman makes a feminine impression. It's crafted in a flattering fit-and-flare shape, with a seam at the waist that creates pleats through the midi skirt. The round neck and three-quarter-length sleeves add a classic touch, while practical pockets in the skirt provide a practical finish.","96% viscose, 4% elastane",Relaxed fit,"https://assets.digitalcontent.marksandspencer.app/images/q_auto,f_auto/MS_10_T08_3651S_P3_X_EC_0/Floral-Midi-Skater-Dress",https://www.marksandspencer.com/floral-midi-skater-dress/p/clp23096415
P23096383,Colour Block Knitted Jumper Dress,Roman,60,GBP,BLUE,T083637S,"Bring bold, modern appeal to cooler-day dressing with this knitted jumper dress from Roman. Designed with a close-fitting silhouette, it falls to a knee-length hem for a sleek finish. A round neckline and three-quarter-length sleeves complete the design, while a colour-block pattern creates eye-catching definition throughout the piece.","72% viscose, 28% polyester",Fitted,"https://assets.digitalcontent.marksandspencer.app/images/q_auto,f_auto/MS_10_T08_3637S_E0_X_EC_0/Colour-Block-Knitted-Jumper-Dress",https://www.marksandspencer.com/colour-block-knitted-jumper-dress/p/clp23096383
P23099253,Chiffon Animal Print Gathered Midi Waisted Dress,HUSH,140,GBP,BROWN MIX,T839005X,"Gathered detailing shapes the waist on this chiffon dress from Hush, finished with an animal print throughout. A crew neckline keeps the design simple, while long sleeves with added volume give a fuller silhouette through the arm. Midi length and a waisted cut work for both the office and evenings out.",100% polyester,Regular fit,"https://assets.digitalcontent.marksandspencer.app/images/q_auto,f_auto/MS_10_T83_9005X_N4_X_EC_0/Chiffon-Animal-Print-Gathered-Midi-Waisted-Dress",https://www.marksandspencer.com/chiffon-animal-print-gathered-midi-waisted-dress/p/clp23099253
P23076957,Pure Cotton Jersey Embroidered Midi Dress,White Stuff,79,GBP,BLUE,T839062U,"Bring pretty detail to your wardrobe with this White Stuff dress featuring all-over floral embroidery. It's made in a regular fit, with soft shaping through the waist and a flowing midi skirt. The v-neckline is framed by short, slightly puffed sleeves for a feminine silhouette. This piece is made from soft and breathable pure cotton jersey.","Main - 100% cotton, Embroidery - 100% polyester",,"https://assets.digitalcontent.marksandspencer.app/images/q_auto,f_auto/MS_10_T83_9062U_E0_X_EC_0/Pure-Cotton-Jersey-Embroidered-Midi-Dress",https://www.marksandspencer.com/pure-cotton-jersey-embroidered-midi-dress/p/clp23076957
P60756071,Midaxi Waisted Dress,M&S,46,GBP,CREAM,T428005,"This flowing dress is an effortless style for dressed-up occasions. It's crafted in a regular fit, with a waisted silhouette and princess darts through the bodice for subtle shaping. The dress is framed by an elegant round neck and a sleeveless design that drapes into a graceful midaxi-length hem. It's complete with a neat zip fastening at the back. M&S Collection: easy-to-wear wardrobe staples that combine classic and contemporary styles.",100% polyester (exclusive of trimmings),Regular fit,"https://assets.digitalcontent.marksandspencer.app/images/q_auto,f_auto/SD_01_T42_8005_K0_X_EC_0/Midaxi-Waisted-Dress",https://www.marksandspencer.com/midaxi-waisted-dress/p/clp60756071
P23077429,Pleat Detail Belted Asymmetric Dress,Whistles,143.2,GBP,NAVY,T838862U,"Turn heads at your next occasion with this striking dress from Whistles. It's cut in an effortless regular fit with a belted waist for a flattering shape. Pleated detailing through the skirt offers extra shaping, while the asymmetrical hem adds stylish interest. This elegant sleeveless design is finished with a keyhole back button fastening and a discreet zip closure.","96% polyester, 4% elastane",Regular fit,"https://assets.digitalcontent.marksandspencer.app/images/q_auto,f_auto/MS_10_T83_8862U_F0_X_EC_0/Pleat-Detail-Belted-Asymmetric-Dress",https://www.marksandspencer.com/pleat-detail-belted-asymmetric-dress/p/clp23077429
P23094001,Polka Dot Midi Waisted Dress,Ghost,149,GBP,BLACK MIX,T839306W,Welcome true vintage sophistication to your wardrobe with this satin crepe polka dot dress from Ghost. It's designed in a regular fit with a waist-cinching shape and a midi-length hem for beautiful movement. A collared neckline completes the elegant look.,100% viscose,Regular fit,"https://assets.digitalcontent.marksandspencer.app/images/q_auto,f_auto/MS_10_T83_9306W_Y4_X_EC_0/Polka-Dot-Midi-Waisted-Dress",https://www.marksandspencer.com/polka-dot-midi-waisted-dress/p/clp23094001
P23045694,Ponte Jersey Collared Mini Shirt Dress,Finery London,49,GBP,BLACK,T838844L,"This Finery London shirt dress is crafted from Ponte jersey for a smart look with a soft, flexible feel. It's cut in a regular fit, with a Peter Pan collar and a four-button placket featuring large, decorative buttons. Ric-rac trims adorn the collar and placket for a vintage-inspired look. The long puff sleeves are cuffless and have ric-rac trims at the wrists. Darts at the bust provide shaping, and the skirt flares out gently to mini length.","65% viscose, 31% nylon and 4% elastane",Regular fit,"https://assets.digitalcontent.marksandspencer.app/images/q_auto,f_auto/MS_10_T83_8844L_Y0_X_EC_0/Ponte-Jersey-Collared-Mini-Shirt-Dress",https://www.marksandspencer.com/ponte-jersey-collared-mini-shirt-dress/p/clp23045694
P23098190,Pure Cotton Patterned Tie Neck Knotted Midi Dress,White Stuff,95,GBP,GREEN,T838686X,"This patterned dress by White Stuff has a tie neck finished with a knot detail for a considered touch. Made from pure cotton, it has 3/4 length sleeves and sits in a regular fit through the midi length. The knot detail adds interest to the neckline.",Main - 100% cotton,Regular fit,"https://assets.digitalcontent.marksandspencer.app/images/q_auto,f_auto/MS_10_T83_8686X_J0_X_EC_0/Pure-Cotton-Patterned-Tie-Neck-Knotted-Midi-Dress",https://www.marksandspencer.com/pure-cotton-patterned-tie-neck-knotted-midi-dress/p/clp23098190
P23099266,Pure Cotton Printed Collared Midi Dress,White Stuff,85,GBP,GREEN,T839066X,"A collared neck and long sleeves give this midi dress a versatile everyday shape. Made from pure cotton with a printed pattern, it has a regular fit to give you comfortable, all day wear.","99% cotton, 1% elastane",Regular fit,"https://assets.digitalcontent.marksandspencer.app/images/q_auto,f_auto/MS_10_T83_9066X_J0_X_EC_0/Pure-Cotton-Printed-Collared-Midi-Dress",https://www.marksandspencer.com/pure-cotton-printed-collared-midi-dress/p/clp23099266
P23099589,Printed V Neck Midi Tea Dress,White Stuff,79,GBP,GREEN MIX,T839177X,"A printed design brings a decorative touch to this midi dress from White Stuff. The V neck and long sleeves create a flattering, versatile silhouette for everyday to evening wear. Its tea dress shape and regular fit offer a comfortable, easy to wear style.","58% viscose, 42% cotton",Regular fit,"https://assets.digitalcontent.marksandspencer.app/images/q_auto,f_auto/MS_10_T83_9177X_J4_X_EC_0/Printed-V-Neck-Midi-Tea-Dress",https://www.marksandspencer.com/printed-v-neck-midi-tea-dress/p/clp23099589
P23054951,Button Front Knee Length Shirt Dress,HOBBS,139,GBP,PURPLE,T839297M,"Update your daywear with this versatile shirt dress from Hobbs. It's cut in a comfy regular fit, with a button-through bodice and a smart collared neckline. Pockets at the hips provide handy storage, while a pleated tier lends pretty movement to the knee-length hemline. The long sleeves are finished with neat buttoned cuffs.",100% polyester,Regular fit,"https://assets.digitalcontent.marksandspencer.app/images/q_auto,f_auto/MS_10_T83_9297M_D0_X_EC_0/Button-Front-Knee-Length-Shirt-Dress",https://www.marksandspencer.com/button-front-knee-length-shirt-dress/p/clp23054951
P23081615,Jersey Animal Print Midaxi Skater Dress,Live Unlimited London,69,GBP,NEUTRAL,T838401V,"Crafted from the softest jersey fabric, this animal-print dress by Live Unlimited London is effortlessly elegant. It's cut to a regular fit, with a flattering A-line silhouette. Shoulder gathers and ruching at the waist bring added texture and create a lengthening effect. The crew neckline and 3/4 length sleeves offer a sophisticated look.",98% viscose 2% elastane,regular fit,"https://assets.digitalcontent.marksandspencer.app/images/q_auto,f_auto/MS_10_T83_8401V_NU_X_EC_0/Jersey-Animal-Print-Midaxi-Skater-Dress",https://www.marksandspencer.com/jersey-animal-print-midaxi-skater-dress/p/clp23081615
P23013580,Crepe V-Neck Midi Waisted Dress,Finery London,69,GBP,BLACK,T838252D,"This crepe dress from Finery London is a versatile choice for smart occasions. It's cut in a comfy regular fit, with a waisted middle for a flattering silhouette. Gleaming metallic buttons run from the v-neckline to the midi-length hem. The long sleeves are gathered at the shoulders for a touch of fullness.","98% polyester, 2% elastane",Regular fit,"https://assets.digitalcontent.marksandspencer.app/images/q_auto,f_auto/MS_10_T83_8252D_Y0_X_EC_0/Crepe-V-Neck-Midi-Waisted-Dress",https://www.marksandspencer.com/v-neck-button-through-mididress/p/clp23013580
P23098195,Pure Cotton Embroidered V Neck Midi Dress,White Stuff,95,GBP,BROWN,T838688X,"This tea dress by White Stuff is made from pure cotton with embroidered detailing throughout. It has a V neckline and 3/4 length sleeves, cut in a regular fit through the midi length. The embroidery adds a delicate, considered finish.",100% cotton,Regular fit,"https://assets.digitalcontent.marksandspencer.app/images/q_auto,f_auto/MS_10_T83_8688X_N0_X_EC_0/Pure-Cotton-Embroidered-V-Neck-Midi-Dress",https://www.marksandspencer.com/pure-cotton-embroidered-v-neck-midi-dress/p/clp23098195
P23098200,Embroidered Cotton Midi Dress,White Stuff,120,GBP,BLACK MIX,T838689X,"Featuring a crew neckline and long sleeves, this midi dress from White Stuff is cut in a regular fit. It's finished with button fastening down the front for easy on and off wear. Woven from 100% cotton, it comes in a patterned, embroidered design that adds textural interest to the silhouette. The midi length and relaxed cut make it a versatile choice for both daytime and evening wear.",100% cotton,Regular fit,"https://assets.digitalcontent.marksandspencer.app/images/q_auto,f_auto/MS_10_T83_8689X_Y4_X_EC_0/Embroidered-Cotton-Midi-Dress",https://www.marksandspencer.com/embroidered-cotton-midi-dress/p/clp23098200
P23099280,Cord Midi Dress,White Stuff,89,GBP,PLUM,T839029X,"This cord midi dress is designed to give you a textured, versatile finish for everyday wear. The regular fit and long sleeves offer comfortable, easy to wear styling throughout the day.",100% cotton,Regular fit,"https://assets.digitalcontent.marksandspencer.app/images/q_auto,f_auto/MS_10_T83_9029X_BD_X_EC_0/Cord-Midi-Dress",https://www.marksandspencer.com/cord-midi-dress/p/clp23099280
P23099290,Printed Notch Neck Knee Length Dress,White Stuff,75,GBP,PLUM,T839017X,"Printed detailing features on this dress from White Stuff, finished with a notch neck and knee length hem for an easy, versatile shape. The regular fit and long sleeves are fully lined, to give you a comfortable fit for everyday wear.",100% raysil viscose,Regular fit,"https://assets.digitalcontent.marksandspencer.app/images/q_auto,f_auto/MS_10_T83_9017X_BD_X_EC_0/Printed-Notch-Neck-Knee-Length-Dress",https://www.marksandspencer.com/printed-notch-neck-knee-length-dress/p/clp23099290
P23099590,Jersey Printed V Neck Midi Tea Dress,White Stuff,69,GBP,NAVY MIX,T839182X,"A printed design brings a decorative touch to this jersey dress from White Stuff. Made from a cotton and modal blend, it feels soft and fluid against skin. The V neck, long sleeves and tea dress shape create an easy, flattering midi silhouette.","50% cotton, 50% modal",Regular fit,"https://assets.digitalcontent.marksandspencer.app/images/q_auto,f_auto/MS_10_T83_9182X_F4_X_EC_0/Jersey-Printed-V-Neck-Midi-Tea-Dress",https://www.marksandspencer.com/jersey-printed-v-neck-midi-tea-dress/p/clp23099590
P61224012,V-Neck Stitch Detail Midi Knitted Dress,JAEGER,135,GBP,DARK GREEN,T976305K,"Style this midi-length dress by Jaeger with leather sandals and a woven tote for effortless warm-weather elegance. It pairs a knitted cotton-cashmere v-neck top with a slightly sheer Tencel™-rich double-layer skirt. The sleeveless design and drop waist create a modern, relaxed silhouette.","Top (top part of a product) - 52% cotton, 27% viscose, 11% cashmere and 10% polyamide, Skirt - 85% lyocell, 15% polyamide",Regular fit,"https://assets.digitalcontent.marksandspencer.app/images/q_auto,f_auto/SD_09_T97_6305K_J3_X_EC_0/V-Neck-Stitch-Detail-Midi-Knitted-Dress",https://www.marksandspencer.com/v-neck-stitch-detail-midi-knitted-dress/p/clp61224012
P23088996,Satin Floral Square Neck Midi Skater Dress,Phase Eight,199,GBP,MULTI,T839737V,This striking Phase Eight dress is crafted from satin for a luxurious look and feel. It's made in a regular fit with an elegant fit-and-flare silhouette. The block-colour sleeveless bodice features a chic square neckline and meets the floral maxi skirt at the figure-defining waistband. This piece is finished with a zip fastening.,100% polyester,Regular fit,"https://assets.digitalcontent.marksandspencer.app/images/q_auto,f_auto/MS_10_T83_9737V_ZZ_X_EC_0/Satin-Floral-Square-Neck-Midi-Skater-Dress",https://www.marksandspencer.com/satin-floral-square-neck-midi-skater-dress/p/clp23088996
P23074151,Checked Midi Skater Dress,Nobody's Child,89,GBP,GREEN,T829469A,"Bring a cheerful vibe to weekend outings with this checked dress by Nobody's Child. It's made in a regular fit, with a waisted middle neatly framing its feminine fit-and-flare shape. The midi-length design has a frilly lace collar and playful puff sleeves.",100% viscose,Regular fit,"https://assets.digitalcontent.marksandspencer.app/images/q_auto,f_auto/MS_10_T82_9469A_J0_X_EC_0/Checked-Midi-Skater-Dress",https://www.marksandspencer.com/checked-midi-skater-dress/p/clp23074151
P23095182,Pure Cotton Floral Midaxi Waisted Dress,Seasalt Cornwall,75.95,GBP,WHITE MIX,T839550W,"Made from pure cotton slub jersey, this Seasalt Cornwall dress combines comfort with style. It's designed in a flattering relaxed fit with a waisted middle. The bodice has neat three-quarter sleeves, and the midaxi skirt is gathered for a floaty silhouette. A colourful floral print ensures a feminine finish.",100% cotton,Regular fit,"https://assets.digitalcontent.marksandspencer.app/images/q_auto,f_auto/MS_10_T83_9550W_Z4_X_EC_0/Pure-Cotton-Floral-Midaxi-Waisted-Dress",https://www.marksandspencer.com/pure-cotton-floral-midaxi-waisted-dress/p/clp23095182
P23071312,Crochet Midi Dress,Pour Moi,49,GBP,BLACK,T588405M,"This pure cotton dress from Pour Moi is an easy-to-wear choice for summer days. It's designed in a regular fit with a sleeveless, v-neck bodice featuring a knitted crochet-like texture. The gathered slub-texture skirt falls to a midi length, and is finished with a tiered hem and side pockets.",100% cotton,Regular fit,"https://assets.digitalcontent.marksandspencer.app/images/q_auto,f_auto/MS_10_T58_8405M_Y0_X_EC_0/Crochet-Midi-Dress",https://www.marksandspencer.com/pure-cotton-textured-v-neck-midi-tiered-dress/p/clp23071312
P23044997,Jersey Midi Waisted Dress,Finery London,69,GBP,GREEN,T838181L,"This waisted dress from Finery London is crafted from ponte jersey fabric for a smart look. It's designed in a regular fit, with an easy crew neckline and long sleeves that have feminine gathers at the shoulders. Gold-tone buttons feature on the chest placket and pockets for a luxe look. A fluid midi-length skirt completes the look.","65% viscose, 31% nylon and 4% elastane",Regular fit,"https://assets.digitalcontent.marksandspencer.app/images/q_auto,f_auto/MS_10_T83_8181L_J0_X_EC_0/Jersey-Midi-Waisted-Dress",https://www.marksandspencer.com/ponte-jersey-button-detail-a-line-midi-dress/p/clp23044997
2309960319,Jersey Printed V Neck Midaxi Tea Dress,White Stuff,69,GBP,GREEN,T839186X,"A printed design gives this jersey dress from White Stuff a decorative finish. Made from a cotton and modal blend, it feels soft and fluid against skin. The V neck and midaxi tea dress shape create a flattering, elegant silhouette.","50% cotton, 50% modal",Regular fit,"https://assets.digitalcontent.marksandspencer.app/images/q_auto,f_auto/MS_10_T83_9186X_J0_X_EC_0/Jersey-Printed-V-Neck-Midaxi-Tea-Dress",https://www.marksandspencer.com/jersey-printed-v-neck-midaxi-tea-dress/p/clp23099603
P23090928,Metallic Keyhole Detail Mini Shift Dress,SOSANDAR,75,GBP,BLACK MIX,T838230W,"With its sparkling metallic flecks, this shift dress from Sosandar makes an effortless evening choice. It's cut to a flattering slim fit, with an easy loose shape that skims your waist and hips. Three-quarter-length sleeves and a mini hemline add a playful feel. The keyhole neckline is topped with a gold-tone bar for a glamorous finish.",100% polyester,Regular fit,"https://assets.digitalcontent.marksandspencer.app/images/q_auto,f_auto/MS_10_T83_8230W_Y4_X_EC_0/Metallic-Keyhole-Detail-Mini-Shift-Dress",https://www.marksandspencer.com/metallic-keyhole-detail-mini-shift-dress/p/clp23090928
P23097588,Jersey Houndstooth V-Neck Midi Skater Dress,Monsoon,85,GBP,BROWN MIX,T838421X,"This jersey dress from Monsoon combines sophisticated style with all-day comfort. It's designed in an effortless regular fit with a flattering fit-and-flare silhouette. The v-neck and long sleeves create an elegant shape, accentuated by an all-over houndstooth pattern. A midi-length hem ensures a timeless feel, while contrast velvet trims offer a modern finish.","Outer - 95% polyester, 5% elastane",Regular fit,"https://assets.digitalcontent.marksandspencer.app/images/q_auto,f_auto/MS_10_T83_8421X_N4_X_EC_0/Jersey-Houndstooth-V-Neck-Midi-Skater-Dress",https://www.marksandspencer.com/jersey-houndstooth-v-neck-midi-skater-dress/p/clp23097588
P23086940,Floral Midi Skater Dress,Nobody's Child,110,GBP,BROWN,T828269B,"With its elegant fit-and-flare shape, this midi dress from Nobody's Child is one you'll turn to time and again. This regular-fitting style features a neat crew neckline and slim long sleeves. Plus, it's adorned with an intricate floral print. A thigh-high slit with a lace trim makes for a sultry finish.",100% viscose,Regular fit,"https://assets.digitalcontent.marksandspencer.app/images/q_auto,f_auto/MS_10_T82_8269B_N0_X_EC_0/Floral-Midi-Skater-Dress",https://www.marksandspencer.com/floral-midi-skater-dress/p/clp23086940
P23081147,Floral 3/4 Sleeve Midi Shirt Dress,Phase Eight,189,GBP,IVORY MIX,T838333V,"This flowing shirt dress from Phase Eight is perfect for daytime occasions and weekend plans. It's made in a regular fit, with a collar and button-through fastening. Three-quarter sleeves with buttoned cuffs give a smart look. There's a skinny tie to provide shaping at the waist, and the skirt flares out gently to midi length. Sumptuous printed blooms cascade down the front and back of this versatile piece.",100% viscose,regular fit,"https://assets.digitalcontent.marksandspencer.app/images/q_auto,f_auto/MS_10_T83_8333V_Y8_X_EC_0/Floral-3-4-Sleeve-Midi-Shirt-Dress",https://www.marksandspencer.com/floral-3-4-sleeve-midi-shirt-dress/p/clp23081147
P23087834,V Neck Pleated Mini Bodycon Dress,River Island,62,GBP,BLACK,T839573V,"Pleat detailing runs through the hem of this bodycon dress by River Island, adding movement to the silhouette. Cut to a mini length, it features a V neck for a flattering finish. The fitted, unlined design skims the body for a sleek, polished look.",100% polyester,Regular fit,"https://assets.digitalcontent.marksandspencer.app/images/q_auto,f_auto/MS_10_T83_9573V_Y0_X_EC_0/V-Neck-Pleated-Mini-Bodycon-Dress",https://www.marksandspencer.com/v-neck-pleated-mini-bodycon-dress/p/clp23087834
P23096377,Petite Knitted Collared Knee Length Shift Dress,Roman,55,GBP,STONE,T083635S,"This jumper dress by Roman is an effortlessly stylish choice for cooler days. It's made in a flattering shift silhouette with a neat long-sleeved design. A collared neckline and button front add chic elegance, while the knee-length hem ensures a versatile finish.","65% polyester, 13% polyamide, 13% acrylic, 6% wool and 3% elastane",Regular fit,"https://assets.digitalcontent.marksandspencer.app/images/q_auto,f_auto/MS_10_T08_3635S_SS_X_EC_0/Petite-Knitted-Collared-Knee-Length-Shift-Dress",https://www.marksandspencer.com/knitted-collared-knee-length-shift-dress/p/clp23096377
P23056444,Penny Frill Wrap Woven Beach Dress,Pour Moi,39,GBP,GREEN MIX,T588268M,"This Pour Moi mini beach dress is a pretty cover-up for days by the water. It's cut in a regular fit, with a flattering wrap silhouette and a vibrant botanical print. The v-neckline and hem are framed with feminine frills, while a tie fastening at the waist ensures a comfortable feel.",100% viscose,Regular fit,"https://assets.digitalcontent.marksandspencer.app/images/q_auto,f_auto/MS_10_T58_8268M_J4_X_EC_0/Penny-Frill-Wrap-Woven-Beach-Dress",https://www.marksandspencer.com/frill-detail-woven-mini-wrap-beach-dress/p/clp23056444
P23082137,Animal Print V-Neck Knee Length Waisted Dress,SOSANDAR,75,GBP,PINK MIX,T838478V,"Step out in style with this striking animal print dress from Sosandar. It's cut in a regular fit, with a comfy elasticated waist that gives a flattering cinched silhouette. The zip on the v-neckline means you can adjust the depth of the split. The hemline sits at a versatile knee length, while the bodice and skirt are fully lined for all-day comfort.","100% viscose, Lining - 100% polyester",Regular fit,"https://assets.digitalcontent.marksandspencer.app/images/q_auto,f_auto/MS_10_T83_8478V_A4_X_EC_0/Animal-Print-V-Neck-Knee-Length-Waisted-Dress",https://www.marksandspencer.com/animal-print-v-neck-knee-length-waisted-dress/p/clp23082137
P23078086,Linen Rich Floral Scoop Neck Midi Dress,SABA,339,GBP,MULTI,T839421U,This linen-rich floral SABA dress is a striking and sophisticated choice for warm days. It has a regular fit with a waisted bodice complete with a dainty tie belt and a flowing skirt. Delicate straps and a scooped neckline add final feminine touches.,"62% linen, 38% viscose, Lining - 100% cotton",Regular fit,"https://assets.digitalcontent.marksandspencer.app/images/q_auto,f_auto/MS_10_T83_9421U_ZZ_X_EC_0/Linen-Rich-Floral-Scoop-Neck-Midi-Dress",https://www.marksandspencer.com/linen-rich-floral-scoop-neck-midi-dress/p/clp23078086
P22602561,Ponte Round Neck Mini Shift Dress,SOSANDAR,79,GBP,BLACK,T836478D,"This fitted shift dress from Sosandar provides a smart, sleek style with its smooth ponte fabric. With a round neckline and gold zip fastening, it features flattering contrast panels for a defined shape. The three-quarter sleeves add comfort and coverage, while the frill detail at the hem adds a touch of fun to the short mini length. Easy to wear for casual comfort all day long.","65% viscose, 30% polyamide and 5% elastane",Fitted,"https://assets.digitalcontent.marksandspencer.app/images/q_auto,f_auto/SD_10_T83_6478D_Y0_X_EC_0/Ponte-Round-Neck-Mini-Shift-Dress",https://www.marksandspencer.com/ponte-round-neck-mini-shift-dress/p/clp22602561
P23075138,Linen Rich Abstract Print Mini Shift Dress,SOSANDAR,75,GBP,BLUE MIX,T838327U,"Combining a striking abstract print with delicate lace trims, this linen-rich dress from Sosandar makes a show-stopping choice for any wardrobe. It's cut in a comfy regular fit, with a simple shift silhouette and an empire line that creates an elongating effect. The piece finishes at a wearably short mini hemline.","52% linen, 48% viscose",Regular fit,"https://assets.digitalcontent.marksandspencer.app/images/q_auto,f_auto/MS_10_T83_8327U_E4_X_EC_0/Linen-Rich-Abstract-Print-Mini-Shift-Dress",https://www.marksandspencer.com/linen-rich-abstract-print-mini-shift-dress/p/clp23075138
P23056449,Gracie Crinkle Frill Swing Beach Dress,Pour Moi,39,GBP,NAVY MIX,T588289M,"With its crinkle texture and tiered shape, this beach dress from Pour Moi is a summer essential. It's made in a regular fit and has a loose, swing style, perfect for throwing on over your bikini or swimsuit. The floral-print style features a drawstring tie at the v-neckline, along with fluttery short sleeves.",100 % viscose,Regular fit,"https://assets.digitalcontent.marksandspencer.app/images/q_auto,f_auto/MS_10_T58_8289M_F4_X_EC_0/Gracie-Crinkle-Frill-Swing-Beach-Dress",https://www.marksandspencer.com/floral-mini-beach-dress/p/clp23056449
P23073933,Crepe Floral V-Neck Midi Dress,Ghost,139,GBP,BLUE MIX,T839684T,"A delicate floral print brings a charming touch to this graceful crepe dress by Ghost. It's designed to a regular fit with a timeless empire line silhouette that skims the waist and hips before falling into a softly draped midi skirt. Gathering at the bust and on the petal-shaped short sleeves adds a feminine feel, while the v-neckline provides a flattering finish.",100% viscose,Regular fit,"https://assets.digitalcontent.marksandspencer.app/images/q_auto,f_auto/MS_10_T83_9684T_E4_X_EC_0/Crepe-Floral-V-Neck-Midi-Dress",https://www.marksandspencer.com/crepe-floral-v-neck-midi-dress/p/clp23073933
P23083950,Pure Cotton Polka Dot V-Neck Mini Dress,Finery London,49,GBP,BLACK MIX,T838659V,"Embrace effortless style with this pure cotton polka-dot dress from Finery London. It's designed in an easy regular fit, with an empire-line shape and a shirred waist panel. The lace-trimmed V-neckline and the short puff sleeves add extra elegance. This versatile piece is finished with hidden side pockets and a lightweight A-line skirt that falls to a mini length.",100% cotton,Regular fit,"https://assets.digitalcontent.marksandspencer.app/images/q_auto,f_auto/MS_10_T83_8659V_Y4_X_EC_0/Pure-Cotton-Polka-Dot-V-Neck-Mini-Dress",https://www.marksandspencer.com/pure-cotton-polka-dot-v-neck-mini-dress/p/clp23083950
P23095988,Textured Stretch Knee Length Shift Dress,Roman,55,GBP,TAN,T083462S,"Refresh your smart wardrobe with this classic shift dress by Roman, crafted from gently textured woven fabric with a slightly stretchy finish. It's designed with a sleek round neckline and short sleeves for a timeless look. This slightly flared piece falls to a flattering knee length.","96% polyester, 2% cotton, 1% acrylic and 1%elastane",Flared,"https://assets.digitalcontent.marksandspencer.app/images/q_auto,f_auto/MS_10_T08_3462S_VS_X_EC_0/Textured-Stretch-Knee-Length-Shift-Dress",https://www.marksandspencer.com/textured-stretch-knee-length-shift-dress/p/clp23095988
P23087268,Animal Print Ruched Front Midi Column Dress,River Island,49,GBP,BROWN MIX,T839401V,"Up your style game with this striking midi dress from River Island. It's crafted in a regular fit, with a round neckline and cap sleeves. This column dress makes a statement with its oversized animal print and ruched detailing on the bodice. A deep side split completes the look.",100% polyester,Regular fit,"https://assets.digitalcontent.marksandspencer.app/images/q_auto,f_auto/MS_10_T83_9401V_N4_X_EC_0/Animal-Print-Ruched-Front-Midi-Column-Dress",https://www.marksandspencer.com/animal-print-ruched-front-midi-column-dress/p/clp23087268
P23056459,Claire Linen Blend Beach Kaftan Dress,Pour Moi,45,GBP,BRIGHT BLUE,T588281M,"Cover up at the beach in style with this effortlessly cool cotton-linen dress by Pour Moi. This regular-fit, kaftan-style piece features a laidback v-neckline and voluminous three-quarter sleeves with gathered cuffs. Striped ladder detailing down the front and around the hem adds a sophisticated touch.","90% cotton, 10% linen",Regular fit,"https://assets.digitalcontent.marksandspencer.app/images/q_auto,f_auto/MS_10_T58_8281M_E5_X_EC_0/Claire-Linen-Blend-Beach-Kaftan-Dress",https://www.marksandspencer.com/cotton-rich-mini-beach-dress/p/clp23056459
P23087584,Mesh Print Fitted Maxi Dress,Never Fully Dressed,99,GBP,BROWN MIX,T828351B,"This maxi dress by Never Fully Dressed makes a striking impression. It's crafted from a printed stretch mesh that works with its fitted shape for a slinky, retro inspired feel. A slash neckline and long, slightly flared sleeves complete the graceful silhouette.","95% polyester, 5% elastane",Fitted,"https://assets.digitalcontent.marksandspencer.app/images/q_auto,f_auto/MS_10_T82_8351B_N4_X_EC_0/Mesh-Print-Fitted-Maxi-Dress",https://www.marksandspencer.com/mesh-print-fitted-maxi-dress/p/clp23087584
P23098901,Crepe Mini Shift Dress,River Island,39,GBP,KHAKI,T838831X,"A crepe fabric gives this mini shift dress a smooth, structured drape. Short sleeves and a relaxed fit make it easy to wear through the working week. From River Island, it's designed with a versatile shift shape that moves easily from desk to dinner.","95% polyester, 5% elastane",Relaxed fit,"https://assets.digitalcontent.marksandspencer.app/images/q_auto,f_auto/MS_10_T83_8831X_KH_X_EC_0/Crepe-Mini-Shift-Dress",https://www.marksandspencer.com/crepe-mini-shift-dress/p/clp23098901
P23072515,Printed V-Neck Midi Tea Dress,Finery London,49,GBP,RED MIX,T839648Q,This printed tea dress by Finery London is a versatile number with ageless style. It's cut to a regular fit to a refined midi length with an empire waist for a flattering silhouette. A v-neckline and button detailing add to the elegance of this piece which comes complete with slender short sleeves and a neat concealed zip fastening.,"96% polyester, 4% elastane",Regular fit,"https://assets.digitalcontent.marksandspencer.app/images/q_auto,f_auto/MS_10_T83_9648Q_B4_X_EC_0/Printed-V-Neck-Midi-Tea-Dress",https://www.marksandspencer.com/printed-v-neck-midi-tea-dress/p/clp23072515
P23090926,Geometric Spot Print Midi Shirt Dress,SOSANDAR,79,GBP,BURGUNDY MIX,T838231W,"This Sosandar shirt dress pairs minimalist style with a geometric spot print for day-to-night wear. Its slim fit defines your figure, with a detachable tie belt that cinches your waist. Buttons lead all the way down the sophisticated midi-length hem. Collar trim and cuffed long sleeves for an elegant finish.",100% viscose,Regular fit,"https://assets.digitalcontent.marksandspencer.app/images/q_auto,f_auto/MS_10_T83_8231W_U8_X_EC_0/Geometric-Spot-Print-Midi-Shirt-Dress",https://www.marksandspencer.com/geometric-spot-print-midi-shirt-dress/p/clp23090926
P23083642,High Neck Belted Skater Dress,HOBBS,159,GBP,GREEN,T838620V,"This skater dress by Hobbs is a true statement piece for occasion season. It's designed in a regular fit, with a cap-sleeved bodice that highlights the waist before flowing into a genty flared knee-length skirt. A slim belt brings added structure to the neat silhouette. This style fastens with a centre back zip.",100% polyester,regular fit,"https://assets.digitalcontent.marksandspencer.app/images/q_auto,f_auto/MS_10_T83_8620V_J0_X_EC_0/High-Neck-Belted-Skater-Dress",https://www.marksandspencer.com/high-neck-belted-skater-dress/p/clp23083642
P23098186,Reese Pure Cotton Button Through V Neck Midi Dress,White Stuff,75,GBP,GREEN MIX,T838684X,"Finished with a row of front buttons, this dress from White Stuff is made from pure cotton for a soft, breathable feel. It has long sleeves and a V neckline, cut in a regular fit through the midi length. The button through front makes it easy to wear open or fastened.",100% cotton,Regular fit,"https://assets.digitalcontent.marksandspencer.app/images/q_auto,f_auto/MS_10_T83_8684X_J4_X_EC_0/Reese-Pure-Cotton-Button-Through-V-Neck-Midi-Dress",https://www.marksandspencer.com/pure-cotton-button-through-v-neck-midi-dress/p/clp23098186
P23097559,Cord Blouson Sleeve Midi Shirt Dress,Monsoon,79,GBP,PINK,T838423X,"Add texture and elegance to your wardrobe with this cord shirt dress from Monsoon. Cut to a regular fit, it features an oversized pointed collar, pintuck pleats through the zip placket and blouson sleeves for added volume and drama. The midi-length hem creates a flattering silhouette, perfect for effortless seasonal styling.",Outer - 100% polyester,Regular fit,"https://assets.digitalcontent.marksandspencer.app/images/q_auto,f_auto/MS_10_T83_8423X_A0_X_EC_0/Cord-Blouson-Sleeve-Midi-Shirt-Dress",https://www.marksandspencer.com/cord-blouson-sleeve-midi-shirt-dress/p/clp23097559
P23095496,Zebra Print Asymmetric Hem Midi Column Dress,River Island,59,GBP,BLUE MIX,T839416V,"Make a style statement in this striking zebra-print dress from River Island. It's made in a regular fit, in a column shape, with a drapey, asymmetric neckline and sleeveless bodice. Gathered detailing and a flared, asymmetric midi skirt create an instantly flattering shape with plenty of swishy movement.",100% polyester,Regular fit,"https://assets.digitalcontent.marksandspencer.app/images/q_auto,f_auto/MS_10_T83_9416V_E4_X_EC_0/Zebra-Print-Asymmetric-Hem-Midi-Column-Dress",https://www.marksandspencer.com/zebra-print-asymmetric-hem-midi-column-dress/p/clp23095496
P23077376,Printed Round Neck Midi Column Dress,Whistles,159.2,GBP,BROWN MIX,T838876U,"With its striking abstract print, this column dress from Whistles is an eyecatching choice. It's cut in a comfy regular fit, with short sleeves for light coverage and a timeless round neckline. The hemline sits at a flowing midi length. This piece fastens with a neat back zip.","69% acetate, 31% viscose",Regular fit,"https://assets.digitalcontent.marksandspencer.app/images/q_auto,f_auto/MS_10_T83_8876U_N4_X_EC_0/Printed-Round-Neck-Midi-Column-Dress",https://www.marksandspencer.com/printed-round-neck-midi-column-dress/p/clp23077376
P23095154,Cotton Rich Floral Midi Waisted Dress,Seasalt Cornwall,65,GBP,GREY MIX,T839546W,Timeless florals meet soft cotton-rich jersey in this waisted dress by Seasalt Cornwall. It's cut in a relaxed fit for comfort and features gentle gathering at the waist for a flattering fit-and-flare shape. Three-quarter sleeves and a scoop neckline complete the beautifully feminine design.,"96% cotton , 4% elastane",Regular fit,"https://assets.digitalcontent.marksandspencer.app/images/q_auto,f_auto/MS_10_T83_9546W_T4_X_EC_0/Cotton-Rich-Floral-Midi-Waisted-Dress",https://www.marksandspencer.com/cotton-rich-floral-midi-waisted-dress/p/clp23095154
P23090624,V-Neck Belted Midi Knitted Dress,Monsoon,85,GBP,BLACK,T838196W,"Opt for a classic look with this long-sleeved knitted dress from Monsoon. It's designed in an easy regular fit, with a midi-length hem and a belted waist for a flattering silhouette. The V-neckline adds feminine charm and is finished with a delicate lace trim for luxe appeal.","Outer - 70% viscose , 30% polyamide",regular fit,"https://assets.digitalcontent.marksandspencer.app/images/q_auto,f_auto/MS_10_T83_8196W_Y0_X_EC_0/V-Neck-Belted-Midi-Knitted-Dress",https://www.marksandspencer.com/v-neck-belted-midi-knitted-dress/p/clp23090624
P23096153,Petite Ribbed Tie Detail Midi Bodycon Dress,Roman,55,GBP,CHOCOLATE,T083578S,"Bring understated elegance into the mix with this Roman dress, cut in a bodycon midi silhouette with a flattering ribbed knit texture. A round neckline and full-length sleeves offer a classic, versatile shape, while a tie-waist detail cinches the silhouette. A side split at the hem completes this sophisticated piece.","96% polyester, 4% elastane",Flared,"https://assets.digitalcontent.marksandspencer.app/images/q_auto,f_auto/MS_10_T08_3578S_SH_X_EC_0/Petite-Ribbed-Tie-Detail-Midi-Bodycon-Dress",https://www.marksandspencer.com/ribbed-tie-detail-midi-bodycon-dress/p/clp23096153
P23055008,Jersey Geometric Midi Skater Dress,HOBBS,99,GBP,BLACK MIX,T839300M,"Crafted from comfortable jersey with a modern geometric print, this Hobbs midi dress is effortless in its femininity. It's made in a regular fit with a neat round neckline and long sleeves. A self-tie belt and gathering through the bodice define the waist, creating a flattering fit-and-flare silhouette. The piece is complete with a neat zip at the back.","95% viscose, 5% elastane",Regular fit,"https://assets.digitalcontent.marksandspencer.app/images/q_auto,f_auto/MS_10_T83_9300M_Y4_X_EC_0/Jersey-Geometric-Midi-Skater-Dress",https://www.marksandspencer.com/jersey-geometric-midi-skater-dress/p/clp23055008
P23090962,Abstract Print Ruched Detail Midi Skater Dress,SOSANDAR,75,GBP,BROWN MIX,T838228W,This striking mesh dress by Sosandar features an exclusive abstract print that echoes chic zebra stripes. It's designed in a slim fit with gathered sides that form a flattering ruched effect. The sheer long sleeves add subtle feminine allure to the design complemented by a versatile midi-length hemline.,"Main - 95% polyester, 5% elastane, Lining - 85% polyester, 15% elastane",slim fit,"https://assets.digitalcontent.marksandspencer.app/images/q_auto,f_auto/MS_10_T83_8228W_N4_X_EC_0/Abstract-Print-Ruched-Detail-Midi-Skater-Dress",https://www.marksandspencer.com/abstract-print-ruched-detail-midi-skater-dress/p/clp23090962
P23086546,Jersey Floral V-Neck Midi Skater Dress,Seasalt Cornwall,69.95,GBP,NAVY MIX,T839162V,"This cotton-rich jersey skater dress by Seasalt Cornwall is a cheerful piece for smart-casual occasions. It's made in a regular fit, with a v-neck, short sleeves and an empire-line waist. The flared midi skirt has pleats through the front for swishy movement. An exclusive marigold print adds a pop of colour and a touch of stretch in the fabric provides comfort.","96% cotton, 4% elastane",Regular fit,"https://assets.digitalcontent.marksandspencer.app/images/q_auto,f_auto/MS_10_T83_9162V_F4_X_EC_0/Jersey-Floral-V-Neck-Midi-Skater-Dress",https://www.marksandspencer.com/jersey-floral-v-neck-midi-skater-dress/p/clp23086546
P23097441,Cotton Printed Collared Shift Dress,Joules,69,GBP,NAVY MIX,T838529X,"This shift dress from Joules is made from pure cotton and finished with a western print throughout. It sits in a relaxed A Line fit with a collar and half button placket at the front, while side pockets add practical storage. Long sleeves finish in cuffs for a neat, considered fit.",100% cotton,Relaxed fit,"https://assets.digitalcontent.marksandspencer.app/images/q_auto,f_auto/MS_10_T83_8529X_F4_X_EC_0/Cotton-Printed-Collared-Shift-Dress",https://www.marksandspencer.com/cotton-printed-collared-shift-dress/p/clp23097441
P23091666,Velvet Lace Detail V-Neck Mini Waisted Dress,FatFace,110,GBP,BURGUNDY,T838510W,Channel instant elegance on evenings out with this velvet dress from FatFace. It's designed in a regular fit to a knee-length shape that nips in at the empire waist for a flattering silhouette. The short sleeves and bodice are made from lace for a sophisticated look. A feminine v-neck and a keyhole button fastening complete the design.,"Shell - 74% polyester, 26% nylon, Lining - 100% polyester, Lace - 48% nylon, 31% cotton and 21% viscose",regular fit,"https://assets.digitalcontent.marksandspencer.app/images/q_auto,f_auto/MS_10_T83_8510W_XM_X_EC_0/Velvet-Lace-Detail-V-Neck-Mini-Waisted-Dress",https://www.marksandspencer.com/velvet-lace-detail-v-neck-mini-waisted-dress/p/clp23091666
P23097420,V Neck Long Sleeve Printed Midi Dress,Joules,69,GBP,NAVY MIX,T838530X,"A midi dress from Joules is designed with a woodland toile print and a flattering V neckline. Gathering at the waist helps to shape the fit, while long sleeves with shirred cuffs add a soft, feminine detail. The tiered hem and side pockets complete the practical, everyday design.",100% viscose,Regular fit,"https://assets.digitalcontent.marksandspencer.app/images/q_auto,f_auto/MS_10_T83_8530X_F4_X_EC_0/V-Neck-Long-Sleeve-Printed-Midi-Dress",https://www.marksandspencer.com/v-neck-long-sleeve-printed-midi-dress/p/clp23097420
P23096354,Petite Zip Detail Knee Length Shift Dress,Roman,52,GBP,BLACK,T083693S,"Bring extra flair to your smart-casual looks with this striking shift dress by Roman. This short-sleeve style is made in a flattering shift silhouette, which falls to the knee. A round neck gives it a classic touch, while zip details on the pockets add a subtle flash of metallic detail.","76% polyester, 21% viscose and 3% elastane",Flared,"https://assets.digitalcontent.marksandspencer.app/images/q_auto,f_auto/MS_10_T08_3693S_Y0_X_EC_0/Petite-Zip-Detail-Knee-Length-Shift-Dress",https://www.marksandspencer.com/zip-detail-knee-length-shift-dress/p/clp23096354
P23081614,Jersey Maxi T-Shirt Dress,Live Unlimited London,65,GBP,NAVY,T838387V,"This dress from Live Unlimited London is crafted from super soft jersey that has a drapey effect for an elevated look. It's cut to an easy regular fit, with a timeless crew neckline and short sleeves for a breathable feel. Gathers at the waist create extra shaping, while side splits in the maxi hem bring a flutter of movement.",100% viscose,Regular fit,"https://assets.digitalcontent.marksandspencer.app/images/q_auto,f_auto/MS_10_T83_8387V_F0_X_EC_0/Jersey-Maxi-T-Shirt-Dress",https://www.marksandspencer.com/jersey-maxi-t-shirt-dress/p/clp23081614
P23096273,Striped Knee Length Jumper Dress,Roman,32,GBP,BLACK,T083609S,"With its knee-length cut, this knitted jumper dress from Roman makes an effortless choice for cooler days. It's designed with a relaxed-fitting body that skims softly over curves and snug ribbed three-quarter sleeves. A deep v-neckline and an asymmetrical hem offer an on-trend look. Striped panels running through the middle and at the bottom lend a fresh finish.","52% viscose, 30% polyester and 18% polyamide",Relaxed fit,"https://assets.digitalcontent.marksandspencer.app/images/q_auto,f_auto/MS_10_T08_3609S_Y0_X_EC_0/Striped-Knee-Length-Jumper-Dress",https://www.marksandspencer.com/animal-print-knee-length-jumper-dress/p/clp23096273
P23087326,Printed Belted Mini Shirt Dress,River Island,42,GBP,BROWN MIX,T839413V,"This River Island shirt dress combines a paisley design with an animal print for a striking look. It's made in a mini-length cut with long sleeves that finish in smart buttoned cuffs. The fabric belt cinches you in at the waist, while a collared neckline and a neat button closure at the front provide classic details.",100% viscose,,"https://assets.digitalcontent.marksandspencer.app/images/q_auto,f_auto/MS_10_T83_9413V_N4_X_EC_0/Printed-Belted-Mini-Shirt-Dress",https://www.marksandspencer.com/pure-cotton-printed-belted-mini-shirt-dress/p/clp23087326
P23059106,Cosy Ribbed Half-Zip Mini Knitted Dress,Pour Moi,55,GBP,CHARCOAL,T588301M,"This cosy jumper dress from Pour Moi is a stylish way to stay warm on chilly days. It's knitted in a regular fit, with long sleeves and a mini length. The collared neck and ribbed texture create a neat look. A half-zip closure adds a sporty touch.","64% acrylic, 33% polyamide and 3% elastane",Regular fit,"https://assets.digitalcontent.marksandspencer.app/images/q_auto,f_auto/MS_10_T58_8301M_VP_X_EC_0/Cosy-Ribbed-Half-Zip-Mini-Knitted-Dress",https://www.marksandspencer.com/cosy-ribbed-half-zip-mini-knitted-dress/p/clp23059106
P23081148,Square Neck Scuba Midi Waisted Dress,Phase Eight,149,GBP,RED,T838335V,"The fitted bodice and full skirt make this Phase Eight waisted dress an elegant choice for daytime events. It's designed in a regular fit from structured scuba fabric, with a sleeveless, sculpted bodice, sleek shoulder straps and a square neckline. The skirt is gathered at the waist, forming wide pleats, and falls to midi length. This piece fastens with a discreet back zip.",100% polyester,Regular fit,"https://assets.digitalcontent.marksandspencer.app/images/q_auto,f_auto/MS_10_T83_8335V_B0_X_EC_0/Square-Neck-Scuba-Midi-Waisted-Dress",https://www.marksandspencer.com/square-neck-scuba-midi-waisted-dress/p/clp23081148
P23088617,Cotton Rich Jersey Printed Waisted Dress,White Stuff,59,GBP,NAVY MIX,T839706V,"This White Stuff dress is crafted from breathable cotton-rich jersey, making it a comfortable choice for laid-back days. The regular-fit piece has a flattering A-line shape, complete with an empire-line seam and soft ruching through the bust. Short sleeves with gathered shoulders and a knee-length hem offer a neat silhouette. The all-over geometric print pairs with a contrasting pattern at the knee-length hem for added visual interest.","57% cotton, 38% modal and 5% elastane",Regular fit,"https://assets.digitalcontent.marksandspencer.app/images/q_auto,f_auto/MS_10_T83_9706V_F4_X_EC_0/Cotton-Rich-Jersey-Printed-Waisted-Dress",https://www.marksandspencer.com/cotton-rich-jersey-printed-waisted-dress/p/clp23088617
P23096229,Knitted Knee Length Jumper Dress,Roman,60,GBP,DARK GREY,T083599S,"Stand out from the crowd on chilly days with this striking Nordic print jumper dress from Roman. It's made to a comfortable regular fit, with a cosy crew neckline. This knee-length style features contrast ribbed detailing on the cuffs and hemline, creating a premium look.","65% acrylic, 35% polyester",Relaxed fit,"https://assets.digitalcontent.marksandspencer.app/images/q_auto,f_auto/MS_10_T08_3599S_T3_X_EC_0/Knitted-Knee-Length-Jumper-Dress",https://www.marksandspencer.com/knitted-knee-length-jumper-dress/p/clp23096229
P23092332,Bandana Print Tie Waist Mini Shirt Dress,River Island,49,GBP,BROWN MIX,T838772W,"This shirt dress by River Island makes a statement with its stylish bandana print and contrasting leopard-spot trims. It's cut in a flattering skater shape, with long blouson sleeves and a flared mini skirt. Ruffles add a floaty flourish to the collar, cuffs and hem, while a tie detail cinches the waist.",100% polyester,Flared,"https://assets.digitalcontent.marksandspencer.app/images/q_auto,f_auto/MS_10_T83_8772W_N4_X_EC_0/Bandana-Print-Tie-Waist-Mini-Shirt-Dress",https://www.marksandspencer.com/bandana-print-tie-waist-mini-shirt-dress/p/clp23092332
P23074145,Checked V-Neck Midi Tea Dress,Nobody's Child,79,GBP,WHITE,T829473A,Give your look a romantic touch with this checked tea dress from Nobody's Child. This midi-length piece is designed in a comfy regular fit. A v-neckline and floaty short sleeves add to its feminine appeal.,"82% viscose, 17% polyester and 1% elastane",regular fit,"https://assets.digitalcontent.marksandspencer.app/images/q_auto,f_auto/MS_10_T82_9473A_Z0_X_EC_0/Checked-V-Neck-Midi-Tea-Dress",https://www.marksandspencer.com/checked-v-neck-midi-tea-dress/p/clp23074145
P23067146,Floral One Shoulder Midaxi Column Dress,French Connection,130,GBP,WHITE MIX,T839782N,"With its painterly floral print, this column dress by French Connection gives you a striking appearance. It’s cut into an easy regular fit with a one-shoulder bodice for an asymmetric silhouette. The vibrant piece has a sophisticated midaxi-length hem and fastens with a discreet button at the back of the neck.",100% polyester,Regular fit,"https://assets.digitalcontent.marksandspencer.app/images/q_auto,f_auto/MS_10_T83_9782N_Z4_X_EC_0/Floral-One-Shoulder-Midaxi-Column-Dress",https://www.marksandspencer.com/floral-one-shoulder-midaxi-column-dress/p/clp23067146
P23076020,Pure Cotton Broderie Midi Shirt Dress,Live Unlimited London,119,GBP,WHITE,T838611U,"This shirt dress by Live Unlimited London is crafted from pure cotton for all-day comfort. Regular fit, featuring airy short sleeves. The all-over broderie pattern creates a pretty aesthetic, while splits in the sides ensure easy movement. Falls to a classic midi-length hem with a feminine scalloped design.",100% cotton,Regular fit,"https://assets.digitalcontent.marksandspencer.app/images/q_auto,f_auto/MS_10_T83_8611U_Z0_X_EC_0/Pure-Cotton-Broderie-Midi-Shirt-Dress",https://www.marksandspencer.com/pure-cotton-broderie-midi-shirt-dress/p/clp23076020
P23097426,Heritage Check Sleeveless Shift Dress,Joules,65,GBP,BROWN MIX,T838533X,"A shift dress from Joules cut in a heritage check pattern for a classic, tailored silhouette that suits both office and evening wear. Its sleeveless design and crew neckline keep the look clean and uncluttered, while faux flap pockets with brass buttons add a polished finishing touch. The dress is fully lined, helping it hold its shape and feel comfortable against the skin through the day.","Main - 65% polyester, 33% viscose, 2% elastane, Lining - 100% polyester",Regular fit,"https://assets.digitalcontent.marksandspencer.app/images/q_auto,f_auto/MS_10_T83_8533X_N4_X_EC_0/Heritage-Check-Sleeveless-Shift-Dress",https://www.marksandspencer.com/heritage-check-sleeveless-shift-dress/p/clp23097426
P23098189,Cotton Blend Notch Neck Knee Length Dress,White Stuff,79,GBP,BLACK,T838687X,"This dress is made from a cotton blend fabric with a notch neckline and button fastening detail, designed by White Stuff. Cut in a regular fit through the knee length, it has long sleeves suited to cooler days. Plain throughout, it offers an easy, versatile shape.","50% cotton, 50% modal",Regular fit,"https://assets.digitalcontent.marksandspencer.app/images/q_auto,f_auto/MS_10_T83_8687X_Y0_X_EC_0/Cotton-Blend-Notch-Neck-Knee-Length-Dress",https://www.marksandspencer.com/cotton-blend-notch-neck-knee-length-dress/p/clp23098189
P23098194,Pure Cotton Crew Neck Midi Twist Dress,White Stuff,79,GBP,DARK NAVY,T838677X,"This tea dress, from White Stuff, features a twisted knot detail that adds interest to the design. Made from pure cotton, it has 3/4 length sleeves and a crew neckline, cut in a regular fit through the midi length. The twist detail gives the dress a considered finishing touch.",100% cotton,Regular fit,"https://assets.digitalcontent.marksandspencer.app/images/q_auto,f_auto/MS_10_T83_8677X_F3_X_EC_0/Pure-Cotton-Crew-Neck-Midi-Twist-Dress",https://www.marksandspencer.com/pure-cotton-crew-neck-midi-twist-dress/p/clp23098194
P23083403,Textured Halter Neck Midi Skater Dress,River Island,49,GBP,CHOCOLATE,T838556V,"Embrace a sleek look on evenings out with this sleeveless fit-and-flare dress from River Island. It's crafted from textured fabric in a regular fit and features a halterneck with a keyhole fastening at the nape. Asymmetric seam detailing draws attention to the handkerchief hem, which flows to a versatile midi length.",100% polyester,regular fit,"https://assets.digitalcontent.marksandspencer.app/images/q_auto,f_auto/MS_10_T83_8556V_SH_X_EC_0/Textured-Halter-Neck-Midi-Skater-Dress",https://www.marksandspencer.com/textured-halter-neck-midi-skater-dress/p/clp23083403
P23022907,Button Detail Skater Dress,Finery London,59,GBP,NAVY,T839086L,,"92% polyester, 8% elastane",Regular fit,"https://assets.digitalcontent.marksandspencer.app/images/q_auto,f_auto/MS_10_T83_9086L_F0_X_EC_0/Button-Detail-Skater-Dress",https://www.marksandspencer.com/button-detail-skater-dress/p/clp23022907
P23083709,Belted Midi Shirt Dress,Monsoon,140,GBP,PINK,T838701V,"Bring elegant style to smart occasions with this shirt dress from Monsoon. This regular-fit piece features flattering waisted shaping with a matching buckle belt. On the long-sleeved bodice, a sharp collared neckline completes the sophisticated silhouette.","Outer - 100% polyester, Lining - 100% polyester",Regular fit,"https://assets.digitalcontent.marksandspencer.app/images/q_auto,f_auto/MS_10_T83_8701V_A0_X_EC_0/Belted-Midi-Shirt-Dress",https://www.marksandspencer.com/belted-midi-shirt-dress/p/clp23083709
P23073943,Satin V-Neck Tie Back Midi Tea Dress,Ghost,149,GBP,RED,T839680T,"This satin tea dress from Ghost is a simple yet striking style for elegant dressing. The sleeveless piece comes in a regular fit, with a picot lace-trimmed v-neckline and gentle gathers at the underbust seam. Bias cut for graceful flowing movement, the skirt falls to a midi length. A back tie detail allows a customised feel.",100% viscose,Regular fit,"https://assets.digitalcontent.marksandspencer.app/images/q_auto,f_auto/MS_10_T83_9680T_B0_X_EC_0/Satin-V-Neck-Tie-Back-Midi-Tea-Dress",https://www.marksandspencer.com/satin-v-neck-tie-back-midi-tea-dress/p/clp23073943
P23077442,Cotton Rich Textured Checked V-Neck Midi Dress,Whistles,119.2,GBP,GREEN MIX,T838878U,This textured checked dress by Whistles is a striking choice for special occasions. It's cut from cotton-rich fabric with a slim fit and an asymmetrical midi-length skirt that sways elegantly as you move. The bodice has a sleeveless style with a v-neckline for a feminine look. A zip fastening at the back ensures a streamlined finish.,"61% cotton, 38% polyester and 1% elastane",Regular fit,"https://assets.digitalcontent.marksandspencer.app/images/q_auto,f_auto/MS_10_T83_8878U_J4_X_EC_0/Cotton-Rich-Textured-Checked-V-Neck-Midi-Dress",https://www.marksandspencer.com/cotton-rich-textured-checked-v-neck-midi-dress/p/clp23077442
P23088587,Pure Cotton Jersey Printed Midi Waisted Dress,White Stuff,75,GBP,PINK MIX,T839680V,"Bring pretty prints to your wardrobe with this elegant waisted dress from White Stuff. It's designed in a regular fit from pure cotton jersey that ensures an easy-to-wear feel. The design includes a notch v-neck, long slightly puffed sleeves, and a matching tie belt for a defined silhouette.",100% cotton,Regular fit,"https://assets.digitalcontent.marksandspencer.app/images/q_auto,f_auto/MS_10_T83_9680V_A4_X_EC_0/Pure-Cotton-Jersey-Printed-Midi-Waisted-Dress",https://www.marksandspencer.com/pure-cotton-jersey-printed-midi-waisted-dress/p/clp23088587
P23088997,Polka Dot V-Neck Midi Skater Dress,Phase Eight,149,GBP,BROWN MIX,T839738V,"Create an occasion-ready look with this polka dot dress by Phase Eight. It's designed in a regular fit, with a faux wrap bodice and neat tie that accentuates the waist. Fluttery short sleeves and a midi-length pleated skirt complete this elegant piece. It fastens with a concealed zip.",100% polyester,Regular fit,"https://assets.digitalcontent.marksandspencer.app/images/q_auto,f_auto/MS_10_T83_9738V_N4_X_EC_0/Polka-Dot-V-Neck-Midi-Skater-Dress",https://www.marksandspencer.com/polka-dot-v-neck-midi-skater-dress/p/clp23088997
P23089527,Button Front Mini Utility Shirt Dress,River Island,49,GBP,PURPLE,T839797V,"Opt for timeless utility styling with this mini dress from River Island. It's designed in an easy regular fit, with a flattering sleeveless silhouette and a neat round neckline. This striking button-through piece has an elasticated waist with a tie closure for versatile wear. Handy chest pockets complete the design.",100% polyurethane,regular fit,"https://assets.digitalcontent.marksandspencer.app/images/q_auto,f_auto/MS_10_T83_9797V_D0_X_EC_0/Button-Front-Mini-Utility-Shirt-Dress",https://www.marksandspencer.com/button-front-mini-utility-shirt-dress/p/clp23089527
P23092250,High Neck Midi Bodycon Dress,River Island,36,GBP,DARK GREY,T838440W,"This bodycon dress by River Island is a great choice for effortless day-to-night outfits. Designed in a regular fit, it features a figure-skimming shape. This short-sleeved piece is finished with a sophisticated high neck and falls to a midi length, with a split at the back for easy movement.","95% polyester, 5% elastane",regular fit,"https://assets.digitalcontent.marksandspencer.app/images/q_auto,f_auto/MS_10_T83_8440W_T3_X_EC_0/High-Neck-Midi-Bodycon-Dress",https://www.marksandspencer.com/high-neck-midi-bodycon-dress/p/clp23092250
P23086928,Polka Dot Midi Skater Dress,Nobody's Child,79,GBP,BLACK,T828239B,"A polka dot print brings a traditional feel to this Nobody's Child dress. It has a flattering fit-and-flare silhouette, which softly skims the body before nipping in at the waist and falling to a flowing midi length. This piece features feminine puff sleeves and a keyhole opening with a button fastening at the back.",100% viscose,Regular fit,"https://assets.digitalcontent.marksandspencer.app/images/q_auto,f_auto/MS_10_T82_8239B_Y0_X_EC_0/Polka-Dot-Midi-Skater-Dress",https://www.marksandspencer.com/polka-dot-midi-skater-dress/p/clp23086928
P23092986,Stretch Corduroy Midi Skater Dress,Monsoon,85,GBP,DARK BLUE,T838969W,"Step into effortless style with this cord dress from Monsoon. It's made to a regular fit with a feminine skater shape that sits at a midi length. Shirring on the bodice and waist adds flattering detail, alongside a round neck. A tie front and three-quarter length sleeves provide the finishing touches.",Outer - 100% polyester,regular fit,"https://assets.digitalcontent.marksandspencer.app/images/q_auto,f_auto/MS_10_T83_8969W_E3_X_EC_0/Stretch-Corduroy-Midi-Skater-Dress",https://www.marksandspencer.com/stretch-corduroy-midi-skater-dress/p/clp23092986
P23084950,Denim Mini Shift Dress,RO&ZO,119,GBP,BLUE DENIM,T838953V,"Bring romantic style to your daywear with this pure cotton denim dress by Ro&Zo. It's made in a regular fit, with a feminine v-neckline leading to a button-through front, plus short puff sleeves for extra flair. This mini-length piece is finished with side pockets and contrast stitching.","72% cotton, 15% polyester, 9% viscose, 3% lyocell and 1% acrylic",Regular fit,"https://assets.digitalcontent.marksandspencer.app/images/q_auto,f_auto/MS_10_T83_8953V_JQ_X_EC_0/Denim-Mini-Shift-Dress",https://www.marksandspencer.com/denim-mini-shift-dress/p/clp23084950
P23095131,Cotton Rich Floral Midi Waisted Dress,Seasalt Cornwall,55,GBP,NAVY MIX,T839543W,"With its striking floral print, this cotton-rich dress from Seasalt Cornwall dress makes a vibrant addition to your wardrobe. It's crafted from soft jersey fabric chosen for its comfort and subtle stretch. The flattering shape skims the bodice before flaring out from the waist into a midi-length skirt. A round neck and 3/4 length sleeves complete the look.","96% cotton , 4% elastane",Flared,"https://assets.digitalcontent.marksandspencer.app/images/q_auto,f_auto/MS_10_T83_9543W_F4_X_EC_0/Cotton-Rich-Floral-Midi-Waisted-Dress",https://www.marksandspencer.com/cotton-rich-floral-midi-waisted-dress/p/clp23095131
P23056469,Lucy Cotton Poplin Tiered Maxi Dress,Pour Moi,59,GBP,IVORY MIX,T588293M,"This cotton-rich dress from Pour Moi is a stylish choice for casual days. It's made in a regular fit, with a shirred bodice for a flattering look and a square neckline. The short puff sleeves add a feminine touch, while the tiered skirt falls to a versatile maxi length. A bold leaf print completes this standout piece.","98% cotton, 2% lycra",Regular fit,"https://assets.digitalcontent.marksandspencer.app/images/q_auto,f_auto/MS_10_T58_8293M_Y8_X_EC_0/Lucy-Cotton-Poplin-Tiered-Maxi-Dress",https://www.marksandspencer.com/cotton-rich-leaf-print-maxi-tiered-dress/p/clp23056469
P23078010,V-Neck Mini Skater Dress,Ted Baker,159,GBP,BURGUNDY,T188597B,"Exude sophisticated elegance with this mini dress from Ted Baker. This long-sleeved piece is designed in a regular fit, with a flattering skater shape and plunging V-neckline. Ruched detailing on the front offers added shaping, while the branded gold-tone bar provides a luxe finishing touch. A back zip closure completes the design.",100% polyester,,"https://assets.digitalcontent.marksandspencer.app/images/q_auto,f_auto/MS_10_T18_8597B_XM_X_EC_0/V-Neck-Mini-Skater-Dress",https://www.marksandspencer.com/v-neck-mini-skater-dress/p/clp23078010
P23096317,Knitted Knee Length Jumper Dress,Roman,55,GBP,RED,T083617S,"This jumper dress from Roman is knitted in a soft, everyday-friendly finish. It has a relaxed, straight silhouette with a knee-length hem. A flattering crew neckline is complemented by button-detail cuffs on the sleeves. Rib-knit trims at the neckline, cuffs and hem add a clean, tailored finish.","52% viscose, 30% polyester and 18% polyamide",Relaxed fit,"https://assets.digitalcontent.marksandspencer.app/images/q_auto,f_auto/MS_10_T08_3617S_B0_X_EC_0/Knitted-Knee-Length-Jumper-Dress",https://www.marksandspencer.com/knitted-knee-length-jumper-dress/p/clp23096317
P23089346,Mesh Deer Print Slash Neck Maxi Dress,Never Fully Dressed,129,GBP,BURGUNDY MIX,T828386B,"With a mesh overlay and a contemporary deer print, this dress from Never Fully Dressed was made for showing off. The maxi length clings to your figure, with flared long sleeves adding a retro touch. A slash neckline gives a final feminine finish.","98% polyester, 2% elastane",Fitted,"https://assets.digitalcontent.marksandspencer.app/images/q_auto,f_auto/MS_10_T82_8386B_U8_X_EC_0/Mesh-Deer-Print-Slash-Neck-Maxi-Dress",https://www.marksandspencer.com/mesh-deer-print-slash-neck-maxi-dress/p/clp23089346
P23099291,Printed Notch Neck Knee Length Swing Dress,White Stuff,79,GBP,BROWN,T839043X,"Printed throughout, this White Stuff dress has a notch neckline for a simple, considered finish. The swing shape skims the body at knee length, while long sleeves and a button fastening make it easy to wear from day to day. A regular fit keeps the style relaxed and comfortable.","58% viscose, 42% cotton",Regular fit,"https://assets.digitalcontent.marksandspencer.app/images/q_auto,f_auto/MS_10_T83_9043X_N0_X_EC_0/Printed-Notch-Neck-Knee-Length-Swing-Dress",https://www.marksandspencer.com/printed-notch-neck-knee-length-swing-dress/p/clp23099291
P23096393,Houndstooth Knee Length Shift Dress,Roman,60,GBP,RED,T083641S,"This Roman dress is made from houndstooth stretch fabric, creating an effortlessly stylish piece. It comes in a timeless shift silhouette that flatters the figure while ensuring easy comfort. Highlights include a classic round neckline, a versatile knee-length hemline, plus handy patch pockets on the hips.","80% polyester, 17% viscose and 3% elastane",Flared,"https://assets.digitalcontent.marksandspencer.app/images/q_auto,f_auto/MS_10_T08_3641S_B0_X_EC_0/Houndstooth-Knee-Length-Shift-Dress",https://www.marksandspencer.com/houndstooth-knee-length-shift-dress/p/clp23096393
P23097048,2 in 1 Animal Print Shirt Mini Swing Dress,Roman,55,GBP,BLACK,T083734S,"Get the look of layers with this chic 2-in-1 dress from Roman. It's designed in a regular fit with a playful mini-length swing silhouette, cut from soft jersey. The collar at the feminine v-neckline and the long, gently full, cuffed sleeves showcase a bold animal print. Side pockets give a handy finish.","86% viscose, 10% polyamide and 4% elastane",Regular fit,"https://assets.digitalcontent.marksandspencer.app/images/q_auto,f_auto/MS_10_T08_3734S_Y0_X_EC_0/2-in-1-Animal-Print-Shirt-Mini-Swing-Dress",https://www.marksandspencer.com/2-in-1-animal-print-shirt-mini-swing-dress/p/clp23097048
P23093987,Crepe Polka Dot Midi Waisted Dress,Ghost,189,GBP,BROWN MIX,T839296W,"The perfect blend of smart and elegant, this crepe Ghost dress is ideal for just about every occasion. It's cut from polka dot fabric to a regular fit with a flattering waisted shape that falls to a midi length. An oversized collar embellished with florals adds a stylish touch to the tie neckline. The long sleeves are buttoned at the cuffs for extra sophistication.",100% viscose,Regular fit,"https://assets.digitalcontent.marksandspencer.app/images/q_auto,f_auto/MS_10_T83_9296W_N4_X_EC_0/Crepe-Polka-Dot-Midi-Waisted-Dress",https://www.marksandspencer.com/crepe-polka-dot-midi-waisted-dress/p/clp23093987
P23096395,Abstract Print Knee Length Shift Dress,Roman,60,GBP,LIME GREEN,T083642S,"This abstract print shift dress from Roman brings artistic appeal to your wardrobe. The regular fit is complemented by an open collared neckline and modern zipped pockets at the hips. Falling to a flattering knee length, this dress combines eye-catching pattern with a timeless silhouette, creating an effortlessly polished choice for everyday wear.","95% polyester, 5% elastane",Regular fit,"https://assets.digitalcontent.marksandspencer.app/images/q_auto,f_auto/MS_10_T08_3642S_UF_X_EC_0/Abstract-Print-Knee-Length-Shift-Dress",https://www.marksandspencer.com/abstract-print-knee-length-shift-dress/p/clp23096395
P23086905,Checked Cowl Neck Midi Slip Dress,Nobody's Child,110,GBP,RED,T828264B,"Opt for effortless elegance with this checked slip dress by Nobody's Child. It's cut to a regular fit, with a flowing midi hem. The cowl neckline adds a beautiful drape effect, while spaghetti straps bring a breezy touch and an adjustable finish.",100% viscose,Regular fit,"https://assets.digitalcontent.marksandspencer.app/images/q_auto,f_auto/MS_10_T82_8264B_B0_X_EC_0/Checked-Cowl-Neck-Midi-Slip-Dress",https://www.marksandspencer.com/checked-cowl-neck-midi-slip-dress/p/clp23086905
P23093994,Crepe Polka Dot V-Neck Midi Waisted Dress,Ghost,169,GBP,NAVY MIX,T839303W,"Exude understated elegance with this polka dot Ghost dress, made from the brand's signature crepe fabric. It's designed with a regular fit, making it a versatile pick for both office and after-work events. A feminine waisted shape and v-neckline enhance your figure, while voluminous long sleeves complete the look.",100% viscose,regular fit,"https://assets.digitalcontent.marksandspencer.app/images/q_auto,f_auto/MS_10_T83_9303W_F4_X_EC_0/Crepe-Polka-Dot-V-Neck-Midi-Waisted-Dress",https://www.marksandspencer.com/crepe-polka-dot-v-neck-midi-waisted-dress/p/clp23093994
P23096253,Petite Textured Knee Length Bodycon Dress,Roman,48,GBP,BLACK,T083605S,"Combining contemporary detail with a classic silhouette, this Roman dress makes an ultra-feminine statement. It's cut in a fitted bodycon silhouette, from a stretchy textured fabric that makes it easy to pull on. The v-neckline is twisted, which creates stylish gathering around the bust. Complete with airy short sleeves and a modest knee-length hem, this piece is perfect for elevating your dress collection.",98% polyester and 2% elastane,Flared,"https://assets.digitalcontent.marksandspencer.app/images/q_auto,f_auto/MS_10_T08_3605S_Y0_X_EC_0/Petite-Textured-Knee-Length-Bodycon-Dress",https://www.marksandspencer.com/textured-v-neck-knee-length-bodycon-dress/p/clp23096253
P23097039,Patchwork Print Collared V-Neck Shift Dress,Roman,55,GBP,ORANGE,T083742S,"This Roman dress showcases a patchwork print that offers an instant on-trend look. Cut to a figure-skimming shift silhouette, this flattering style flares gently to the knee. It has a smart collared v-neckline and 3/4-length sleeves. Diagonal zip pockets add a chic contemporary touch, while stretch in the fabric keeps it comfy.","95% polyetser, 5% elastane",Flared,"https://assets.digitalcontent.marksandspencer.app/images/q_auto,f_auto/MS_10_T08_3742S_P0_X_EC_0/Patchwork-Print-Collared-V-Neck-Shift-Dress",https://www.marksandspencer.com/patchwork-print-collared-v-neck-shift-dress/p/clp23097039
P23097047,Floral Round Neck Midi Skater Dress,Roman,52,GBP,BLACK,T083738S,"For an instantly polished casual look, go for this floral dress from Roman. This flattering fit-and-flare skater style is crafted from comfy stretch fabric in an easy-to-wear regular fit. Gathering at the elasticated waist adds extra movement to the midi-length skirt. A round neck, 3/4-length sleeves and side pockets complete the design.","96% viscose, 4% elastane",Regular fit,"https://assets.digitalcontent.marksandspencer.app/images/q_auto,f_auto/MS_10_T08_3738S_Y0_X_EC_0/Floral-Round-Neck-Midi-Skater-Dress",https://www.marksandspencer.com/floral-round-neck-midi-skater-dress/p/clp23097047
P23083489,Printed Midi Waisted Dress,Never Fully Dressed,99,GBP,BROWN MIX,T828124B,"Bring elevated style to your next occasion in this waisted midi dress from Never Fully Dressed. The fitted piece features an asymmetrical neckline, adding to its effortlessly luxurious feel. Contrast lace detailing creates texture and movement.","Main - 97% polyester, 3% elastane, Lace - 100% polyamide",Fitted,"https://assets.digitalcontent.marksandspencer.app/images/q_auto,f_auto/MS_10_T82_8124B_N4_X_EC_0/Printed-Midi-Waisted-Dress",https://www.marksandspencer.com/printed-midi-waisted-dress/p/clp23083489
P23086933,Polka Dot V-Neck Midi Tea Dress,Nobody's Child,89,GBP,BLUE,T828273B,Timeless elegance comes effortlessly with this tea-style dress by Nobody's Child. This romantic piece flows to a midi length and comes complete with a waist-cinching seam and polka dog print. The shape is accentuated by a lace-trimmed v-neckline and slim long sleeves.,100% viscose,Regular fit,"https://assets.digitalcontent.marksandspencer.app/images/q_auto,f_auto/MS_10_T82_8273B_E0_X_EC_0/Polka-Dot-V-Neck-Midi-Tea-Dress",https://www.marksandspencer.com/polka-dot-v-neck-midi-tea-dress/p/clp23086933
P23083970,Floral V-Neck Empire Line Mini Waisted Dress,Finery London,45,GBP,BLUE MIX,T838646V,"Adorned with a bold floral print, this Finery London dress is an effortlessly stylish choice for day or night. It's designed in a regular fit, with a neat button-through front and a flattering empire line silhouette. The V-neckline adds elegance, while the short sleeves create a laid-back feel. This mini-length piece is complete with practical side pockets.",100% viscose,Regular fit,"https://assets.digitalcontent.marksandspencer.app/images/q_auto,f_auto/MS_10_T83_8646V_E4_X_EC_0/Floral-V-Neck-Empire-Line-Mini-Waisted-Dress",https://www.marksandspencer.com/floral-v-neck-empire-line-mini-waisted-dress/p/clp23083970
P23088603,Cotton Blend Jersey Printed Midi Tea Dress,White Stuff,69,GBP,PINK MIX,T839692V,"With its striking all-over print, this cotton-blend tea dress from White Stuff is set to become your go-to for dressing up. It's cut in an easy regular fit from soft jersey fabric, with a midi-length hem for extra swish. An empire seam brings soft shaping to the piece, while a v-neckline and long cuffed sleeves create a neat silhouette.","51% cotton, 49% modal",regular fit,"https://assets.digitalcontent.marksandspencer.app/images/q_auto,f_auto/MS_10_T83_9692V_A4_X_EC_0/Cotton-Blend-Jersey-Printed-Midi-Tea-Dress",https://www.marksandspencer.com/cotton-blend-jersey-printed-midi-tea-dress/p/clp23088603
P23089795,In This Groove Slip Dress,Intimately FP by Free People,108,GBP,BLACK,T138480A,"Bring luxe texture to your lingerie with this ribbed slip from the Intimately FP range by Free People. It's crafted in a bodycon style that hugs the figure, with slim adjustable straps for a flexible fit.",100% polyester,,"https://assets.digitalcontent.marksandspencer.app/images/q_auto,f_auto/MS_10_T13_8480A_Y0_X_EC_0/In-This-Groove-Slip-Dress",https://www.marksandspencer.com/intimately-fp-mini-slip/p/clp23089795
P23083750,Animal Print V-Neck Midi Tea Dress,Monsoon,150,GBP,BROWN MIX,T838725V,"Make an entrance with this statement animal print tea dress from Monsoon. It's cut in a regular fit, with a feminine v-neckline and floaty midi-length skirt. Romantic eyelash lace trims add extra flair to the bodice, while short flutter sleeves enhance the sense of movement. The piece features an empire waist and fastens with a concealed zip at the back.","Outer - 100% viscose, Lining - 100% polyester",regular fit,"https://assets.digitalcontent.marksandspencer.app/images/q_auto,f_auto/MS_10_T83_8725V_N4_X_EC_0/Animal-Print-V-Neck-Midi-Tea-Dress",https://www.marksandspencer.com/animal-print-v-neck-midi-tea-dress/p/clp23083750
P23089890,Pure Cotton Denim Collared Midi Tiered Dress,BAUKJEN,189,GBP,BLUE,T838037W,"This long-sleeved denim dress from Baukjen is crafted from pure cotton for a soft, premium feel. It's designed in an easy relaxed fit, with a smart collar and a contemporary quarter-zip fastening on the bodice. The flattering A-line skirt falls to a sophisticated midi-length hem. It's complete with three voluminous tiers that add just a touch of drama.",100% cotton,Relaxed fit,"https://assets.digitalcontent.marksandspencer.app/images/q_auto,f_auto/MS_10_T83_8037W_E0_X_EC_0/Pure-Cotton-Denim-Collared-Midi-Tiered-Dress",https://www.marksandspencer.com/pure-cotton-denim-collared-midi-tiered-dress/p/clp23089890
P23085361,Lace V-Neck Midi Skater Dress,Monsoon,160,GBP,BURGUNDY,T839079V,This Monsoon dress is created from cutwork lace that brings a delicate look to its feminine design. It's made in a regular fit with a full midi skirt that gives a fit-and-flare silhouette. The v-neckline and short sleeves are framed by scalloped edges for a dainty touch. A discreet back zip completes this elegant piece.,Outer - 100% polyester,regular fit,"https://assets.digitalcontent.marksandspencer.app/images/q_auto,f_auto/MS_10_T83_9079V_XM_X_EC_0/Lace-V-Neck-Midi-Skater-Dress",https://www.marksandspencer.com/lace-v-neck-midi-skater-dress/p/clp23085361
P23083712,Polka Dot V-Neck Belted Midi Tea Dress,Monsoon,140,GBP,BLACK MIX,T838703V,"This tea dress from Monsoon has an all-over polka-dot print, making it a playful choice. It's cut to an easy regular fit, featuring slits in the short puffed sleeves for comfort. A belted waist helps create a graceful shape. To finish, this midi piece fastens neatly with a zip at the back of the v-neckline.","Outer - 100% polyester, Lining - 100% polyester",regular fit,"https://assets.digitalcontent.marksandspencer.app/images/q_auto,f_auto/MS_10_T83_8703V_Y4_X_EC_0/Polka-Dot-V-Neck-Belted-Midi-Tea-Dress",https://www.marksandspencer.com/polka-dot-v-neck-belted-midi-tea-dress/p/clp23083712
P23099261,Printed Tie Neck Midi Tea Dress,White Stuff,79,GBP,NAVY MIX,T839024X,"A tie neck detail adds a finishing touch to this printed midi dress, designed for effortless everyday wear. The relaxed, regular fit is cut to give you comfortable movement throughout the day.",100% viscose,Regular fit,"https://assets.digitalcontent.marksandspencer.app/images/q_auto,f_auto/MS_10_T83_9024X_F4_X_EC_0/Printed-Tie-Neck-Midi-Tea-Dress",https://www.marksandspencer.com/printed-tie-neck-midi-tea-dress/p/clp23099261
P23077782,Linen Rich Printed Midaxi Shirt Dress,Sportscraft,175,GBP,NAVY,T839303U,"Bring understated elegance to your wardrobe courtesy of this linen-rich midaxi shirt dress by Sportscraft. It's made to a regular fit and decorated with an all-over print for a stylish look. The collared neck and button-through fastening bring smart details, while a tie belt and elasticated waist add flattering shaping.","55% linen, 45% cotton",regular fit,"https://assets.digitalcontent.marksandspencer.app/images/q_auto,f_auto/MS_10_T83_9303U_F0_X_EC_0/Linen-Rich-Printed-Midaxi-Shirt-Dress",https://www.marksandspencer.com/linen-rich-printed-midaxi-shirt-dress/p/clp23077782
P23091326,Stripe Jacquard Belted Midi Skater Dress,HOBBS,219,GBP,PINK,T838323W,"Float into special occassions with this Hobbs midi dress. It's made in a regular fit, with a striped jacquard design and belted waist highlighting its flattering fit-and-flare shape. Long semi-sheer blouson sleeves enhance the feminine feel, while a keyhole button fastening adds dainty detail to the back of the crew neckline.","97% polyester, 3% elastane - main 1",Regular fit,"https://assets.digitalcontent.marksandspencer.app/images/q_auto,f_auto/MS_10_T83_8323W_A0_X_EC_0/Stripe-Jacquard-Belted-Midi-Skater-Dress",https://www.marksandspencer.com/stripe-jacquard-belted-midi-skater-dress/p/clp23091326
P23077658,Linen Blend Mini Shirt Dress,SABA,199,GBP,RED,T839286U,"With its luxuriously soft linen-blend fabric, this shirt dress by SABA makes a refined choice for warmer days. This short-sleeved piece is cut in a regular fit for all-day comfort. Its mini-length silhouette fastens with buttons through the front. The collared neck accentuates the smart look.","60% lyocell, 40% linen",regular fit,"https://assets.digitalcontent.marksandspencer.app/images/q_auto,f_auto/MS_10_T83_9286U_B0_X_EC_0/Linen-Blend-Mini-Shirt-Dress",https://www.marksandspencer.com/linen-blend-mini-shirt-dress/p/clp23077658
P23090254,Denim Zip Front Mini Waisted Dress,RO&ZO,119,GBP,BLUE DENIM,T838115W,"Bring a playful twist to your casual look with this pure cotton denim dress from Ro&Zo. It's made in an easy regular fit, with a front zip fastening and a smart collared neck. This waisted style flares gently through the skirt and sits at an on-trend mini length. The long sleeves finish in gathered buttoned cuffs for feminine detail.","Main - 64% cotton, 19% viscose, 14% polyester and 3% fibre",Regular fit,"https://assets.digitalcontent.marksandspencer.app/images/q_auto,f_auto/MS_10_T83_8115W_JQ_X_EC_0/Denim-Zip-Front-Mini-Waisted-Dress",https://www.marksandspencer.com/denim-zip-front-mini-waisted-dress/p/clp23090254
P23083693,Jersey Printed Midi Shirt Dress,Monsoon,75,GBP,CHOCOLATE,T838684V,"Effortlessly exude elegance with this collared shirt dress by Monsoon. It's crafted in a regular fit from jersey material to ensure a soft feel. The three-quarter length blouson sleeves give extra comfort, while the all-over printed pattern provides a modern aesthetic. Its two chest pockets bring a handy touch. The skirt falls to a midi length for a timeless finish.","Outer - 95% polyester, 5% elastane",regular fit,"https://assets.digitalcontent.marksandspencer.app/images/q_auto,f_auto/MS_10_T83_8684V_SH_X_EC_0/Jersey-Printed-Midi-Shirt-Dress",https://www.marksandspencer.com/jersey-printed-midi-shirt-dress/p/clp23083693
P23062946,Chiffon Printed Tie Neck Midi Tiered Dress,French Connection,95,GBP,ORANGE MIX,T838499N,"Embrace bohemian-inspired style with this tiered chiffon dress from French Connection. It's cut to a comfy regular fit. with lavish ruffled frills across the bodice and sophisticated blouson sleeves. A tie detail creates extra shaping at the waist, while the hemline sits at a flirty mini length. A bold abstract print ensures a statement finish.",100% polyester,Regular fit,"https://assets.digitalcontent.marksandspencer.app/images/q_auto,f_auto/MS_10_T83_8499N_P4_X_EC_0/Chiffon-Printed-Tie-Neck-Midi-Tiered-Dress",https://www.marksandspencer.com/chiffon-printed-tie-neck-midi-tiered-dress/p/clp23062946
P23088597,Cotton Blend Floral Notch Neck Tea Dress,White Stuff,69,GBP,NAVY MIX,T839686V,This cotton-blend tea dress by White Stuff features a fresh floral print. It's crafted in a regular fit and falls to a versatile knee length. A notch v-neck and long blouson sleeves add flattering touches. Two handy side pockets complete the style.,"50% cotton, 50% modal",,"https://assets.digitalcontent.marksandspencer.app/images/q_auto,f_auto/MS_10_T83_9686V_F4_X_EC_0/Cotton-Blend-Floral-Notch-Neck-Tea-Dress",https://www.marksandspencer.com/cotton-blend-floral-notch-neck-tea-dress/p/clp23088597
P23076605,Polka Dot V-Neck Midi Tea Dress,Finery London,49,GBP,NAVY MIX,T838754U,"A timeless polka dot print gives this tea dress by Finery London a feminine feel. The tailored design is crafted with a neat row of buttons on the front bodice, plus subtle gatherings at the bust to accentuate your shape. It comes in a sophisticated midi length, with a v-shaped neckline and short sleeves.",96% polyestser 4% elastane,Regular fit,"https://assets.digitalcontent.marksandspencer.app/images/q_auto,f_auto/MS_10_T83_8754U_F4_X_EC_0/Polka-Dot-V-Neck-Midi-Tea-Dress",https://www.marksandspencer.com/polka-dot-v-neck-midi-tea-dress/p/clp23076605
P23083749,Polka Dot V-Neck Puff Sleeve Midi Tea Dress,Monsoon,150,GBP,BURGUNDY MIX,T838724V,"Polka dots give this tea dress by Monsoon a playful pop. It's designed in a regular fit, with an empire line under the bust and an elegant midi skirt for easy all-day wear. Short puff sleeves and a v-neckline create a feminine silhouette, while a concealed back zip ensures a neat finish.","Lining - 100% polyester, Shell - 100% viscose",regular fit,"https://assets.digitalcontent.marksandspencer.app/images/q_auto,f_auto/MS_10_T83_8724V_U8_X_EC_0/Polka-Dot-V-Neck-Puff-Sleeve-Midi-Tea-Dress",https://www.marksandspencer.com/polka-dot-v-neck-puff-sleeve-midi-tea-dress/p/clp23083749
P23083757,Cotton Blend Lace Puff Sleeve Midaxi Tea Dress,Monsoon,160,GBP,LIGHT GREEN,T838729V,"With its intricate beading, this cotton-blend lace dress by Monsoon makes a sophisticated choice for formal occasions. It's designed in a regular fit, with short puffed sleeves and a flattering empire line bodice. Bow-shaped embellishments elevate the luxurious feel. A flowing midaxi-length skirt and a neat back zip fastening complete the look.","Outer - 44% polyamide, 33% cotton, 20% viscose and 3% fibres, Lining - 100% polyester",Regular fit,"https://assets.digitalcontent.marksandspencer.app/images/q_auto,f_auto/MS_10_T83_8729V_J1_X_EC_0/Cotton-Blend-Lace-Puff-Sleeve-Midaxi-Tea-Dress",https://www.marksandspencer.com/cotton-blend-lace-puff-sleeve-midaxi-tea-dress/p/clp23083757
P23087828,Knitted High Neck Maxi Bodycon Dress,River Island,66,GBP,ORANGE,T839568V,This stylish dress from River Island combines different textures to create a modern effect. The bodycon design is knitted in a regular fit and falls to a maxi length for a timeless look. It fastens smartly with a button closure at the back of the high neckline. The elegant piece is complete with an airy sleeveless bodice.,"54% viscose, 46% polyamide",regular fit,"https://assets.digitalcontent.marksandspencer.app/images/q_auto,f_auto/MS_10_T83_9568V_P0_X_EC_0/Knitted-High-Neck-Maxi-Bodycon-Dress",https://www.marksandspencer.com/knitted-high-neck-maxi-bodycon-dress/p/clp23087828
P23083760,Embroidered Floral V-Neck Maxi Dress,Monsoon,160,GBP,NAVY,T838730V,"Make a lasting impression in this elegant maxi dress from Monsoon, perfect for special occasions. A lace-trim V-neckline and sheer sleeves create a beautifully feminine silhouette, while intricate embroidered blooms across the skirt add a romantic, eye-catching finish.","Shell - 100% polyester, Lining - 100% polyester",,"https://assets.digitalcontent.marksandspencer.app/images/q_auto,f_auto/MS_10_T83_8730V_F0_X_EC_0/Embroidered-Floral-V-Neck-Maxi-Dress",https://www.marksandspencer.com/embroidered-floral-v-neck-maxi-dress/p/clp23083760
P23031557,Floral Flutter Sleeve Midi Tea Dress,Crew Clothing,129,GBP,MEDIUM GREEN,T199030A,"Effortlessly polished and ready for anything, this tea dress from Crew Clothing is a graceful go-to for all sorts of occasions. Cut in a regular fit with a flowing midi skirt, it drapes beautifully for a flattering silhouette. Fluttery short sleeves, a soft v-neckline and all-over florals bring a light, uplifting feel, while the full lining adds easy comfort and confidence.",100% polyester,Regular fit,"https://assets.digitalcontent.marksandspencer.app/images/q_auto,f_auto/MS_10_T19_9030A_J2_X_EC_0/Floral-Flutter-Sleeve-Midi-Tea-Dress",https://www.marksandspencer.com/floral-flutter-sleeve-midi-tea-dress/p/clp23031557
P23033424,Geometric V-Neck Knee Length Shift Dress,SOSANDAR,79,GBP,PINK,T838786G,"Bring a bold and vibrant feel to your wardrobe with this geometric print dress by Sosandar. It's made in a regular fit, with a shift silhouette that falls to the knee. The v-neckline and frill sleeves create a flattering look. This piece is complete with a neat back button fastening.",100% polyester,Regular fit,"https://assets.digitalcontent.marksandspencer.app/images/q_auto,f_auto/MS_10_T83_8786G_A0_X_EC_0/Geometric-V-Neck-Knee-Length-Shift-Dress",https://www.marksandspencer.com/geometric-v-neck-knee-length-shift-dress/p/clp23033424
P23056445,Zoey Floral Maxi Shirred Beach Dress,Pour Moi,47,GBP,BLUE MIX,T588307M,"Create multiple beach day looks with this pretty printed maxi dress from Pour Moi. It's made in an effortless regular fit, with a feminine shirred bodice and frilled waist detailing. Adjustable straps offer multiple ways to style this dress, from strapless to halter neck.",100% viscose,Regular fit,"https://assets.digitalcontent.marksandspencer.app/images/q_auto,f_auto/MS_10_T58_8307M_E4_X_EC_0/Zoey-Floral-Maxi-Shirred-Beach-Dress",https://www.marksandspencer.com/zoey-floral-maxi-shirred-beach-dress/p/clp23056445
P23064210,Animal Print V-Neck Knee Length Shift Dress,SOSANDAR,69,GBP,NATURAL,T839027N,"This Sosandar dress is a sophisticated take on animal print. It's cut in a figure-skimming shift silhouette, with a feminine v-neckline and a concealed zip fastening at the back. The short sleeves have a fluttery shape for a touch of added movement. This piece sits at a versatile knee length.",100% polyester,Regular fit,"https://assets.digitalcontent.marksandspencer.app/images/q_auto,f_auto/MS_10_T83_9027N_V0_X_EC_0/Animal-Print-V-Neck-Knee-Length-Shift-Dress",https://www.marksandspencer.com/animal-print-v-neck-knee-length-shift-dress/p/clp23064210
P23071396,Pure Cotton Textured V-Neck Midi Relaxed Dress,Whistles,111.2,GBP,NAVY,T838433Q,"This laid-back dress by Whistles is a perfect blend of comfort and style. It's cut from pure cotton with a cheesecloth texture in a relaxed fit, featuring a v-neckline and a back zip fastening. The bodice has short puff sleeves and waisted details, while the tiered skirt flows to a versatile midi-length hem.",100% cotton,Regular fit,"https://assets.digitalcontent.marksandspencer.app/images/q_auto,f_auto/MS_10_T83_8433Q_F0_X_EC_0/Pure-Cotton-Textured-V-Neck-Midi-Relaxed-Dress",https://www.marksandspencer.com/pure-cotton-textured-v-neck-midi-relaxed-dress/p/clp23071396
P23087875,Pure Cotton V-Neck Tie Detail Beach Dress,White Stuff,59,GBP,WHITE MIX,T839535V,"Slip on this pure cotton cover-up dress from White Stuff for an elevated poolside look. It's cut to a sleek knee length, with a v-neckline and flattering curved hem. An all-over print adds an statement feel. It's finished with neat three-quarter sleeves and a tie detail at the front.",100% cotton,Regular fit,"https://assets.digitalcontent.marksandspencer.app/images/q_auto,f_auto/MS_10_T83_9535V_Z4_X_EC_0/Pure-Cotton-V-Neck-Tie-Detail-Beach-Dress",https://www.marksandspencer.com/pure-cotton-v-neck-tie-detail-beach-dress/p/clp23087875
P23088604,Denim Midi Shirt Dress,White Stuff,89,GBP,DARK BLUE DENIM,T839693V,"This White Stuff shirt dress is cut from a cotton and lyocell blended denim that's soft and lightweight. It's designed in a regular fit with seam detailing creating a flattering fit-and-flare shape. Styling includes an open collar neckline, authentic metal buttons and three-quarter sleeves.","63% cotton, 37% lyocell",regular fit,"https://assets.digitalcontent.marksandspencer.app/images/q_auto,f_auto/MS_10_T83_9693V_RW_X_EC_0/Denim-Midi-Shirt-Dress",https://www.marksandspencer.com/denim-midi-shirt-dress/p/clp23088604
P23089003,Polka Dot V-Neck Mini Swing Dress,Phase Eight,119,GBP,GREEN MIX,T839744V,Add a standout piece to your wardrobe by selecting this Phase Eight dress. The regular-fit design is cut in a swing shape with a mini skirt for a modern look. Its all-over polka-dot pattern provides a timeless touch. This comfy long-sleeved frock is finished with a smart v-neck that leads to a button placket.,100% polyester,Regular fit,"https://assets.digitalcontent.marksandspencer.app/images/q_auto,f_auto/MS_10_T83_9744V_J4_X_EC_0/Polka-Dot-V-Neck-Mini-Swing-Dress",https://www.marksandspencer.com/polka-dot-v-neck-mini-swing-dress/p/clp23089003
P23089126,Knee Length Shift Dress,HOBBS,149,GBP,BLACK,T839753V,"Add instant sophistication to your wardrobe with this timeless shift dress from Hobbs. It's made in a regular fit from crease-resistant fabric with a structured shape and a versatile knee-length hem. Seaming on the sleeveless bodice and waist delivers flattering detail, while a classic crew neck and back vent complete the design.","64% polyester, 34% viscose and 2% elastane",Regular fit,"https://assets.digitalcontent.marksandspencer.app/images/q_auto,f_auto/MS_10_T83_9753V_Y0_X_EC_0/Knee-Length-Shift-Dress",https://www.marksandspencer.com/knee-length-shift-dress/p/clp23089126
P23092887,Floral Midi Skater Dress,Phase Eight,139,GBP,RED MIX,T838868W,"Make a stylish statement on any occasion with this floral dress from Phase Eight. It's a regular-fit, button-through shirt design that falls to a flowing midi length. A lace collar, short puff sleeves, and a tie-waist detail add extra touches of femininity and elegance.","44% viscose, 31% polyamide, 19% lyocell and 6% linen",Regular fit,"https://assets.digitalcontent.marksandspencer.app/images/q_auto,f_auto/MS_10_T83_8868W_B4_X_EC_0/Floral-Midi-Skater-Dress",https://www.marksandspencer.com/floral-midi-skater-dress/p/clp23092887
P23089117,Lace V-Neck Knee Length Skater Dress,HOBBS,229,GBP,PURPLE,T839754V,"Embrace the romance of lace with this striking skater dress from Hobbs. The regular-fit style skims the waist, then falls into a knee-length, skater-style skirt with beautiful accordion pleats. Its v-neckline and sleeveless bodice complete the look with timeless femininity.","44% polyamide, 36% cotton, 18% viscose, 1% polyester and 1% lyocell",,"https://assets.digitalcontent.marksandspencer.app/images/q_auto,f_auto/MS_10_T83_9754V_D0_X_EC_0/Lace-V-Neck-Knee-Length-Skater-Dress",https://www.marksandspencer.com/lace-v-neck-knee-length-skater-dress/p/clp23089117
P23075981,Shell Print Beach Cover Up Shirt,White Stuff,59,GBP,WHITE MIX,T838629U,"Bring a splash of vibrant colour to the pool or beach in this cover-up shirt from White Stuff, complete with an artistic shell print. It's made in a regular fit in a longer length for coverage. This lightweight style has a classic button fastening, a collared neckline and long sleeves.",100% modal,Regular fit,"https://assets.digitalcontent.marksandspencer.app/images/q_auto,f_auto/MS_10_T83_8629U_Z4_X_EC_0/Shell-Print-Beach-Cover-Up-Shirt",https://www.marksandspencer.com/shell-print-beach-cover-up-shirt/p/clp23075981
P23087300,Denim Button Through Mini Shirt Dress,River Island,56,GBP,WHITE,T839410V,"Effortlessly elevate your wardrobe with this long-sleeved shirt dress by River Island. It's crafted in a regular fit from denim for a snug feel throughout the day. The mini-length hem gives a modern aesthetic, while the cinched waist creates a flattering effect. Its collared neckline leads to a button-through fastening to ensure a smart finish.","98% cotton, 2% elastane",Regular fit,"https://assets.digitalcontent.marksandspencer.app/images/q_auto,f_auto/MS_10_T83_9410V_Z0_X_EC_0/Denim-Button-Through-Mini-Shirt-Dress",https://www.marksandspencer.com/denim-button-through-mini-shirt-dress/p/clp23087300
P23085244,Cotton-Rich Jersey Midi Skater Dress,BAUKJEN,149,GBP,BLACK,T838967V,"Feel effortlessly put-together in this soft cotton-rich jersey dress from Baukjen. It’s crafted in a feminine fit and flare style, with a round neckline and ruching at the middle to create a cinched waistline. The gently flared midi skirt offers a flattering silhouette, while the elbow-length sleeves provide a refined finish.","94% cotton, 6% elastane",Regular fit,"https://assets.digitalcontent.marksandspencer.app/images/q_auto,f_auto/MS_10_T83_8967V_Y0_X_EC_0/Cotton-Rich-Jersey-Midi-Skater-Dress",https://www.marksandspencer.com/cotton-rich-jersey-midi-skater-dress/p/clp23085244
P23064235,Printed One Shoulder Midi Dress,SOSANDAR,79,GBP,BLUE MIX,T839041N,"Make a statement in this colourful baroque print dress from Sosandar. It's made in a figure-enhancing regular fit, with a flattering waisted panel and a flared midi-length hem. The one-shoulder neckline adds ultimate sophistication to this eye-catching design.","96% viscose, 4% elastane",Regular fit,"https://assets.digitalcontent.marksandspencer.app/images/q_auto,f_auto/MS_10_T83_9041N_E4_X_EC_0/Printed-One-Shoulder-Midi-Dress",https://www.marksandspencer.com/printed-one-shoulder-midi-dress/p/clp23064235
P23075144,Floral Ruffle Hem Midaxi Wrap Dress,SOSANDAR,89,GBP,PINK MIX,T838344U,"An eye-catching floral print brings a pretty feel to this elegant dress from Sosandar. It's cut to a regular fit, with a tie-belt at the waist to cinch the silhouette. The flowing midaxi-length skirt features two tiers of ruffles at the hem. A wrap front creates the graceful v-shaped neckline, which is trimmed with floaty frills for a feminine flourish. This sleeveless piece is lined for comfort and coverage.","100% polyester, Lining - 100% polyester",Regular fit,"https://assets.digitalcontent.marksandspencer.app/images/q_auto,f_auto/MS_10_T83_8344U_A4_X_EC_0/Floral-Ruffle-Hem-Midaxi-Wrap-Dress",https://www.marksandspencer.com/floral-ruffle-hem-midaxi-wrap-dress/p/clp23075144
P23075822,Pure Cotton High Neck Midi Waisted Dress,HOBBS,159,GBP,BLUE,T838386U,"This pure cotton dress from Hobbs exudes vintage-inspired charm. The sleeveless design is made to a regular fit, with a waisted silhouette that's accentuated by a tie belt. It has a high neck trimmed with scalloped lace, which fastens with a half-button placket. The skirt flares out to a midi-length and features side pockets for practicality. Ruffled shoulders complete the feminine look.",100% cotton,Regular fit,"https://assets.digitalcontent.marksandspencer.app/images/q_auto,f_auto/MS_10_T83_8386U_E0_X_EC_0/Pure-Cotton-High-Neck-Midi-Waisted-Dress",https://www.marksandspencer.com/pure-cotton-high-neck-midi-waisted-dress/p/clp23075822
P23083647,Animal Print Round Neck Mini Skater Dress,River Island,39,GBP,BROWN MIX,T838616V,"This sleeveless mini dress by River Island features a stylish animal print that brings a dramatic edge to your ensemble. Its skater silhouette, with a fitted bodice and A-line skirt, creates a flattering shape. A round neckline and an open back complete this party-ready piece.",100% polyester,Fitted,"https://assets.digitalcontent.marksandspencer.app/images/q_auto,f_auto/MS_10_T83_8616V_N4_X_EC_0/Animal-Print-Round-Neck-Mini-Skater-Dress",https://www.marksandspencer.com/animal-print-round-neck-mini-skater-dress/p/clp23083647
P23083947,Floral Square Neck Midi Tiered Dress,Finery London,59,GBP,ORANGE MIX,T838767V,"Channel floral elegance at your next event in this beautiful printed dress by Finery London. It's cut in a regular fit, with a feminine square neck and short puff sleeves. Oversized florals create a bold look, while the midi-length skirt is made up of statement tiers that create graceful movement. This piece fastens discreetly with a concealed side zip.",100% viscose,Regular fit,"https://assets.digitalcontent.marksandspencer.app/images/q_auto,f_auto/MS_10_T83_8767V_P4_X_EC_0/Floral-Square-Neck-Midi-Tiered-Dress",https://www.marksandspencer.com/floral-square-neck-midi-tiered-dress/p/clp23083947
P23087261,Jersey Broderie Midi Waisted Dress,River Island,42,GBP,WHITE,T839408V,"This jersey dress from River Island is an effortless style for laidback sunny days. It's made to a waisted silhouette, with short puff sleeves and a sweetheart neckline for a flattering effect. Intricate broderie embellishment and a pretty tie detail on the neckline give this versatile midi-length piece a feminine finish.","99% polyester, 1% elastane",,"https://assets.digitalcontent.marksandspencer.app/images/q_auto,f_auto/MS_10_T83_9408V_Z0_X_EC_0/Jersey-Broderie-Midi-Waisted-Dress",https://www.marksandspencer.com/jersey-broderie-midi-waisted-dress/p/clp23087261
P23088622,Pure Cotton Floral Belted Midi Tea Dress,White Stuff,79,GBP,NAVY MIX,T839711V,"This White Stuff tea dress is crafted from pure cotton for a soft and breathable feel. It's designed in an easy regular fit with a short-sleeved bodice and an all-over, abstract print. A belted waist enhances the silhouette and creates floaty movement through the midi-length skirt.",100% cotton,regular fit,"https://assets.digitalcontent.marksandspencer.app/images/q_auto,f_auto/MS_10_T83_9711V_F4_X_EC_0/Pure-Cotton-Floral-Belted-Midi-Tea-Dress",https://www.marksandspencer.com/pure-cotton-floral-belted-midi-tea-dress/p/clp23088622
P23062949,Plisse Floral V-Neck Ruffle Mini Shift Dress,French Connection,99,GBP,RED MIX,T838502N,This mini dress from French Connection is a romantic choice for day or night. It's cut to a regular fit in a flattering waisted shift silhouette with an elegant V-shaped neckline. The voluminous sleeves are made from plisse for added texture that's complemented by ruffle trims and a feminine floral print.,100% polyester,Regular fit,"https://assets.digitalcontent.marksandspencer.app/images/q_auto,f_auto/MS_10_T83_8502N_B4_X_EC_0/Plisse-Floral-V-Neck-Ruffle-Mini-Shift-Dress",https://www.marksandspencer.com/plisse-floral-v-neck-ruffle-mini-shift-dress/p/clp23062949
P23067112,Pure Cotton Broderie Midi Tiered Waisted Dress,French Connection,120,GBP,WHITE,T839765N,"This pure cotton broderie dress from French Connection is an elegant choice for summer events. It's cut in a regular fit with a flattering waisted silhouette that falls to a midi-length hem with a tiered skirt to add volume. The short sleeves have a playful layered design, while the neckline features a V-shaped cutout and fabric-covered buttons for a feminine look. A back zip fastening offers a neat finish.",100% cotton,Regular fit,"https://assets.digitalcontent.marksandspencer.app/images/q_auto,f_auto/MS_10_T83_9765N_Z0_X_EC_0/Pure-Cotton-Broderie-Midi-Tiered-Waisted-Dress",https://www.marksandspencer.com/pure-cotton-broderie-midi-tiered-waisted-dress/p/clp23067112
P23067774,Animal Print Ruched Midi Shirt Dress,SOSANDAR,75,GBP,PINK MIX,T839734N,"Channel effortlessly chic style with this animal-print shirt dress by Sosandar. It's cut to a regular fit, in a flowing midi silhouette with a gold-tone button-through fastening. The ruched front and tie belt create an hourglass effect, while a collared neck adds a crisp finish.","93% viscose, 7% elastane",regular fit,"https://assets.digitalcontent.marksandspencer.app/images/q_auto,f_auto/MS_10_T83_9734N_A4_X_EC_0/Animal-Print-Ruched-Midi-Shirt-Dress",https://www.marksandspencer.com/animal-print-ruched-midi-shirt-dress/p/clp23067774
P23056437,Zoey Multiway Shirred Maxi Beach Dress,Pour Moi,45,GBP,BLACK,T588273M,"Create your own look with this maxi-length beach dress by Pour Moi. It's made in a regular fit, with a figure-flattering shirred bodice and a softly gathered skirt. Multiway ties at the bandeau neckline can be worn around the waist, tied around the neck, or fastened into a bow.",100 % viscose,Regular fit,"https://assets.digitalcontent.marksandspencer.app/images/q_auto,f_auto/MS_10_T58_8273M_Y0_X_EC_0/Zoey-Multiway-Shirred-Maxi-Beach-Dress",https://www.marksandspencer.com/zoey-multiway-shirred-maxi-beach-dress/p/clp23056437
P23064188,Printed Midi Shirt Dress,SOSANDAR,75,GBP,PINK,T839020N,"With its vibrant paradise print, this shirt dress by Sosandar is a real show-stopper. It's cut in a regular fit, with a stretchy waist that creates a flattering shape. A collared neckline and short sleeves give a neat look. The buttons run down to the midi-length hem, allowing you to create a split for ease of movement.",100% viscose,Regular fit,"https://assets.digitalcontent.marksandspencer.app/images/q_auto,f_auto/MS_10_T83_9020N_A0_X_EC_0/Printed-Midi-Shirt-Dress",https://www.marksandspencer.com/printed-midi-shirt-dress/p/clp23064188
P23067270,High Neck Knitted Panel Maxi Column Dress,Ted Baker,159,GBP,KHAKI,T189647A,This maxi dress from Ted Baker channels effortless sophistication with its sleeveless column silhouette. It's cut to a regular fit with a high neck and a knitted panel at the front bodice that introduces a play of textures. The ribbed neckline and armholes lend a modern feel.,100% rayon,,"https://assets.digitalcontent.marksandspencer.app/images/q_auto,f_auto/MS_10_T18_9647A_KH_X_EC_0/High-Neck-Knitted-Panel-Maxi-Column-Dress",https://www.marksandspencer.com/high-neck-knitted-panel-maxi-column-dress/p/clp23067270
P23071012,Crepe Spot Lace V-Neck Midi Tea Dress,Ghost,129,GBP,NAVY MIX,T839245Q,"This Ghost tea dress is crafted from fluid crepe with a chic spot print for vintage-inspired charm. It comes in a flattering regular fit with a bias-cut, midi-length silhouette. Intricate lace trims the v-neckline and short sleeves, with three decorative buttons at the front enhancing the delicate finish. The piece is complete with a discreet zip fastening on the side.",100% viscose,Regular fit,"https://assets.digitalcontent.marksandspencer.app/images/q_auto,f_auto/MS_10_T83_9245Q_F4_X_EC_0/Crepe-Spot-Lace-V-Neck-Midi-Tea-Dress",https://www.marksandspencer.com/crepe-spot-lace-v-neck-midi-tea-dress/p/clp23071012
P23076054,Polka Dot V-Neck Maxi Swing Dress,Live Unlimited London,99,GBP,BLACK,T838632U,"Bring a feminine feel to any occasion in this polka dot dress from Live Unlimited London. It's cut in a flowing swing silhouette, with a flattering empire line and a bias-cut skirt that falls to a maxi length. Lace trims at the v-neck and waist creates an elegant finish.","60% viscose, 40% rayon",Regular fit,"https://assets.digitalcontent.marksandspencer.app/images/q_auto,f_auto/MS_10_T83_8632U_Y0_X_EC_0/Polka-Dot-V-Neck-Maxi-Swing-Dress",https://www.marksandspencer.com/polka-dot-v-neck-maxi-swing-dress/p/clp23076054
P23081609,Striped Tie Waist Midaxi Shirt Dress,Live Unlimited London,89,GBP,BROWN MIX,T838397V,"This brown stripe shirt dress offers a timeless style with an easy, modern feel. Designed with a classic collar and button-through front, it has a clean, flattering shape that’s simple to wear. The grown-on short sleeves add relaxed coverage, while the tie waist lets you adjust the fit to suit your shape. Falling to a midaxi length, it creates a softly flowing silhouette that works beautifully for everyday wear. Easy to dress up or down, style with trainers for daytime or add boots or heels for a more put-together look.","89% viscose, 11% polyamide",,"https://assets.digitalcontent.marksandspencer.app/images/q_auto,f_auto/MS_10_T83_8397V_N4_X_EC_0/Striped-Tie-Waist-Midaxi-Shirt-Dress",https://www.marksandspencer.com/striped-tie-waist-maxi-shirt-dress/p/clp23081609
P23083968,Floral Midi Waisted Dress,Finery London,45,GBP,RED MIX,T838645V,"This Finery London waisted dress is crafted from lightweight fabric with a pretty floral print. It's cut in a flattering regular fit, with a keyhole button fastening at the back of the round neck along with a concealed zip at the side. Scalloped stitching around the neckline and cuffs adds a dainty finish.",100% viscose,regular fit,"https://assets.digitalcontent.marksandspencer.app/images/q_auto,f_auto/MS_10_T83_8645V_B4_X_EC_0/Floral-Midi-Waisted-Dress",https://www.marksandspencer.com/floral-midi-waisted-dress/p/clp23083968
P23088605,Denim Striped Midi Shift Dress,White Stuff,69,GBP,DARK BLUE DENIM,T839694V,"In a light cotton and lyocell blend, this denim shift dress from White Stuff offers cool comfort. It's designed in a flattering regular fit with a casual crew neckline that's followed by a row of contrasting buttons. The dress falls to mini length and features handy side pockets.","63% cotton, 37% lyocell",Regular fit,"https://assets.digitalcontent.marksandspencer.app/images/q_auto,f_auto/MS_10_T83_9694V_RW_X_EC_0/Denim-Striped-Midi-Shift-Dress",https://www.marksandspencer.com/denim-striped-midi-shift-dress/p/clp23088605
P23096329,Floral Shirred Midi Shirt Dress,Roman,55,GBP,NAVY,T083620S,"Effortlessly create an eye-catching ensemble with this shirt dress from Roman. Shirred fabric ensures a flattering fit that's close to the body, while the midi-length skirt skims over the hips for a slinky look. A collar and button fastening gives it a smart touch, while a pretty ditsy print adds delicate detail.","92% polyester, 8% elastane",Regular fit,"https://assets.digitalcontent.marksandspencer.app/images/q_auto,f_auto/MS_10_T08_3620S_F0_X_EC_0/Floral-Shirred-Midi-Shirt-Dress",https://www.marksandspencer.com/floral-shirred-midi-shirt-dress/p/clp23096329
P23093715,Linen Blend Striped Belted Button Through Midaxi Dress,Jigsaw,189,GBP,NAVY MIX,T083260S,"An adjustable belt defines the waist on this pinstripe dress from Jigsaw, made from a linen blend fabric to update your workwear edit. The button through front makes it easy to layer over a knit as the season changes.","52% linen, 45% rayon and 3% elastane",Fitted,"https://assets.digitalcontent.marksandspencer.app/images/q_auto,f_auto/MS_10_T08_3260S_F4_X_EC_0/Linen-Blend-Striped-Belted-Button-Through-Midaxi-Dress",https://www.marksandspencer.com/linen-blend-striped-belted-button-through-midaxi-dress/p/clp23093715
P23091663,Metallic Spot Print Knee Length Tiered Dress,FatFace,89,GBP,BLACK MIX,T838502W,"Brighten up your wardrobe with this delightful metallic spot print dress from FatFace. It's cut in a regular fit, with a simple round neck and a feminine tiered skirt that rests at knee length. Short sleeves made from sheer fabric give the piece a light, airy feel. It fastens at the nape with a buttoned keyhole.","Main - 93% viscose, 7% metallised fibre, Lining - 100% modal",Regular fit,"https://assets.digitalcontent.marksandspencer.app/images/q_auto,f_auto/MS_10_T83_8502W_Y4_X_EC_0/Metallic-Spot-Print-Knee-Length-Tiered-Dress",https://www.marksandspencer.com/metallic-spot-print-knee-length-tiered-dress/p/clp23091663
P23077410,Denim Midi Shirt Dress,Whistles,127.2,GBP,DENIM,T838882U,Nail contemporary style with this pure cotton denim shirt dress from Whistles. It's designed in a regular fit with a flattering waisted silhouette. The button-through dress falls to a versatile midi length and features a sophisticated collared neckline. Side pockets mean your essentials are within easy reach.,100% cotton.,Regular fit,"https://assets.digitalcontent.marksandspencer.app/images/q_auto,f_auto/MS_10_T83_8882U_HP_X_EC_0/Denim-Midi-Shirt-Dress",https://www.marksandspencer.com/denim-midi-shirt-dress/p/clp23077410
P23099177,Cotton Corduroy V Neck Midi Dress,Ghost,129,GBP,BROWN,T838962X,"Cotton corduroy shapes this midi dress made by Ghost into a flattering silhouette with an empire waist and long puff sleeves. A plunging v neck meets a ruffled hem for graceful movement throughout. Side zip fastening ensures a smooth, regular fit for work or party occasions.",100% cotton,Regular fit,"https://assets.digitalcontent.marksandspencer.app/images/q_auto,f_auto/MS_10_T83_8962X_N0_X_EC_0/Cotton-Corduroy-V-Neck-Midi-Dress",https://www.marksandspencer.com/cotton-corduroy-v-neck-midi-dress/p/clp23099177
P23099178,Cotton Corduroy Frilled Collar Midi Dress,Ghost,149,GBP,BROWN,T838963X,"Made from cotton corduroy, this midi dress from Ghost features balloon style long sleeves with elasticated cuffs and pintuck detailing on the bodice and skirt. A frilled picot trim neckline and gathered, ruffled tier add romantic movement. It fastens with a side seam zip for a smooth, regular fit.",100% cotton,Regular fit,"https://assets.digitalcontent.marksandspencer.app/images/q_auto,f_auto/MS_10_T83_8963X_N0_X_EC_0/Cotton-Corduroy-Frilled-Collar-Midi-Dress",https://www.marksandspencer.com/cotton-corduroy-frilled-collar-midi-dress/p/clp23099178
P23099181,Cotton Corduroy Cross Front Midi Dress,Ghost,129,GBP,BURGUNDY,T838964X,"Cross front styling defines this midi dress, cut from cotton corduroy with a delicate lace waist detail. Short puff sleeves with cuff and button trims add a refined finish, while smocking by Ghost brings gentle stretch and shape. A side seam zip completes the regular fit design.",100% cotton,Regular fit,"https://assets.digitalcontent.marksandspencer.app/images/q_auto,f_auto/MS_10_T83_8964X_XM_X_EC_0/Cotton-Corduroy-Cross-Front-Midi-Dress",https://www.marksandspencer.com/cotton-corduroy-cross-front-midi-dress/p/clp23099181
P61226892,Satin Embroidered Midi Slip Dress,Per Una,60,GBP,SAGE,T533863U,"Dial up the glamour in this satin slip dress from Per Una. It features gorgeous embroidery across the v-neckline, back and torso for a luxurious finish. The top and front seam are gently fringed, adding to the appeal, while a front split creates a flattering silhouette. Per Una: stylish designs crafted with carefully considered details and feminine flourishes.","100% polyester (exclusive of trimmings), Embroidery threads - 100% polyester",,"https://assets.digitalcontent.marksandspencer.app/images/q_auto,f_auto/SD_01_T53_3863U_B8_X_EC_0/Satin-Embroidered-Midi-Slip-Dress",https://www.marksandspencer.com/satin-embroidered-midi-slip-dress/p/clp61226892
P61266336,Jersey Ruched Midi Column Dress,M&S,34,GBP,GREY,T426730J,"This jersey column dress is crafted from luxe modal-rich fabric for an extra soft feel. It's designed in a regular fit, with a round neckline. Ruched detailing at the centre front creates a flattering silhouette. The dress is complete with elegant long sleeves and a sophisticated midi-length hem. M&S Collection: easy-to-wear wardrobe staples that combine classic and contemporary styles.","65% modal, 35% polyester (exclusive of trimmings)",Regular fit,"https://assets.digitalcontent.marksandspencer.app/images/q_auto,f_auto/SD_01_T42_6730J_T0_X_EC_0/Jersey-Ruched-Midi-Column-Dress",https://www.marksandspencer.com/jersey-ruched-midi-column-dress/p/clp61266336
P23028838,Pure Cotton Broderie Bardot Mini Shift Dress,SOSANDAR,44,GBP,WHITE,T838853F,"This pure cotton shift dress by Sosandar is a charming piece for holidays. It's designed in a relaxed fit, with an all-over broderie pattern and a mini hemline featuring pretty scalloped edges. The off-the-shoulder Bardot neckline is perfect for catching the sun, while the short sleeves cover the upper arms to the elbow. This piece is lined for comfort and coverage.","100% cotton, Lining - 100% cotton",Regular fit,"https://assets.digitalcontent.marksandspencer.app/images/q_auto,f_auto/MS_10_T83_8853F_Z0_X_EC_0/Pure-Cotton-Broderie-Bardot-Mini-Shift-Dress",https://www.marksandspencer.com/pure-cotton-broderie-bardot-mini-shift-dress/p/clp23028838
P23045928,Jersey Ruched Midi Waisted Dress,Whistles,129,GBP,CHOCOLATE,T838874L,"This Whistles dress is crafted from smooth modal-rich jersey for a luxuriously soft feel. It's cut in a regular fit, with a ruched waist detail and a midi-length hem for a flattering look. The long sleeves and boat neckline provide a neat finish.","68% modal, 32% polyester",regular fit,"https://assets.digitalcontent.marksandspencer.app/images/q_auto,f_auto/MS_10_T83_8874L_SH_X_EC_0/Jersey-Ruched-Midi-Waisted-Dress",https://www.marksandspencer.com/ruched-detail-midi-waisted-dress/p/clp23045928
P23097611,Jersey V-Neck Midi Skater Dress,Monsoon,85,GBP,BERRY,T838420X,"Bring a vintage-inspired look to your ensemble with this jersey dress by Monsoon. It's designed in a regular fit, with a cinched waist and an A-line skirt that falls to an elegant midi length. The polka dot ruffle collar with tie detail at the v-neckline gives it a feminine feel, while gold-tone buttons down the front add a polished finishing touch.","Outer - 63% viscose, 33% polyamide and 4% elastane",Regular fit,"https://assets.digitalcontent.marksandspencer.app/images/q_auto,f_auto/MS_10_T83_8420X_F8_X_EC_0/Jersey-V-Neck-Midi-Skater-Dress",https://www.marksandspencer.com/jersey-v-neck-midi-skater-dress/p/clp23097611
P23087835,Animal Print Lace Detail Maxi Bodycon Dress,River Island,42,GBP,BEIGE MIX,T839572V,"Stand out in a crowd with this striking animal print dress by River Island. It's cut to an easy regular fit, with a bodycon silhouette for a sculpted look. Eyelash lace on the cups adds luxe appeal, while the slim straps add elegance. The dress falls to an elegant maxi length and is complete with a feminine V-neckline.",100% polyester,regular fit,"https://assets.digitalcontent.marksandspencer.app/images/q_auto,f_auto/MS_10_T83_9572V_L4_X_EC_0/Animal-Print-Lace-Detail-Maxi-Bodycon-Dress",https://www.marksandspencer.com/animal-print-lace-detail-maxi-bodycon-dress/p/clp23087835
P23096853,Beaded Square Neck Strappy Maxi Tea Dress,FatFace,149,GBP,BLACK MIX,T838182X,"Add a little sparkle to your occasion wardrobe with this tea dress from FatFace, intricately embellished with sequins and beadwork. This elegant piece is made in a regular fit and is lined for comfort and coverage. The strappy bodice has a sleek square neckline and a flattering dropped waist, while the skirt flares out into a swishy, maxi-length hem.","Main - 100% polyester, Lining - 100% viscose",Regular fit,"https://assets.digitalcontent.marksandspencer.app/images/q_auto,f_auto/MS_10_T83_8182X_Y4_X_EC_0/Beaded-Square-Neck-Strappy-Maxi-Tea-Dress",https://www.marksandspencer.com/beaded-square-neck-strappy-maxi-tea-dress/p/clp23096853
P23097616,V Neck Long Sleeve Patterned Wrap Dress,Monsoon,150,GBP,GREEN MIX,T838616X,"Refresh your evening edit with this wrap dress from Monsoon, designed with a patterned finish and a flattering V neckline. It ties at the waist for an adjustable fit, while long sleeves and a lined body complete the considered design. The midi length makes it a versatile choice for evening occasions.","Outer: 55% polyester, 45% viscose, Lining: 100% polyester",Regular fit,"https://assets.digitalcontent.marksandspencer.app/images/q_auto,f_auto/MS_10_T83_8616X_J4_X_EC_0/V-Neck-Long-Sleeve-Patterned-Wrap-Dress",https://www.marksandspencer.com/v-neck-long-sleeve-patterned-wrap-dress/p/clp23097616
P23089824,Some Kind Of Love Animal Print Maxi Slip Dress,Intimately FP by Free People,118,GBP,GREY MIX,T138477A,"Make an impression in this maxi slip dress from Intimately by Free People. A lightweight fabric with a subtle sheen is trimmed with lace panel inserts down the sides, adding a romantic contrast to the bold animal print. A wide V-neckline and open back with crisscrossing straps create a striking silhouette, while a front split adds ease of movement.",100% polyester,,"https://assets.digitalcontent.marksandspencer.app/images/q_auto,f_auto/MS_10_T13_8477A_T4_X_EC_0/Some-Kind-Of-Love-Animal-Print-Maxi-Slip-Dress",https://www.marksandspencer.com/some-kind-of-love-animal-print-maxi-slip-dress/p/clp23089824
P23038313,Crepe V-Neck Frill Collar Mini Smock Dress,Ghost,129,GBP,BLACK,T838462J,"This Ghost dress is crafted from soft crepe fabric for a gorgeously drapey effect. It's cut in a regular fit, with a playful mini-length hem. The v-neckline is embellished with a frilled collar and a feminine tie detail. Long blouson sleeves add a touch of volume to the silhouette.",100% viscose,Regular fit,"https://assets.digitalcontent.marksandspencer.app/images/q_auto,f_auto/MS_10_T83_8462J_Y0_X_EC_0/Crepe-V-Neck-Frill-Collar-Mini-Smock-Dress",https://www.marksandspencer.com/crepe-v-neck-frill-collar-mini-smock-dress/p/clp23038313
P23074179,Animal Print Tie Waist Midaxi Shirt Dress,Nobody's Child,110,GBP,BROWN,T829457A,"Elevate your wardrobe with this shirt dress from Nobody's Child. It's cut to a regular fit with a matching tie belt to accentuate the waist. The long-sleeved piece features a bold all-over animal print for a playful feel. It's complete with a classic collar and button front, plus a tiered, midaxi-length hem.",100% viscose,regular fit,"https://assets.digitalcontent.marksandspencer.app/images/q_auto,f_auto/MS_10_T82_9457A_N0_X_EC_0/Animal-Print-Tie-Waist-Midaxi-Shirt-Dress",https://www.marksandspencer.com/animal-print-tie-waist-midaxi-shirt-dress/p/clp23074179
P23083937,Floral V-Neck Midi Puff Sleeve Waisted Dress,Finery London,49,GBP,RED MIX,T838765V,Embrace effortless femininity with this waisted dress from Finery London. The easy regular-fit design features an all-over floral pattern and frills at the short puffed sleeves to create a pretty aesthetic. Its flattering empire waistband has shirring on the back for flexibility. The midi-length piece comes with a v-neck that leads to a button-through fastening to provide a smart finish.,"96% polyester, 4% elastane",Regular fit,"https://assets.digitalcontent.marksandspencer.app/images/q_auto,f_auto/MS_10_T83_8765V_B4_X_EC_0/Floral-V-Neck-Midi-Puff-Sleeve-Waisted-Dress",https://www.marksandspencer.com/floral-v-neck-midi-puff-sleeve-waisted-dress/p/clp23083937
P23078000,Midi Tailored Dress,Ted Baker,199,GBP,BLACK,T188573B,"This Ted Baker dress is the perfect choice for formal events or important meetings requiring that extra bit of polish. It's made to a regular fit with elegant tailoring and a sleeveless silhouette. To flatter your figure, this midi-length piece has a belt at the waist. A stand collar and wrap-style front create a blazer-inspired feel, while hardware touches offer modern style.","Shell - 94% polyester, 6% elastane, Lining - 100% polyester",Regular fit,"https://assets.digitalcontent.marksandspencer.app/images/q_auto,f_auto/MS_10_T18_8573B_Y0_X_EC_0/Midi-Tailored-Dress",https://www.marksandspencer.com/midi-tailored-dress/p/clp23078000
P23083921,Ditsy Floral Midi Waisted Dress,Finery London,45,GBP,BLUE MIX,T838760V,"Make ditsy florals your focus with this dress from Finery London. It's made from lightweight, drapey fabric in a regular fit with a round neck. The defined empire line and midi hem create elegant shaping. A keyhole button closure at the nape and scalloped picot stitching on the trims add elevated appeal.",100% viscose,Regular fit,"https://assets.digitalcontent.marksandspencer.app/images/q_auto,f_auto/MS_10_T83_8760V_E4_X_EC_0/Ditsy-Floral-Midi-Waisted-Dress",https://www.marksandspencer.com/ditsy-floral-midi-waisted-dress/p/clp23083921
P23084782,Knitted Jumper Maxi Dress with Wool,FatFace,89,GBP,CHOCOLATE,T838869V,This 2-in-1 jumper dress by FatFace creates a coordinated look with minimal effort. It combines a knitted round-neck jumper with a pleated maxi-length skirt. It's designed in a regular fit for easy all-day wear. The skirt is lined for plenty of coverage.,"Body - 69% polyester, 12% acrylic and 11% wool, 6% nylon and 2% elastane, , Shell - 100% polyester, Lining - 100% polyester",regular fit,"https://assets.digitalcontent.marksandspencer.app/images/q_auto,f_auto/MS_10_T83_8869V_SH_X_EC_0/Knitted-Jumper-Maxi-Dress-with-Wool",https://www.marksandspencer.com/knitted-jumper-maxi-dress-with-wool/p/clp23084782
P23098191,Cotton Blend Shirred Notch Neck Midi Dress,White Stuff,85,GBP,BLACK,T838674X,"This tea dress, by White Stuff, is made from a cotton blend fabric with shirred detailing at the waist for a flattering shape. It has long sleeves and a notch neckline, cut in a regular fit through the midi length. The shirring adds gentle stretch and comfort throughout the day.","50% cotton, 50% modal",Regular fit,"https://assets.digitalcontent.marksandspencer.app/images/q_auto,f_auto/MS_10_T83_8674X_Y0_X_EC_0/Cotton-Blend-Shirred-Notch-Neck-Midi-Dress",https://www.marksandspencer.com/cotton-blend-shirred-notch-neck-midi-dress/p/clp23098191
P23078927,Belted Midi Utility Shirt Dress,SOSANDAR,75,GBP,CORAL,T839676U,"This utility-style shirt dress from Sosandar is a versatile daywear choice. It's cut in a comfy regular fit, with roll tab cuffs at the short sleeves and a crisp collared neckline. At the waist, a tie belt cinches you in for a flattering look. Metallic popper fastenings run from the neck to the midi-length hem.",100% polyester,Regular fit,"https://assets.digitalcontent.marksandspencer.app/images/q_auto,f_auto/MS_10_T83_9676U_CJ_X_EC_0/Belted-Midi-Utility-Shirt-Dress",https://www.marksandspencer.com/belted-midi-utility-shirt-dress/p/clp23078927
P23065605,Cotton Blend Heart Print Midi Shirt Dress,White Stuff,27.5,GBP,RED MIX,T839388N,"Wherever your week takes you, this cotton and modal-blend shirt dress from White Stuff is a versatile choice. It's made in a regular fit from playful heart-print fabric, with button fastenings running from the collar to the midi-length hem. A waisted detail creates a flattering silhouette, and two handy side pockets complete the style.","52% cotton, 48% modal",Regular fit,"https://assets.digitalcontent.marksandspencer.app/images/q_auto,f_auto/MS_10_T83_9388N_B4_X_EC_0/Cotton-Blend-Heart-Print-Midi-Shirt-Dress",https://www.marksandspencer.com/cotton-blend-heart-print-midi-shirt-dress/p/clp23065605
P23081143,Floral Pleated Sweetheart Neckline Maxi Dress,Phase Eight,189,GBP,IVORY MIX,T838336V,"With its elegant floral print and graceful maxi length, this Phase Eight dress is made for special occasions. It's designed in a regular fit, with a sweetheart neckline, a fitted bodice and long blouson sleeves. Fine pleats in the fabric create a formal look and enhance the movement in the skirt, while a tie at the back of the neck lets you adjust the fit.",100% polyester,regular fit,"https://assets.digitalcontent.marksandspencer.app/images/q_auto,f_auto/MS_10_T83_8336V_Y8_X_EC_0/Floral-Pleated-Sweetheart-Neckline-Maxi-Dress",https://www.marksandspencer.com/floral-pleated-sweetheart-neckline-maxi-dress/p/clp23081143
P23093025,Embellished Pleated Maxi Dress,Monsoon,150,GBP,DARK GREEN MIX,T838952W,"Make an impact at extra-special occasions in this dazzling dress from Monsoon. It's made in a flattering regular fit, with a column silhouette that falls elegantly to a maxi length. The beautiful bead and sequin embellishment on the bodice beautifully contrasts with the pleated skirt. A back zip fastening ensures discreet wear.","Outer - 100% polyester, Lining - 100% polyester",regular fit,"https://assets.digitalcontent.marksandspencer.app/images/q_auto,f_auto/MS_10_T83_8952W_J6_X_EC_0/Embellished-Pleated-Maxi-Dress",https://www.marksandspencer.com/embellished-pleated-maxi-dress/p/clp23093025
P23045423,Crepe Tie Front Midi Skater Dress,Ghost,149,GBP,NAVY,T838661L,"This Ghost occasion dress is crafted from crepe fabric that drapes effortlessly on the body. It's cut in a regular fit, with a round neckline and a flared skater skirt that falls to midi length. Two shoestring bows adorn the central vertical panel on the bodice, while gathered shoulders add subtle volume to the long sleeves. This elegant dress has a keyhole and double button fastening at the back of the neck, echoed by covered button fastenings at the wrists.",100% viscose,Regular fit,"https://assets.digitalcontent.marksandspencer.app/images/q_auto,f_auto/MS_10_T83_8661L_F0_X_EC_0/Crepe-Tie-Front-Midi-Skater-Dress",https://www.marksandspencer.com/crepe-tie-front-midi-skater-dress/p/clp23045423
P23073940,Crepe Ruffle Hem Midi Dress,Ghost,169,GBP,NAVY,T839692T,"Channel effortless elegance in this Ghost dress. Cut in a regular fit from mid-weight crepe, this feminine midi style features an empire seam and a signature bias-cut skirt for a beautifully fluid drape. Side-seam ties subtly define the waist, while the v-neckline is finished with a delicate frill and tie bow detail. A double frill hem and elasticated frill cuffs complete the romantic silhouette.",100% viscose,Regular fit,"https://assets.digitalcontent.marksandspencer.app/images/q_auto,f_auto/MS_10_T83_9692T_F0_X_EC_0/Crepe-Ruffle-Hem-Midi-Dress",https://www.marksandspencer.com/crepe-ruffle-hem-midi-dress/p/clp23073940
P61233764,Air-Yarn Crew Neck Waisted Mini Knitted Dress,M&S,32,GBP,MIDNIGHT NAVY,T388679,"Made with an Air-Yarn knit, this mini dress from M&S is finished with a tie waist and a detachable belt for a defined shape. A crew neck and long sleeves keep it practical, while added stretch makes it comfortable to move in. M&S Collection: easy-to-wear wardrobe staples that combine classic and contemporary styles.","51% polyester, 41% acrylic, 5% wool and 3% elastane, With detachable belt",Regular fit,"https://assets.digitalcontent.marksandspencer.app/images/q_auto,f_auto/SD_01_T38_8679_FS_X_EC_0/Air-Yarn-Crew-Neck-Waisted-Mini-Knitted-Dress",https://www.marksandspencer.com/air-yarn-crew-neck-waisted-mini-knitted-dress/p/clp61233764
P23077418,Spot Print Lace V-Neck Midi Slip Dress,Whistles,143.2,GBP,YELLOW MIX,T839243U,"Effortless glamour is guaranteed with this elegant slip dress from Whistles. It's designed in a regular fit, with a graceful midi-length silhouette. The v-neckline featuring eyelash-lace trim gives it a delicate look and feel, matched by the embellished hem and side split. An all-over spot print and waist darts complete the effect.",100% viscose,Regular fit,"https://assets.digitalcontent.marksandspencer.app/images/q_auto,f_auto/MS_10_T83_9243U_R4_X_EC_0/Spot-Print-Lace-V-Neck-Midi-Slip-Dress",https://www.marksandspencer.com/spot-print-lace-v-neck-midi-slip-dress/p/clp23077418
P23078930,Spot Print V-Neck Belted Midi Skater Dress,SOSANDAR,79,GBP,NAVY MIX,T839679U,"Bring a playful vibe to your occasionwear with this spot-print skater dress from Sosandar. It's made to a regular fit from soft, drapey fabric with a fitted wrap-style bodice and a flared midi-length skirt. A matching belt with gold-tone detailing works to highlight your silhouette, while short flutter sleeves add an extra feminine touch.",100% viscose,regular fit,"https://assets.digitalcontent.marksandspencer.app/images/q_auto,f_auto/MS_10_T83_9679U_F4_X_EC_0/Spot-Print-V-Neck-Belted-Midi-Skater-Dress",https://www.marksandspencer.com/spot-print-v-neck-belted-midi-skater-dress/p/clp23078930
P23075825,Printed Knee Length Shift Dress,HOBBS,119,GBP,BLACK MIX,T838391U,"With its bold paisley print, this Hobbs dress makes an elegant style statement. It's crafted in a regular fit, with a universally flattering shift shape that finishes at the knee. This piece is made from effortlessly light fabric and features a v-neckline, short sleeve and handy side pockets.",100% viscose,Regular fit,"https://assets.digitalcontent.marksandspencer.app/images/q_auto,f_auto/MS_10_T83_8391U_Y4_X_EC_0/Printed-Knee-Length-Shift-Dress",https://www.marksandspencer.com/printed-knee-length-shift-dress/p/clp23075825
P23080907,Pure Cotton Gingham V-Neck Midi Dress,Monsoon,75,GBP,CORAL,T838233V,"This waisted dress from Monsoon features a timeless gingham print for a truly charming look. It's cut to a regular fit from breathable pure cotton, making it a go-to piece for warm weather. A corset-style bodice, with a feminine v-neck, flows into a midi-length skirt, creating a flattering silhouette. Thick straps and a tie detail at the front complete the design.",100% cotton,Regular fit,"https://assets.digitalcontent.marksandspencer.app/images/q_auto,f_auto/MS_10_T83_8233V_CJ_X_EC_0/Pure-Cotton-Gingham-V-Neck-Midi-Dress",https://www.marksandspencer.com/pure-cotton-gingham-v-neck-midi-dress/p/clp23080907
P23082177,Fleck Print Tie Waist Knee Length Wrap Dress,SOSANDAR,69,GBP,YELLOW MIX,T838476V,"Brighten up your wardrobe with this fleck print dress by Sosandar. It's made in a regular fit with a classic wrap silhouette that ties at the waist to create a flattering shape. The elegant v-neckline is framed by fluttery short sleeves, while the skirt falls to a versatile knee length.",100% viscose,Regular fit,"https://assets.digitalcontent.marksandspencer.app/images/q_auto,f_auto/MS_10_T83_8476V_R4_X_EC_0/Fleck-Print-Tie-Waist-Knee-Length-Wrap-Dress",https://www.marksandspencer.com/fleck-print-tie-waist-knee-length-wrap-dress/p/clp23082177
P23083706,Scoop Neck Maxi Tea Dress,Monsoon,150,GBP,DARK GREEN,T838698V,This chiffon tea dress from Monsoon is effortlessly elegant. It's crafted in a regular fit and features a shirred waist for a flattering silhouette. The flowing maxi-length skirt is decorated with ruffled trims and an asymmetric hem that accentuates the floaty feel. A keyhole detail at the scoop neck and short flutter sleeves add extra dainty touches to the design.,"Outer - 70% polyester, 30% polyamide",regular fit,"https://assets.digitalcontent.marksandspencer.app/images/q_auto,f_auto/MS_10_T83_8698V_J3_X_EC_0/Scoop-Neck-Maxi-Tea-Dress",https://www.marksandspencer.com/scoop-neck-maxi-tea-dress/p/clp23083706
P23090814,Cotton Rich Chevron Check V-Neck Midi Dress,Whistles,119.2,GBP,BLUE MIX,T839378V,"A chevron stripe and check pattern gives this sleeveless, cotton-rich dress by Whistles a vibrant look. It's crafted in a regular fit, with a v-neckline and slip pockets at the hips. The skirt features a central pleat for extra movement, and flares out to a versatile midi length.","98% cotton, 2% elastane",Regular fit,"https://assets.digitalcontent.marksandspencer.app/images/q_auto,f_auto/MS_10_T83_9378V_E4_X_EC_0/Cotton-Rich-Chevron-Check-V-Neck-Midi-Dress",https://www.marksandspencer.com/cotton-rich-chevron-check-v-neck-midi-dress/p/clp23090814
P23080168,Tomato Mini Sophie Dress,Never Fully Dressed,89,GBP,RED,T829796A,"With its detachable scarf embellishment, this Sophie dress from Never Fully Dressed delivers on style versatility. It has a figure-hugging fitted silhouette and a lightly ruffled mini-length hem, creating a flattering fit-and-flare skater shape. The sleeveless bodice features a drapey cowl neck at both the front and back for an elegant finish.",100%polyester,Regular fit,"https://assets.digitalcontent.marksandspencer.app/images/q_auto,f_auto/MS_10_T82_9796A_B0_X_EC_0/Tomato-Mini-Sophie-Dress",https://www.marksandspencer.com/cowl-neck-scarf-detail-mini-skater-dress/p/clp23080168
P23091677,Floral Square Neck Midi Tea Dress,FatFace,69,GBP,BROWN MIX,T838500W,"With its cheerful floral print, this midi tea dress from FatFace is a versatile option for all-day wear. It's cut in a regular fit, with a feminine v-neckline and three-quarter sleeves. The square neck is mirrored on the back for a contemporary silhouette. Shirring on the bodice and pockets in the side seams add final flourishes.",100% viscose,regular fit,"https://assets.digitalcontent.marksandspencer.app/images/q_auto,f_auto/MS_10_T83_8500W_N4_X_EC_0/Floral-Square-Neck-Midi-Tea-Dress",https://www.marksandspencer.com/floral-square-neck-midi-tea-dress/p/clp23091677
P23095169,Pure Cotton Cord Knee Length Shift Dress,Seasalt Cornwall,69,GBP,BROWN,T839558W,"Layer up in effortless style with this pure cotton cord pinafore dress from Seasalt Cornwall. It’s cut to a regular fit, with an easy waistline and bust darts adding subtle shape. The sleeveless design features a scoop neck at the front and a V-neck at the back, plus a two-button fastening at one shoulder. Generous patch pockets add a practical finishing touch.","100% cotton, Lining - 100% polyester",Relaxed fit,"https://assets.digitalcontent.marksandspencer.app/images/q_auto,f_auto/MS_10_T83_9558W_N0_X_EC_0/Pure-Cotton-Cord-Knee-Length-Shift-Dress",https://www.marksandspencer.com/pure-cotton-cord-knee-length-shift-dress/p/clp23095169
P23098188,Cotton Blend Collared Patterned Midi Dress,White Stuff,75,GBP,GREEN MIX,T838685X,"This dress from White Stuff is made from a cotton blend fabric with a collared neckline and button fastening at the front. Patterned throughout, it has 3/4 length sleeves and sits in a regular fit through the midi length. The collar adds a smart, considered finishing touch.","50% cotton, 50% modal",Regular fit,"https://assets.digitalcontent.marksandspencer.app/images/q_auto,f_auto/MS_10_T83_8685X_J4_X_EC_0/Cotton-Blend-Collared-Patterned-Midi-Dress",https://www.marksandspencer.com/cotton-blend-collared-patterned-midi-dress/p/clp23098188
P23056433,Birdie Stretch Viscose Jersey Wrap Front Dress,Pour Moi,47,GBP,GREEN MIX,T588250M,"This floral beach dress from Pour Moi is crafted from soft stretch jersey for a comfortable feel. It's designed with a flattering v-neckline, a wrap-style bodice and an adjustable waist tie. Frills on the short sleeves and mini-length hem create a playful look.","94% viscose, 6% elastane",,"https://assets.digitalcontent.marksandspencer.app/images/q_auto,f_auto/MS_10_T58_8250M_J4_X_EC_0/Birdie-Stretch-Viscose-Jersey-Wrap-Front-Dress",https://www.marksandspencer.com/jersey-floral-mini-wrap-beach-dress/p/clp23056433
P23062947,Cotton Blend Tie Neck Pleated Mini Skater Dress,French Connection,79,GBP,PINK,T838500N,"This mini dress from French Connection is a playful choice for parties. It's designed in a regular fit, with a skater skirt that features godet pleats for a flared shape. The bow at the neckline adds a feminine touch. A keyhole button fastening at the back completes the piece.","52% polyester, 48% cotton",Regular fit,"https://assets.digitalcontent.marksandspencer.app/images/q_auto,f_auto/MS_10_T83_8500N_A0_X_EC_0/Cotton-Blend-Tie-Neck-Pleated-Mini-Skater-Dress",https://www.marksandspencer.com/cotton-blend-tie-neck-pleated-mini-skater-dress/p/clp23062947
P23062948,Polka Dot V-Neck Midi Tea Dress,French Connection,95,GBP,BLUE MIX,T838501N,"With its timeless polka dot print, this French Connection tea dress is a sophisticated choice. It's cut in a comfy regular fit, with a v-neckline for a flattering look and short, fluttery sleeves. An underbust seam creates extra shaping, while the skirt falls to an on-trend midi length.",100% viscose,Regular fit,"https://assets.digitalcontent.marksandspencer.app/images/q_auto,f_auto/MS_10_T83_8501N_E4_X_EC_0/Polka-Dot-V-Neck-Midi-Tea-Dress",https://www.marksandspencer.com/polka-dot-v-neck-midi-tea-dress/p/clp23062948
P23062950,Knitted Striped Mini Shift Dress,French Connection,85,GBP,RED MIX,T838503N,"This striking French Connection shift dress is all about bohemian charm. It has an easy regular fit, with a collared neckline and an open placket. Horizontal stripes add statement style, while the knitted fabric adds tactile texture. The mini-length hem nods to retro style.",100% polyester,Regular fit,"https://assets.digitalcontent.marksandspencer.app/images/q_auto,f_auto/MS_10_T83_8503N_B4_X_EC_0/Knitted-Striped-Mini-Shift-Dress",https://www.marksandspencer.com/knitted-striped-mini-shift-dress/p/clp23062950
P23067144,Cotton Blend Midaxi Tiered Dress,French Connection,120,GBP,BLACK MIX,T839781N,"This eye-catching midaxi dress from French Connection is crafted from cotton-blend fabric with a touch of linen for a breezy feel. It's cut in a comfortable, regular fit, with an elegant V-neckline and an adjustable tie back. This floral print design is enhanced with contrasting ruffled sleeves and tiers, which feature a polka dot pattern.","46% viscose, 42% cotton and 12% linen",Regular fit,"https://assets.digitalcontent.marksandspencer.app/images/q_auto,f_auto/MS_10_T83_9781N_Y4_X_EC_0/Cotton-Blend-Midaxi-Tiered-Dress",https://www.marksandspencer.com/cotton-blend-midaxi-tiered-dress/p/clp23067144
P23067149,Pure Cotton Floral Embroidered Mini Shift Dress,French Connection,99,GBP,BLACK MIX,T839783N,"Bring a boho-inspired feel to smart-casual days with this shift dress from French Connection. It's cut in a comfy regular fit, with a crew neckline featuring pleated detailing and a back zip closure. The design features all-over floral embroidery for a charming look. Puff short sleeves and a mini-length hem complete this piece.",100% cotton,Regular fit,"https://assets.digitalcontent.marksandspencer.app/images/q_auto,f_auto/MS_10_T83_9783N_Y4_X_EC_0/Pure-Cotton-Floral-Embroidered-Mini-Shift-Dress",https://www.marksandspencer.com/pure-cotton-floral-embroidered-mini-shift-dress/p/clp23067149
P23067150,Ditsy Floral V-Neck Midi Tea Dress,French Connection,99,GBP,PINK MIX,T839777N,"Add charm to your smart-casual wardrobe with this tea dress by French Connection, decorated with a playful ditsy floral print. It's cut to an easy regular fit, with a waisted panel and a graceful V-neck. The puff short sleeves add a touch of volume, while the twist front adds elegance. This midi-length piece fastens with a discreet back zip.","83% viscose, 17% nylon",Regular fit,"https://assets.digitalcontent.marksandspencer.app/images/q_auto,f_auto/MS_10_T83_9777N_A4_X_EC_0/Ditsy-Floral-V-Neck-Midi-Tea-Dress",https://www.marksandspencer.com/ditsy-floral-v-neck-midi-tea-dress/p/clp23067150
P23069117,Crepe Tie Neck Midi Waisted Dress,Ghost,149,GBP,RED,T838617Q,"Stand out on special occasions in this crepe waisted dress by Ghost. It's cut in a timeless regular fit, with a flirty keyhole opening at the tie neckline. The short sleeves are puffed for an on-trend look. Covered button fastenings add extra polish to the bodice, and there's a buckle belt to pull you in at the waist. The hemline sits at a graceful midi length.",100% viscose,Regular fit,"https://assets.digitalcontent.marksandspencer.app/images/q_auto,f_auto/MS_10_T83_8617Q_B0_X_EC_0/Crepe-Tie-Neck-Midi-Waisted-Dress",https://www.marksandspencer.com/crepe-tie-neck-midi-waisted-dress/p/clp23069117
P23073920,Crepe Floral Midi Tea Dress,Ghost,139,GBP,RED MIX,T839683T,"Crafted from lightweight crepe, this floral dress by Ghost drapes beautifully on the body. It comes in an effortless regular fit, with an empire seam featuring delicate gathering under the bust for soft shaping. The v-neckline is framed by gathered short sleeves and the skirt falls into a swishy midi hem.",100% viscose,Regular fit,"https://assets.digitalcontent.marksandspencer.app/images/q_auto,f_auto/MS_10_T83_9683T_B4_X_EC_0/Crepe-Floral-Midi-Tea-Dress",https://www.marksandspencer.com/crepe-floral-midi-tea-dress/p/clp23073920
P23074008,Pure Cotton Midi Shirt Dress,French Connection,99,GBP,DARK BLUE,T839591T,"A light chambray fabrication makes this sleeveless French Connection dress a wonderfully stylish everyday essential. It comes in a regular fit, with a tie waist design for a flattering silhouette. The midi skirt is gathered for a playful feel, while faux tortoiseshell buttons and a collared neckline bring a sophisticated touch.",100% cotton,Regular fit,"https://assets.digitalcontent.marksandspencer.app/images/q_auto,f_auto/MS_10_T83_9591T_E3_X_EC_0/Pure-Cotton-Midi-Shirt-Dress",https://www.marksandspencer.com/pure-cotton-midi-shirt-dress/p/clp23074008
P23074015,Chiffon Snake Print Midi Waisted Dress,French Connection,110,GBP,MULTI,T839599T,"Embrace standout style with this snake print dress by French Connection. It's crafted in a regular fit from chiffon, giving a floaty feel. This waisted piece has long sleeves and a collared neckline for a smart touch. Shirred cuffs and a fade-out panel at the midi-length hem add subtle detailing, with covered buttons on the bodice completing the chic look.",100% polyester,Regular fit,"https://assets.digitalcontent.marksandspencer.app/images/q_auto,f_auto/MS_10_T83_9599T_ZZ_X_EC_0/Chiffon-Snake-Print-Midi-Waisted-Dress",https://www.marksandspencer.com/chiffon-snake-print-midi-waisted-dress/p/clp23074015
P23075518,Denim Zip Up Midi Waisted Dress,RO&ZO,139,GBP,BLUE DENIM,T839723T,"The ultimate in on-duty style with off-duty charm, this cotton-rich denim dress from Ro&Zo is an effortless piece for your wardrobe. It's crafted to a regular fit, with the sleeveless bodice leading into an A-line midi-length skirt that gently flares below the waist. The functional zip runs from the square neck down to the feminine hem split.","Main - 64% cotton, 19% viscose, 14% polyester and 3% other fibre",regular fit,"https://assets.digitalcontent.marksandspencer.app/images/q_auto,f_auto/MS_10_T83_9723T_JQ_X_EC_0/Denim-Zip-Up-Midi-Waisted-Dress",https://www.marksandspencer.com/denim-zip-up-midi-waisted-dress/p/clp23075518
P23075682,Pure Cotton Denim Midi Shirt Dress,GANT,190,GBP,DENIM,T188364B,"Crafted from pure cotton denim, this shirt dress from GANT makes for easy off-duty wear. It's cut in a regular fit, with a buckled belt to define your waist and a neat collar neckline. A row of metallic press studs runs from neck to midi hemline. Top-stitched seams and pockets at the chest and hips provide utility-inspired styling.",100% cotton,Regular fit,"https://assets.digitalcontent.marksandspencer.app/images/q_auto,f_auto/MS_10_T18_8364B_HP_X_EC_0/Pure-Cotton-Denim-Midi-Shirt-Dress",https://www.marksandspencer.com/pure-cotton-denim-midi-shirt-dress/p/clp23075682
P23077102,Cotton Rich Printed Midi Shirt Dress with Silk,Sportscraft,175,GBP,PURPLE MIX,T839092U,"Made from a cotton-silk blend, this midi shirt dress from Sportscraft has a lightweight feel. Cut to a regular fit, the colour block style has a collared neckline and is lined to the knee. Features a button-through fastening and a fabric belt. Gathered half sleeves create a touch of volume.","78% cotton, 22% silk, , Lining - 100% cotton",Regular fit,"https://assets.digitalcontent.marksandspencer.app/images/q_auto,f_auto/MS_10_T83_9092U_D4_X_EC_0/Cotton-Rich-Printed-Midi-Shirt-Dress-with-Silk",https://www.marksandspencer.com/cotton-rich-printed-midi-shirt-dress-with-silk/p/clp23077102
P23077344,High Neck Midi Skater Dress,Whistles,159.2,GBP,BLUE,T838866U,"In a striking hue, this elegant dress from Whistles makes an eye-catching choice for any occasion. It's designed in a regular fit with a streamlined, fit-and-flare silhouette that skims through the middle and flares out to the swishy midi hem. This short-sleeved style features a high neck with pleated detailing for a sophisticated finish.","97% viscose, 3% elastane",Regular fit,"https://assets.digitalcontent.marksandspencer.app/images/q_auto,f_auto/MS_10_T83_8866U_E0_X_EC_0/High-Neck-Midi-Skater-Dress",https://www.marksandspencer.com/high-neck-midi-skater-dress/p/clp23077344
P23077732,Spot Print V-Neck Midi Beach Dress,Seafolly,105,GBP,BURGUNDY MIX,T138087A,"This spot-print beach dress by Seafolly will take you from the poolside to sunset drinks. It's designed with a v-neckline and adjustable slim straps. The waist is left loose for a relaxed feel, while a midi-length handkerchief hem provides a playful, swishy finish.",100% viscose,Relaxed fit,"https://assets.digitalcontent.marksandspencer.app/images/q_auto,f_auto/MS_10_T13_8087A_U8_X_EC_0/Spot-Print-V-Neck-Midi-Beach-Dress",https://www.marksandspencer.com/spot-print-v-neck-midi-beach-dress/p/clp23077732
P23077767,Pure Cotton Striped Midi Shirt Dress,Sportscraft,175,GBP,BLUE,T839302U,"This sleeveless shirt dress by Sportscraft offers a breathable, lightweight feel that makes it ideal for the warmer months. It's designed in a regular fit with a neat collared neckline, zip fastening and a midi-length hem. Crisp stripes lend a timeless finish.",100% cotton,Regular fit,"https://assets.digitalcontent.marksandspencer.app/images/q_auto,f_auto/MS_10_T83_9302U_E0_X_EC_0/Pure-Cotton-Striped-Midi-Shirt-Dress",https://www.marksandspencer.com/pure-cotton-striped-midi-shirt-dress/p/clp23077767
P23078116,Argyle Pleated Mini Skater Dress,Sportscraft,175,GBP,BLUE,T839437U,"With its pleated mini skirt and contrast tipping, this Sportscraft dress is an elevated take on athleisure style. It's cut to a regular fit in a flattering skater silhouette. The sleeveless bodice features a textured argyle design for a timeless look.","58% viscose, 42% nylon",Relaxed fit,"https://assets.digitalcontent.marksandspencer.app/images/q_auto,f_auto/MS_10_T83_9437U_E0_X_EC_0/Argyle-Pleated-Mini-Skater-Dress",https://www.marksandspencer.com/argyle-pleated-mini-skater-dress/p/clp23078116
P23084820,Textured Collarless Zip Up Midi Waisted,Phase Eight,119,GBP,RED,T838331V,"With its textured fabric and zip-through design, this sleeveless midi dress from Phase Eight makes a statement. It's designed in an easy regular fit and features a self-tie waist for a flattering silhouette. This collarless design is finished with two side pockets.",100% polyester,Regular fit,"https://assets.digitalcontent.marksandspencer.app/images/q_auto,f_auto/MS_10_T83_8331V_B0_X_EC_0/Textured-Collarless-Zip-Up-Midi-Waisted",https://www.marksandspencer.com/textured-collarless-zip-up-midi-waisted/p/clp23084820
P23087276,Tie Side Midi Column Dress,River Island,49,GBP,PINK,T839403V,Get ready to make a statement with this striking column dress from River Island. It's crafted in a regular fit with a figure-hugging shape and tie-side detailing for stand-out style. This midi-length piece is complete with an asymmetric neckline for a contemporary finish that catches the eye.,100% polyester,,"https://assets.digitalcontent.marksandspencer.app/images/q_auto,f_auto/MS_10_T83_9403V_A0_X_EC_0/Tie-Side-Midi-Column-Dress",https://www.marksandspencer.com/tie-side-midi-column-dress/p/clp23087276
P23088574,Polka Dot Embroidered Midi Tiered Shirt Dress,White Stuff,95,GBP,BLUE,T839670V,"This White Stuff shirt dress is embroidered with polka dots for a fresh take on a timeless style. It's cut in an easy regular fit, with a drawstring tie belt that lets you add shaping. The buttons run all the way from the collared neck to the hem, providing styling options. Ruched long sleeves and a tiered midi hem complete the pretty piece.",Outer - 100% viscose,Regular fit,"https://assets.digitalcontent.marksandspencer.app/images/q_auto,f_auto/MS_10_T83_9670V_E0_X_EC_0/Polka-Dot-Embroidered-Midi-Tiered-Shirt-Dress",https://www.marksandspencer.com/polka-dot-embroidered-midi-tiered-shirt-dress/p/clp23088574
P23096333,Printed Knee Length Skater Dress,Roman,60,GBP,COPPER,T083621S,"This printed dress from Roman will make a playful addition to your casual wardrobe. It's made to a flattering fit-and-flare shape, with a hanky hem on the knee-length skirt for standout style. The round neckline and three-quarter-length fitted sleeves provide comfortable coverage, while the playful speckle print adds eye-catching appeal to this versatile design.","95% polyester, 5% elastane",Flared,"https://assets.digitalcontent.marksandspencer.app/images/q_auto,f_auto/MS_10_T08_3621S_VA_X_EC_0/Printed-Knee-Length-Skater-Dress",https://www.marksandspencer.com/printed-knee-length-skater-dress/p/clp23096333
P23062937,Textured Funnel Neck Mini Shift Dress,French Connection,99,GBP,BLACK,T838489N,"This bouclé dress from French Connection is a versatile take on the classic shift style. It's designed in an effortless regular fit, with a flattering funnel neck and long sleeves for a comfy feel throughout the day. The mini-length piece is complete with a neat zip fastening at the back.",100% polyester,regular fit,"https://assets.digitalcontent.marksandspencer.app/images/q_auto,f_auto/MS_10_T83_8489N_Y0_X_EC_0/Textured-Funnel-Neck-Mini-Shift-Dress",https://www.marksandspencer.com/textured-funnel-neck-mini-shift-dress/p/clp23062937
P23074403,Lyocell Rich Midi Shirt Dress,Crew Clothing,85,GBP,MID BLUE,T199510B,Bring timeless style to your casual wardrobe with this lyocell-rich midi dress from Crew Clothing. The short-sleeved button-through design is made in an easy regular fit with a waisted detail for flattering shaping. A collared neckline gives a classic shirt-style finish.,"63% lyocell, 37% cotton",Regular fit,"https://assets.digitalcontent.marksandspencer.app/images/q_auto,f_auto/MS_10_T19_9510B_O4_X_EC_0/Lyocell-Rich-Midi-Shirt-Dress",https://www.marksandspencer.com/lyocell-rich-midi-shirt-dress/p/clp23074403
P23089823,Full Slip,Intimately FP by Free People,108,GBP,BLUE MIX,T138479A,"The ""Some Kind of Love"" slip from Free People dares you to bare its semi-sheer fabric with intricate detailing. This longline style is crafted from lightweight material that's soft on skin, with adjustable straps allowing you to find the perfect fit. A circular crochet lace design at the hem offers a bohemian feel.",100% polyester,,"https://assets.digitalcontent.marksandspencer.app/images/q_auto,f_auto/MS_10_T13_8479A_E4_X_EC_0/Full-Slip",https://www.marksandspencer.com/full-slip/p/clp23089823
P23089892,Animal Print Blouson Sleeve Skater Dress,BAUKJEN,199,GBP,BLACK,T838039W,"Power dressing is given a stylish upgrade with this animal-print dress from Baukjen. It's designed in a fit-and-flare silhouette, with a flowing midi-length skirt that shapes a confident silhouette. The round neckline and long shirt-style sleeves create a smart overall look. A neat zip fastening completes this polished design.",100% viscose,Regular fit,"https://assets.digitalcontent.marksandspencer.app/images/q_auto,f_auto/MS_10_T83_8039W_Y0_X_EC_0/Animal-Print-Blouson-Sleeve-Skater-Dress",https://www.marksandspencer.com/animal-print-blouson-sleeve-skater-dress/p/clp23089892
P23091651,Velvet Bow V-Neck Knee Length Shift Dress,FatFace,89,GBP,BLACK,T838511W,"This dress from FatFace exudes elegant sophistication. It's cut in a regular fit from plush velvet fabric and falls to a knee-length hem. The shift-style piece features a flattering v-neckline and bow accents on the shoulders for extra femininity. A full lining provides comfort, while the sleeveless design lends itself to layering under a jacket.","Shell - 75% viscose, 25% nylon, Lining - 100% polyester",Regular fit,"https://assets.digitalcontent.marksandspencer.app/images/q_auto,f_auto/MS_10_T83_8511W_Y0_X_EC_0/Velvet-Bow-V-Neck-Knee-Length-Shift-Dress",https://www.marksandspencer.com/velvet-bow-v-neck-knee-length-shift-dress/p/clp23091651
P23021435,Maternity Pure Cotton Gingham Midi Smock Dress,JoJo Maman Bébé,55,GBP,PINK MIX,T949893,"This pure gingham dress by JoJo Maman Bébé is a lightweight, flowy maternity option perfect for sunny days and holiday outfits during pregnancy. It's in a regular fit with a comfortable smock silhouette that falls to a flattering midi length, ideal for your pregnant look or a baby shower. The shirred bodice provides plenty of stretch to accommodate your changing shape, while the square neckline and short puff sleeves add details. Finished with a classic checked pattern and an elasticated waist for all-day comfort throughout your pregnancy, this dress also makes a perfect lounge outfit for your maternity wardrobe.",100% cotton,Regular fit,"https://assets.digitalcontent.marksandspencer.app/images/q_auto,f_auto/MS_10_T94_9893_A4_X_EC_0/Maternity-Pure-Cotton-Gingham-Midi-Smock-Dress",https://www.marksandspencer.com/maternity-pure-cotton-gingham-midi-smock-dress/p/clp23021435
P23062934,Denim Square Neck Strappy Midi Skater Dress,French Connection,110,GBP,BLACK,T838486N,"For a modern take on a classic design, pick this skater dress by French Connection. It's made in an effortless regular fit from denim for a breathable feel throughout the day. The square neckline gives a contemporary look, while the strappy shape ensures comfort. It's complete with a midi-length hem to create a timeless touch.",100% cotton,Regular fit,"https://assets.digitalcontent.marksandspencer.app/images/q_auto,f_auto/MS_10_T83_8486N_Y0_X_EC_0/Denim-Square-Neck-Strappy-Midi-Skater-Dress",https://www.marksandspencer.com/denim-square-neck-strappy-midi-skater-dress/p/clp23062934
P23062942,Pure Cotton Colour Block Midi Skater Dress,French Connection,125,GBP,LIGHT BLUE MIX,T838495N,"Bring a sophisticated feel to your wardrobe with this pure cotton skater dress from French Connection. It's made in a flattering regular fit, to a light sleeveless silhouette with a feminine v-neckline. An underbust seam lends extra shaping to the colour-block bodice, while the skirt features pleating at the waist to create subtle texture. The hemline falls to an elegant midi length.",100% cotton,Regular fit,"https://assets.digitalcontent.marksandspencer.app/images/q_auto,f_auto/MS_10_T83_8495N_E7_X_EC_0/Pure-Cotton-Colour-Block-Midi-Skater-Dress",https://www.marksandspencer.com/pure-cotton-colour-block-midi-skater-dress/p/clp23062942
P23064219,Cotton Rich Denim Ruched Midi Shirt Dress,SOSANDAR,79,GBP,BLUE,T839031N,"Bring extra flair to your smart-casual wardrobe with this denim shirt dress from Sosandar. It's cut in a comfy regular fit, with a sleeveless bodice for light coverage and a crisp collared neckline. At the waist, ruched detailing creates a flattering silhouette. Front button fastenings run the length of the midi-length skirt.","98% cotton, 2% elastane",Regular fit,"https://assets.digitalcontent.marksandspencer.app/images/q_auto,f_auto/MS_10_T83_9031N_E0_X_EC_0/Cotton-Rich-Denim-Ruched-Midi-Shirt-Dress",https://www.marksandspencer.com/cotton-rich-denim-ruched-midi-shirt-dress/p/clp23064219
P23067147,Pure Cotton Floral Embroidery U-Wire Midi Dress,French Connection,120,GBP,WHITE MIX,T839767N,"This pure cotton midi dress from French Connection features statement floral embroidery on the bodice for a timelessly feminine look. It's cut in a regular fit, with a sleeveless fit-and-flare shape and ladder lace detailing on the midi-length skirt. The sweetheart neckline encompasses a U-wire for an alluring finish. It fastens with a discreet side zip.",100% cotton,Regular fit,"https://assets.digitalcontent.marksandspencer.app/images/q_auto,f_auto/MS_10_T83_9767N_Z4_X_EC_0/Pure-Cotton-Floral-Embroidery-U-Wire-Midi-Dress",https://www.marksandspencer.com/pure-cotton-floral-embroidery-u-wire-midi-dress/p/clp23067147
P23067148,Striped Halter Neck Midi Skater Dress,French Connection,130,GBP,PINK MIX,T839773N,"For a striking look, choose this head-turning skater dress by French Connection. It's designed in a flattering regular fit, with a sleek halter neck and a midi length. This eye-catching design fastens with a discreet back zip and is complete with bold stripes for a charming finish.",100% polyester,Regular fit,"https://assets.digitalcontent.marksandspencer.app/images/q_auto,f_auto/MS_10_T83_9773N_A4_X_EC_0/Striped-Halter-Neck-Midi-Skater-Dress",https://www.marksandspencer.com/striped-halter-neck-midi-skater-dress/p/clp23067148
P23073928,Crepe V-Neck Angel Sleeve Midi Tea Dress,Ghost,129,GBP,NAVY,T839697T,"With its graceful, drapey fabric and understated design, this tea dress from Ghost makes an elegant addition to your occasionwear. It's cut in a regular fit, with a panelled waistband for a figure-enhancing silhouette. Gentle gathers on the bust bring subtle texture, while the fluttery angel sleeves maintain the vintage-inspired look. A side zip fastening adds a neat finishing touch.",100% viscose,Regular fit,"https://assets.digitalcontent.marksandspencer.app/images/q_auto,f_auto/MS_10_T83_9697T_F0_X_EC_0/Crepe-V-Neck-Angel-Sleeve-Midi-Tea-Dress",https://www.marksandspencer.com/crepe-v-neck-angel-sleeve-midi-tea-dress/p/clp23073928
P23074018,Pure Cotton Broderie Square Neck Midi Dress,French Connection,130,GBP,LIGHT BLUE MIX,T839602T,"With its striking floral broderie design, this French Connection dress makes a romantic choice for day or night. It's made in a regular fit, with a fit-and-flare shape and a versatile midi length. A square neck creates a modern feel. The bodice is framed with ruffles at the straps, while white piping adds a pretty effect.",100% cotton,Regular fit,"https://assets.digitalcontent.marksandspencer.app/images/q_auto,f_auto/MS_10_T83_9602T_E7_X_EC_0/Pure-Cotton-Broderie-Square-Neck-Midi-Dress",https://www.marksandspencer.com/pure-cotton-broderie-square-neck-midi-dress/p/clp23074018
P23075169,Cotton Rich Crochet V-Neck Midaxi Dress,SOSANDAR,79,GBP,GREEN,T838325U,"Embrace sunny days in style in this cotton-rich waisted dress by Sosandar. It's cut in an easy regular fit from a crochet fabric that has a cool feel and a striking textured look. The neat shoulder straps feature tie detailing, while the v-neckline adds an elegant touch. It falls to a flattering midaxi-length hem.","83% Cotton, 17% Nylon, Lining - 100% Polyester",Regular fit,"https://assets.digitalcontent.marksandspencer.app/images/q_auto,f_auto/MS_10_T83_8325U_J0_X_EC_0/Cotton-Rich-Crochet-V-Neck-Midaxi-Dress",https://www.marksandspencer.com/cotton-rich-crochet-v-neck-midaxi-dress/p/clp23075169
P23077443,Geometric Checked Cowl Neck Midi Column Dress,Whistles,143.2,GBP,PINK MIX,T838863U,"The design of this Whistles cowl-neck column dress makes it a stylish choice for formal occasions. It's made from smooth fabric in a regular fit, with a high neck and short cap sleeves. The material wraps flatteringly across the waist before cascading to a midi-length handkerchief hem. A geometric checked print brings extra stand-out appeal.",100% viscose,regular fit,"https://assets.digitalcontent.marksandspencer.app/images/q_auto,f_auto/MS_10_T83_8863U_A4_X_EC_0/Geometric-Checked-Cowl-Neck-Midi-Column-Dress",https://www.marksandspencer.com/geometric-checked-cowl-neck-midi-column-dress/p/clp23077443
P23077735,Pure Cotton Textured Beach Cover Up Shirt,Seafolly,80,GBP,BLUE,T138090A,"Crafted from textured pure cotton voile, this beach cover-up shirt from Seafolly is a stylish choice for sun-soaked days. The knee-length piece features a curved hemline for a feminine feel. Smart details include a collared neckline, long sleeves and a button-through front.",100% cotton,Relaxed fit,"https://assets.digitalcontent.marksandspencer.app/images/q_auto,f_auto/MS_10_T13_8090A_E0_X_EC_0/Pure-Cotton-Textured-Beach-Cover-Up-Shirt",https://www.marksandspencer.com/pure-cotton-textured-beach-cover-up-shirt/p/clp23077735
P23078084,Denim Scoop Neck Midi Skater Dress,SABA,239,GBP,BLUE,T839419U,This denim dress by SABA makes a stylish choice for casual days. It's made in an easy regular fit with a sleeveless fit-and-flare silhouette to create a feminine look. Buttons down the front complete the midi-length design.,"66% cotton, 33% lyocell and 1% elastane",Regular fit,"https://assets.digitalcontent.marksandspencer.app/images/q_auto,f_auto/MS_10_T83_9419U_E0_X_EC_0/Denim-Scoop-Neck-Midi-Skater-Dress",https://www.marksandspencer.com/denim-scoop-neck-midi-skater-dress/p/clp23078084
P23078169,Pure Cotton Embroidered Midi Skater Dress,Joules,79,GBP,CREAM MIX,T839488U,"This sleeveless pure cotton midi dress from Joules is a light and breezy option for days spent by the coast. Regular fit, with shaping under the bust and at the waist for a flattering fit-and-flare silhouette. Sea-themed embroidered design and pretty tie at the square neckline finish the piece.",100% cotton,Regular fit,"https://assets.digitalcontent.marksandspencer.app/images/q_auto,f_auto/MS_10_T83_9488U_K4_X_EC_0/Pure-Cotton-Embroidered-Midi-Skater-Dress",https://www.marksandspencer.com/pure-cotton-embroidered-midi-skater-dress/p/clp23078169
P23078928,Paisley V-Neck Tie Waist Midi Wrap Dress,SOSANDAR,75,GBP,BLUE MIX,T839677U,"Breeze through sunny days in effortless style with this paisley wrap dress from Sosandar. It's made in a comfy regular fit, with a flattering v-neckline and light short sleeves. A tie belt ensures a figure-defining look, while the hemline falls to a sophisticated midi length.","93% viscose, 7% elastane",Regular fit,"https://assets.digitalcontent.marksandspencer.app/images/q_auto,f_auto/MS_10_T83_9677U_E4_X_EC_0/Paisley-V-Neck-Tie-Waist-Midi-Wrap-Dress",https://www.marksandspencer.com/paisley-v-neck-tie-waist-midi-wrap-dress/p/clp23078928
P23080897,Polka Dot Midi Skater Dress,Monsoon,85,GBP,BERRY,T838240V,Make an impression on special occasions in this dress by Monsoon. It's designed in a regular fit with a flattering fit and flare silhouette that flows into a midi-length hem. It's framed by an elegant crew neckline and sleeveless bodice. Two floor-length panels at the back add a dramatic finish.,100% viscose,Regular fit,"https://assets.digitalcontent.marksandspencer.app/images/q_auto,f_auto/MS_10_T83_8240V_F8_X_EC_0/Polka-Dot-Midi-Skater-Dress",https://www.marksandspencer.com/polka-dot-midi-skater-dress/p/clp23080897
P23080903,Pure Cotton Gingham Tie Neck Midi Dress,Monsoon,75,GBP,RED,T838248V,"This charming gingham dress from Monsoon is designed with sunshine-filled days in mind. It's crafted in a regular fit from breathable pure cotton fabric. Pretty details include tie detailing at the neck and bodice, and frills at the shoulders. This stylish sleeveless piece is complete with a flowing mid-length skirt.",100% cotton,Regular fit,"https://assets.digitalcontent.marksandspencer.app/images/q_auto,f_auto/MS_10_T83_8248V_B0_X_EC_0/Pure-Cotton-Gingham-Tie-Neck-Midi-Dress",https://www.marksandspencer.com/pure-cotton-gingham-tie-neck-midi-dress/p/clp23080903
P23082048,Floral V-Neck Frill Detail Mini Tea Dress,French Connection,85,GBP,PINK MIX,T838451V,This mini tea dress from French Connection is full of feminine details. It's crafted in a regular fit with shaping under the bust that creates a flattering silhouette. The v-neck features a delicate frill trim framing the sleeveless piece. A button-through front and pretty floral print provide the finishing touches.,100% viscose,Regular fit,"https://assets.digitalcontent.marksandspencer.app/images/q_auto,f_auto/MS_10_T83_8451V_A4_X_EC_0/Floral-V-Neck-Frill-Detail-Mini-Tea-Dress",https://www.marksandspencer.com/floral-v-neck-frill-detail-mini-tea-dress/p/clp23082048
P23086891,Polka Dot Midi Tea Dress,BAUKJEN,199,GBP,BROWN MIX,T839291V,Exude effortless elegance at special occasions in this Baukjen tea dress. It's a regular-fit piece with a feminine fit-and-flare shape created via a cinched-in elasticated waistband. The bodice is styled with a flattering wrap V-neckline and graceful short sleeves. The midi-length piece features a polka-dot print for vintage-inspired style.,100% viscose,Regular fit,"https://assets.digitalcontent.marksandspencer.app/images/q_auto,f_auto/MS_10_T83_9291V_N4_X_EC_0/Polka-Dot-Midi-Tea-Dress",https://www.marksandspencer.com/polka-dot-midi-tea-dress/p/clp23086891
P23089832,Printed Midi Smock Dress,Monsoon,85,GBP,TEAL MIX,T839841V,An all-over print lends a feminine feel to this elegant dress by Monsoon. This fit-and-flare piece is designed in an easy regular fit with a chic midi length. The v-shaped neckline and wide long sleeves add to the boho look. A gathered empire line creates a flattering smock-like shape.,Outer - 100% viscose,Regular fit,"https://assets.digitalcontent.marksandspencer.app/images/q_auto,f_auto/MS_10_T83_9841V_XT_X_EC_0/Printed-Midi-Smock-Dress",https://www.marksandspencer.com/printed-midi-smock-dress/p/clp23089832
P23090270,Denim V-Neck Puff Sleeve Midi Wasited Dress,RO&ZO,129,GBP,BLUE DENIM,T838117W,"This sleek denim midi dress from Ro&Zo captures modern elegance perfectly. It's designed in an easy regular fit, with a flattering waisted shape and an elegant V-neckline. The short puff sleeves add volume and feature stretchy cuffs. This versatile style has contrast stitching for authentic detail and an exposed metal zip at the back.","42% lyocell, 31% cotton, 26% polyester and 1% elastane",Regular fit,"https://assets.digitalcontent.marksandspencer.app/images/q_auto,f_auto/MS_10_T83_8117W_JQ_X_EC_0/Denim-V-Neck-Puff-Sleeve-Midi-Wasited-Dress",https://www.marksandspencer.com/denim-v-neck-puff-sleeve-midi-wasited-dress/p/clp23090270
P23091324,Satin Floral Knee Length Skater Dress,HOBBS,199,GBP,BLUE MIX,T838321W,"This Hobbs dress was made for special occassions. It's crafted from heavyweight floral jacquard satin to a knee-length regular fit, and is fully lined for comfort. A boat neckline and short cap sleeves create a neat bodice, while the waist tie belt defines the fit-and-flare silhouette. In-seam pockets are a handy finishing touch. The piece fastens with a discreet zip.",100% polyester,Regular fit,"https://assets.digitalcontent.marksandspencer.app/images/q_auto,f_auto/MS_10_T83_8321W_E4_X_EC_0/Satin-Floral-Knee-Length-Skater-Dress",https://www.marksandspencer.com/satin-floral-knee-length-skater-dress/p/clp23091324
P23045431,Satin Floral Midi Tea Dress,Ghost,149,GBP,BLACK MIX,T838666L,"This Ghost tea dress is crafted from fluid satin that drapes effortlessly on the body. It's cut in a regular fit, with a graceful v-neckline and short sleeves. The bodice is detailed with covered button fastenings for a neat look, while the midi-length skirt is softly gathered at the waist to create a flattering silhouette. A delicate floral print ensures a feminine feel.",100% viscose,Regular fit,"https://assets.digitalcontent.marksandspencer.app/images/q_auto,f_auto/MS_10_T83_8666L_Y4_X_EC_0/Satin-Floral-Midi-Tea-Dress",https://www.marksandspencer.com/satin-floral-midi-tea-dress/p/clp23045431
P23067740,Printed Midaxi Waisted Dress,SOSANDAR,89,GBP,RED MIX,T839730N,"Crafted from a lightweight georgette fabric, this waisted dress from Sosandar is designed to skim and flatter your figure. It's cut in a regular fit, with a stylish belted waist and a fluid midaxi-length skirt. For a modest look, the bodice features a neat crew neckline. Double-layered short sleeves add elegant final detail.","Main - 100% polyester, Lining - 100% polyester",Regular fit,"https://assets.digitalcontent.marksandspencer.app/images/q_auto,f_auto/MS_10_T83_9730N_B4_X_EC_0/Printed-Midaxi-Waisted-Dress",https://www.marksandspencer.com/printed-midaxi-waisted-dress/p/clp23067740
P23073944,Floral Frill Detail Midi Tea Dress,Ghost,169,GBP,BLUE MIX,T839694T,"Channel an effortlessly romantic feel in this Ghost dress. Cut in a regular fit, this floral-print midi style features a bias-cut skirt that skims the silhouette for a flattering shape. The feminine v-neckline is trimmed with a picot-stitched frill and finished with delicate tie fastenings. Contrast georgette long sleeves add a soft, sheer texture.",100% viscose,Regular fit,"https://assets.digitalcontent.marksandspencer.app/images/q_auto,f_auto/MS_10_T83_9694T_E4_X_EC_0/Floral-Frill-Detail-Midi-Tea-Dress",https://www.marksandspencer.com/floral-frill-detail-midi-tea-dress/p/clp23073944
P23073939,Crepe Frill V-Neck Midi Tea Dress,Ghost,149,GBP,BLACK,T839690T,"Bring extra flair to occasions with this effortless tea dress from Ghost. It's crafted in a regular fit from drapey crepe fabric. A deep v-neckline features fluttery frilled trims, while the empire seam and gathered detailing add flattering shaping to the bust. The midi-length skirt is bias-cut for elegant movement, flaring out gently to midi length. Short angel sleeves add extra charm to this elegant piece.",100% viscose,regular fit,"https://assets.digitalcontent.marksandspencer.app/images/q_auto,f_auto/MS_10_T83_9690T_Y0_X_EC_0/Crepe-Frill-V-Neck-Midi-Tea-Dress",https://www.marksandspencer.com/crepe-frill-v-neck-midi-tea-dress/p/clp23073939
P23070702,Pure Cotton Belted Midi Shirt Dress,SOSANDAR,79,GBP,NEUTRAL,T839148Q,"Crafted from soft pure cotton denim with a touch of stretch, this midi dress from Sosandar is as comfortable as it is versatile. The collared shirt design has a belt to cinch the waist with a statement ring buckle. A front button fastening and flap pockets on the chest complete the stylish look.",100% cotton,Regular fit,"https://assets.digitalcontent.marksandspencer.app/images/q_auto,f_auto/MS_10_T83_9148Q_NU_X_EC_0/Pure-Cotton-Belted-Midi-Shirt-Dress",https://www.marksandspencer.com/pure-cotton-belted-midi-shirt-dress/p/clp23070702
P23075136,Spot Cowl Back Maxi Skater Dress,SOSANDAR,89,GBP,BLUE MIX,T838330U,"This spot print skater dress by Sosandar is the perfect piece for special occasions. It's cut in a flattering fit-and-flare shape from soft georgette and is lined for a smooth feel. A ruched empire seam beneath the v-neckline allows the drapey fabric to skim the figure, while a split in the hem brings flowing movement to the maxi-length skirt. Bold polka dots create a head-turning look, accentuated by a cowl back with scarf detailing.","100% polyester, Lining - 100% polyester",Regular fit,"https://assets.digitalcontent.marksandspencer.app/images/q_auto,f_auto/MS_10_T83_8330U_E4_X_EC_0/Spot-Cowl-Back-Maxi-Skater-Dress",https://www.marksandspencer.com/spot-cowl-back-maxi-skater-dress/p/clp23075136
P23077101,Printed Tie Waist Maxi Shirt Dress,Sportscraft,175,GBP,PINK MIX,T839091U,"Embrace bold prints with this maxi shirt dress from Sportscraft. It's crafted in a breezy relaxed fit, with short cap sleeves and a fabric cord belt at the waist for optional shaping. This button-down style is complete with a neat collared neckline and a striking scarf placement print. It's lined for comfort.","100% viscose, Lining - 100% viscose",Relaxed fit,"https://assets.digitalcontent.marksandspencer.app/images/q_auto,f_auto/MS_10_T83_9091U_A4_X_EC_0/Printed-Tie-Waist-Maxi-Shirt-Dress",https://www.marksandspencer.com/printed-tie-waist-maxi-shirt-dress/p/clp23077101
P23080106,Jersey Crew Neck Midaxi Waisted Dress,HUSH,95,GBP,DARK BROWN,T839823U,"Master understated style when you choose this Hush dress. It's crafted in an easy regular fit from jersey material for a comfy feel throughout the day. The waisted silhouette gives a flattering aesthetic, while the midaxi hem brings a versatile touch. Its crew neckline and short sleeves provide a neat finish.","94% cotton, 6% elastane",Relaxed fit,"https://assets.digitalcontent.marksandspencer.app/images/q_auto,f_auto/MS_10_T83_9823U_N3_X_EC_0/Jersey-Crew-Neck-Midaxi-Waisted-Dress",https://www.marksandspencer.com/jersey-crew-neck-midaxi-waisted-dress/p/clp23080106
P23080880,Pure Cotton Jersey Striped Midi Dress,Monsoon,69,GBP,BLUE MIX,T838255V,"Embrace effortless style with this striped midi dress by Monsoon. Soft pure cotton jersey fabric brings maximum comfort to the regular-fit skater silhouette, which falls into elegant pleats. Flutter sleeves add pretty detailing. It fastens with a discreet back button at the crew-neck collar.",100% cotton,Regular fit,"https://assets.digitalcontent.marksandspencer.app/images/q_auto,f_auto/MS_10_T83_8255V_E4_X_EC_0/Pure-Cotton-Jersey-Striped-Midi-Dress",https://www.marksandspencer.com/pure-cotton-jersey-striped-midi-dress/p/clp23080880
P23081145,Floral Pleated V-Neck Midi Skater Dress,Phase Eight,179,GBP,GREEN MIX,T838337V,"This flowing, pleated dress from Phase Eight features a romantic floral print. It's designed in a regular fit, with a v-neckline and sleeveless bodice. A matching tie belt gives shaping at the waist and features a delicate flower appliqué. The swishy skirt flows down to midi length and the dress fastens with a back zip.",100% polyester,Regular fit,"https://assets.digitalcontent.marksandspencer.app/images/q_auto,f_auto/MS_10_T83_8337V_J4_X_EC_0/Floral-Pleated-V-Neck-Midi-Skater-Dress",https://www.marksandspencer.com/floral-pleated-v-neck-midi-skater-dress/p/clp23081145
P23083753,Pure Cotton Striped Midi Smock Dress,Monsoon,85,GBP,BLUE MIX,T838727V,"Decorated with a mix of striped patterns, this smock dress by Monsoon offers a timeless look. It's crafted from pure cotton in a regular fit, with a breezy midi-length hem. A button fastening runs from the collared v-neck right the way through, while the three-quarter sleeves finish with lightly elasticated cuffs for a touch of volume.",Outer - 100% cotton,Relaxed fit,"https://assets.digitalcontent.marksandspencer.app/images/q_auto,f_auto/MS_10_T83_8727V_E4_X_EC_0/Pure-Cotton-Striped-Midi-Smock-Dress",https://www.marksandspencer.com/pure-cotton-striped-midi-smock-dress/p/clp23083753
P23083768,Jersey Polka Dot Belted Midi Shirt Dress,Monsoon,75,GBP,GREEN MIX,T838731V,"Effortlessly incorporate standout prints into your wardrobe with this jersey shirt dress from Monsoon. This midi-length piece comes in a regular fit, with a collarless v-neck and a full-length button fastening. Short puff sleeves and a self-tie belt create a feminine silhouette. It's complete with an all-over polka dot pattern.",Outer - 100% cotton,regular fit,"https://assets.digitalcontent.marksandspencer.app/images/q_auto,f_auto/MS_10_T83_8731V_J4_X_EC_0/Jersey-Polka-Dot-Belted-Midi-Shirt-Dress",https://www.marksandspencer.com/jersey-polka-dot-belted-midi-shirt-dress/p/clp23083768
P23084705,Floral Midi Waisted Dress,HOBBS,229,GBP,BLUE,T838877V,"Go for a romantic look with this floral Hobbs dress. It's cut in a flattering fit-and-flare silhouette, accentuated by a dainty tie belt around the waist. Blouson sleeves with buttoned cuffs add an elegant feel, while lace accents on the shoulders, placket and midi hem offer a feminine flourish. The round neckline fastens with covered buttons to complete the graceful look.",100% polyester,Regular fit,"https://assets.digitalcontent.marksandspencer.app/images/q_auto,f_auto/MS_10_T83_8877V_E0_X_EC_0/Floral-Midi-Waisted-Dress",https://www.marksandspencer.com/floral-midi-waisted-dress/p/clp23084705
P23087876,Pure Cotton Jersey Patterned Beach Dress,White Stuff,55,GBP,RED MIX,T839533V,"Slip into this pure cotton jersey dress from White Stuff for an elegant look on bright days. It has a sleeveless shape, with a flattering v-neck and tie detailing to nip in the waist. A vibrant geometric pattern adds a statement finish.",100% cotton,Regular fit,"https://assets.digitalcontent.marksandspencer.app/images/q_auto,f_auto/MS_10_T83_9533V_B4_X_EC_0/Pure-Cotton-Jersey-Patterned-Beach-Dress",https://www.marksandspencer.com/pure-cotton-jersey-patterned-beach-dress/p/clp23087876
P23088602,Cotton Blend Printed Button Through Midi Dress,White Stuff,75,GBP,PLUM,T839691V,"Pull on this White Stuff cotton-blend dress for an effortlessly stylish outfit. It's cut in a regular fit with soft shaping through the waist and a flowing midi-length hem. The v-neckline is framed by long fitted sleeves for a neat silhouette, and there are button fastenings down the centre front.","51% cotton, 49% modal",regular fit,"https://assets.digitalcontent.marksandspencer.app/images/q_auto,f_auto/MS_10_T83_9691V_E4_X_EC_0/Cotton-Blend-Printed-Button-Through-Midi-Dress",https://www.marksandspencer.com/cotton-blend-printed-button-through-midi-dress/p/clp23088602
P23089000,Floral V-Neck Tie Waist Midi Tiered Dress,Phase Eight,159,GBP,YELLOW MIX,T839741V,"Exude elegance in this fit-and-flare midi dress by Phase Eight. The romantic tiered design is cut to a regular fit, with a waist tie and floaty skirt. Short ruched sleeves enhance the feminine feel, while metallic thread running through the florals catches the light as you move. The v-neck piece fastens at the back with a discreet zip.","95% viscose, 5% metallic fibre",Regular fit,"https://assets.digitalcontent.marksandspencer.app/images/q_auto,f_auto/MS_10_T83_9741V_R4_X_EC_0/Floral-V-Neck-Tie-Waist-Midi-Tiered-Dress",https://www.marksandspencer.com/floral-v-neck-tie-waist-midi-tiered-dress/p/clp23089000
P23089433,Animal Print High Neck Midaxi Column Dress,RO&ZO,89,GBP,BROWN MIX,T839791V,"Crafted from drapey fabric with a striking animal print, this column dress by Ro&Zo is a stand-out piece. The long-sleeved design is made in a regular fit with exposed seam detailing for an elongating effect. It features an elegant high neckline and a stylish midaxi-length hem that lend it a modern feel.",98% viscose 2% elastane,regular fit,"https://assets.digitalcontent.marksandspencer.app/images/q_auto,f_auto/MS_10_T83_9791V_N4_X_EC_0/Animal-Print-High-Neck-Midaxi-Column-Dress",https://www.marksandspencer.com/animal-print-high-neck-midaxi-column-dress/p/clp23089433
23092184,Kaftan,Monsoon,49,GBP,METALLIC,T838717W,"This elegant kaftan dress from Monsoon is perfect for giving your holiday looks a glamorous touch. The lightweight piece has a floaty fit, with an intricate open-knit design catching your eye. A v-shaped neckline, complete with tassel-tipped drawstrings, and a mini hemline add stylish touches.",Outer - 100% polyester,Relaxed fit,"https://assets.digitalcontent.marksandspencer.app/images/q_auto,f_auto/MS_10_T83_8717W_PM_X_EC_0/Kaftan",https://www.marksandspencer.com/kaftan/p/clp23092184
P23095554,Floral Scoop Neck Midi Tea Dress,Finery London,49,GBP,GREEN MIX,T839758W,"Showcase your shape with this tea dress by Finery London. This softly flowing midi-length piece is designed in a flattering regular fit, with a feminine scoop neck and tie detailing. Short puff sleeves add romantic charm. It's finished with an eye-catching floral print.",100% viscose,Regular fit,"https://assets.digitalcontent.marksandspencer.app/images/q_auto,f_auto/MS_10_T83_9758W_J4_X_EC_0/Floral-Scoop-Neck-Midi-Tea-Dress",https://www.marksandspencer.com/floral-scoop-neck-midi-tea-dress/p/clp23095554
