url,title,price,location,bedrooms,bathrooms,area
https://bh.opensooq.com/en/search/287014958,Special Offer - Commercial Offices for Rent [including everything] - ONLY BD595 for 12Months,595,"Riffa, Southern Governorate",,,15 m2
https://bh.opensooq.com/en/search/287222972,لإيجار مكتب تجاري مفتوح,300,"Al Qadam, Northern Governorate",,,120 m2
https://bh.opensooq.com/en/search/286228098,مكاتب تجارية للايجار في السيف,130,"Seef, Manama",,,50 m2
https://bh.opensooq.com/en/search/287127302,شقة للإيجار في النبيه صالح - Flat for rent in Nabih Saleh,135,"Other, Central Governorate",2,2,85 m2
https://bh.opensooq.com/en/search/286282846,للايجار شقة في المحرق الحاله غير شامل,150,"Muharraq City, Muharraq",2,2,80 m2
https://bh.opensooq.com/en/search/286822060,شقة مميزه في عراد مع المكيفات شامل الكهربا في موقع مميز مع وجود جميع الخدمات مع توفر خدمه الواي فاي,225,"Arad, Muharraq",2,2,110 m2
https://bh.opensooq.com/en/search/287228778,Luxurious Gents Salon - 6000 bd Negotiatable,"6,000","Budaiya, Northern Governorate",,,11 m2
https://bh.opensooq.com/en/search/287227570,منزل في وسط الهملة بعيد عن الازعاج,"105,000","Hamala, Northern Governorate",,,320 m2
https://bh.opensooq.com/en/search/287226872,محلات تجارية في عسكر,200,"Askar, Southern Governorate",,,50 m2
https://bh.opensooq.com/en/search/287223654,flat for rent,150,"Sitra, Central Governorate",2,2,100 m2
https://bh.opensooq.com/en/search/287222710,Flat For Rent Budaiya,150,"Budaiya, Northern Governorate",2,2,100 m2
https://bh.opensooq.com/en/search/287221632,محل كبير للبيع في شارع مشتان ، وقابل,"12,000","Riffa, Southern Governorate",,,123 m2
https://bh.opensooq.com/en/search/287221552,Luxury flats for sale,"69,000","Juffair, Manama",2,3,137 m2
https://bh.opensooq.com/en/search/287221494,Abraj Al Lulu Silver Tower Apartment for RENT,410,"Sanabis, Manama",2,2,120 m2
https://bh.opensooq.com/en/search/287220500,2 bedroom flat for rent in sitra,160,"Sitra, Central Governorate",2,2,80 m2
https://bh.opensooq.com/en/search/286213846,للايجار محلات تجارية في موقع مميز في الساية البسيتين,450,"Al Sayh, Muharraq",,,50 m2
https://bh.opensooq.com/en/search/286213756,للايجار شقق مكتبية تجارية في الساية البسيتين,250,"Busaiteen, Muharraq",,,100 m2
https://bh.opensooq.com/en/search/286212388,للبيع بيت قديم في المحرق فريج البنعلي,"30,000","Muharraq City, Muharraq",4,,117 m2
https://bh.opensooq.com/en/search/286212286,للبيع أرض سكني RAفي الحد,"105,000","Hidd, Muharraq",,,
https://bh.opensooq.com/en/search/287217472,للبيع فيلا في الحد من المالك,"169,000","Hidd, Muharraq",5,,1 m2
https://bh.opensooq.com/en/search/287216382,محل للإيجار شترين في الحجيات 2 Shutters shop for rent Hajiyat,200,"Eastern Riffa, Southern Governorate",,,35 m2
https://bh.opensooq.com/en/search/287208654,شقة سكنية للبيع بالحد الجديد,"50,000","Hidd, Muharraq",3,4,130 m2
https://bh.opensooq.com/en/search/287208054,للبيع شقه تملك في قلالي,"40,000","Galaly, Muharraq",3,3,129 m2
https://bh.opensooq.com/en/search/287207864,للبيع شقه تملك في قلالي مع الفرش,"48,000","Galaly, Muharraq",2,3,117 m2
https://bh.opensooq.com/en/search/287201700,Flat for rent ground floor (including ewa),130,"AlHunayniya, Southern Governorate",Studio,1,45 m2
https://bh.opensooq.com/en/search/287199320,Studio flat furnished with ewa,135,"Other, Southern Governorate",Studio,1,14 m2
https://bh.opensooq.com/en/search/286465184,للإيجار شقة غرفة و صالة في الساية مقابل مستشفى البركة الجديد و مقابل مستشفى الملك حمد الجامعي,290,"Busaiteen, Muharraq",1,1,44 m2
https://bh.opensooq.com/en/search/287198166,استوديو للإيجار,100,"Bani Jamra, Northern Governorate",1,1,50 m2
https://bh.opensooq.com/en/search/280405379,Furnished 1 Bedroom Apartment for Rent in Juffair -,330,"Juffair, Manama",1,2,90 m2
https://bh.opensooq.com/en/search/280404989,Building for Rent in Hidd – 36 Unfurnished Apartments,"5,000","Hidd, Muharraq",,,222222 m2
https://bh.opensooq.com/en/search/287195310,للبيع صالون حلاقة,"2,200","Al-Salmaniya, Manama",,,7 m2
https://bh.opensooq.com/en/search/280400587,Furnished 1 Bedroom Apartment for Rent in Juffair -,280,"Juffair, Manama",1,2,60 m2
https://bh.opensooq.com/en/search/280400991,Furnished 2 Bedroom Apartment for Rent in Juffair,350,"Juffair, Manama",2,2,110 m2
https://bh.opensooq.com/en/search/287193572,فيلا للبيع مدينة حمد - الدوار 5,"140,000","Madinat Hamad, Northern Governorate",5,,380 m2
https://bh.opensooq.com/en/search/285196760,Rare Availability!!!  Fully Furnished  Family building  Near Yemen Embassy Juffair,250,"Juffair, Manama",1,1,80 m2
https://bh.opensooq.com/en/search/285196794,Best Price  Fully Furnished  Facilities  Near Juffair Mall,200,"Juffair, Manama",Studio,1,50 m2
https://bh.opensooq.com/en/search/287192162,"For Sale – Mobile &amp; Internet Accessories Shop, Muharraq",500,"Arad, Muharraq",,,
https://bh.opensooq.com/en/search/286185886,For Rent 2 Bedrooms Flat In Qudaybiya( All Inclusive)للايجار شقة من غرفتين في القضيبية ) شامل الكهرب,160,"Qudaibiya, Manama",2,1,75 m2
https://bh.opensooq.com/en/search/280363109,Furnished 1 Bedroom Apartment for Rent in Juffair -,350,"Juffair, Manama",1,2,73 m2
https://bh.opensooq.com/en/search/280363495,Furnished 2 Bedroom Apartment for Rent in Juffair -,550,"Juffair, Manama",2,3,116 m2
https://bh.opensooq.com/en/search/280382437,"One-bedroom with a sea view, furnished",330,"Juffair, Manama",1,1,60 m2
https://bh.opensooq.com/en/search/280399421,Comfortable Furnished 1BR Apartment for Rent in Juffair,350,"Juffair, Manama",1,2,70 m2
https://bh.opensooq.com/en/search/287189190,"BEDSPACE AVAILABLE FOR PAKISTANI MALE, INCLUDE EWA",20,"Qudaibiya, Manama",,,
https://bh.opensooq.com/en/search/287188172,2 BHK Unlimited EWA Furnished Apart BD-340  Housekeeping  In JUFFAIR,340,"Juffair, Manama",2,2,220 m2
https://bh.opensooq.com/en/search/287187504,للبيع بيت في سوق الرفاع الشرقي من المالك مباشرة فرصة استثمارية,"110,000","Eastern Riffa, Southern Governorate",6+,,130 m2
https://bh.opensooq.com/en/search/287186654,للإيجار شقة ستيديو مفروشة في منطفة بوقوة بالدور الثاني  بناء جديد,160,"Bu Quwah, Northern Governorate",Studio,1,200 m2
https://bh.opensooq.com/en/search/286585620,للبيع بناية في جدعلي,"180,000","Jid Ali, Central Governorate",,,426 m2
https://bh.opensooq.com/en/search/286178436,للايجار شقة من غرفة في القضيبيه (شامل الكهرباء).For Rent One Bedroom Flat In Qudyibia)All Inclusive(,140,"Qudaibiya, Manama",1,1,55 m2
https://bh.opensooq.com/en/search/287182034,بنايه تجاريه للبيع,"3,200,000","Busaiteen, Muharraq",,,1688 m2
https://bh.opensooq.com/en/search/283185290,للبيع بناية في قلالي على شارعين تتكون من 6 شقق و 4 محلات,"230,000","Galaly, Muharraq",,,750 m2
https://bh.opensooq.com/en/search/286176470,للايجار شقة من غرفة في السيف(مبنى كاتمران)Fir Rent One Bedroom Flat In Seef)Catrman Building(,650,"Seef, Manama",1,2,65 m2
https://bh.opensooq.com/en/search/287125550,2 BR in TALA ISLAND for QUICK SALE FOR VALUE PRICE!,"85,000","Amwaj Islands, Muharraq",2,2,150 m2
https://bh.opensooq.com/en/search/287178928,Room includes   EWA in Essa town for rent,120,"Isa Town, Central Governorate",Studio,1,50 m2
https://bh.opensooq.com/en/search/286174710,شقة سكنية لايجار في جرداب(شامل الكهرباء)، Flat for rent in Jurdab )All Inclysive(,230,"Jurdab, Central Governorate",2,2,100 m2
https://bh.opensooq.com/en/search/287177658,شقة للإيجار بجانب مركز الدير الصحي، خلف مطار البحرين الدولي,190,"Al-Dair, Muharraq",2,2,130 m2
https://bh.opensooq.com/en/search/286173324,Fully furnished 1BHK apartment for rent in Seef.للايجار شقة مفرشة من غرفة في السيف,270,"Seef, Manama",1,1,75 m2
https://bh.opensooq.com/en/search/287176954,Fully furnished Room for Rent for family or couples include Electricity and Water bhd 100,100,"Buri, Northern Governorate",,,
https://bh.opensooq.com/en/search/286171800,للبيع بناية في عراد الجديده المساحة 480 متر,"230,000","Arad, Muharraq",,,480 m2
https://bh.opensooq.com/en/search/286029248,للايجار شقة مفروشة بالكامل من غرفتين في ااسيف وشامل الكهرباء فقط 330 دينار,330,"Seef, Manama",2,2,90 m2
https://bh.opensooq.com/en/search/287174382,متوفر شقق للبيع في الرفاع البحير,"73,000","Al-Bahair, Central Governorate",5,5,245 m2
https://bh.opensooq.com/en/search/287174042,للبيع ارض في ديار المحرق شارعين وممر(مخطط السدرة),"70,000","Diyar Al Muharraq, Muharraq",,,
https://bh.opensooq.com/en/search/287173712,للبيع ارض سكنية في الدير,"119,166","Al-Dair, Muharraq",,,
https://bh.opensooq.com/en/search/287172692,للبيع قفلي عمارة سكن عمال سوق واقف,"50,000","Other, Southern Governorate",6+,,70 ft²
https://bh.opensooq.com/en/search/287170110,فيلا للبيع,"159,000","Al Janabiyah, Northern Governorate",6+,4,300 m2
https://bh.opensooq.com/en/search/286166824,للايجار شقة مفروشة في الجفير,300,"Juffair, Manama",1,2,74 m2
https://bh.opensooq.com/en/search/287168808,للايجار شقه منفصله نظام بيت في الحد غير شامل,110,"Hidd, Muharraq",2,2,40 m2
https://bh.opensooq.com/en/search/287168548,للايجار محل تجاري في الحد بسعر مغري,150,"Hidd, Muharraq",,,25 m2
https://bh.opensooq.com/en/search/287166814,Business for rent and sale,"1,800","Busaiteen, Muharraq",,,30 m2
https://bh.opensooq.com/en/search/287164822,محل للإيجار في جدحفص  بالقرب من مجمع الهاشمي أقل من سعر السوق,100,"Jidhafs, Northern Governorate",,,1 m2
https://bh.opensooq.com/en/search/287164630,أرض للبيع في العدلية,"484,000","Adliya, Manama",,,
https://bh.opensooq.com/en/search/287164006,فيلا للبيع,"133,000","Other, Central Governorate",5,,330 m2
https://bh.opensooq.com/en/search/287158534,Independent Ground Floor Apartment  3 Bedrooms  Al Lawzi Hamad Town,350,"Lawzi, Northern Governorate",3,2,200 m2
https://bh.opensooq.com/en/search/287156950,شقة كبيره بسعر ايجار حرق,160,"Muharraq City, Muharraq",3,2,145 m2
https://bh.opensooq.com/en/search/287156792,شقة للايجار,160,"Muharraq City, Muharraq",3,1,145 m2
https://bh.opensooq.com/en/search/286151456,للبيع فيلا عصرية راقية في منطقة عراد بالقرب من مجمع السيف من طابقين ونصف,"220,000","Arad, Muharraq",4,,291 m2
https://bh.opensooq.com/en/search/286150462,للبيع بيت في الحد,"80,000","Hidd, Muharraq",,,275 m2
https://bh.opensooq.com/en/search/287153018,SHOP FOR RENT IN SEGAYA,170,"Al-Salmaniya, Manama",,,23 m2
https://bh.opensooq.com/en/search/287152188,Apartment for rent,230,"Riffa, Southern Governorate",3,3,350 m2
https://bh.opensooq.com/en/search/287150726,rental  for family,160,"Budaiya, Northern Governorate",2,2,85 m2
https://bh.opensooq.com/en/search/287149264,FULLY FURNISHED STUDIO FOR RENT,200,"Bu Ghazal, Manama",Studio,1,40 m2
https://bh.opensooq.com/en/search/286143480,للبيع فيلا عصرية راقية في منطقة عراد بالقرب من مجمع السيف من طابقين ونصف,"157,000","Arad, Muharraq",4,,291 m2
https://bh.opensooq.com/en/search/287145134,شقة واسعة للإيجار في قلالي  موقع مميز وقريب من جميع الخدمات   غرفتان,200,"Galaly, Muharraq",2,2,200 m2
https://bh.opensooq.com/en/search/287090160,الايجار شقه في دلمونيا برج راقي يسعر 380قابل,380,"Dilmunia Island, Muharraq",1,2,80 m2
https://bh.opensooq.com/en/search/286140186,للبيع شقة ديلوكس في منطقه الحد الجديدة قريبة من جميع الخدمات,"52,000","Hidd, Muharraq",3,3,130 m2
https://bh.opensooq.com/en/search/286138310,للايجار شقق مكتبيه تجارية في البسيتين على الشارع العام,350,"Busaiteen, Muharraq",,,110 m2
https://bh.opensooq.com/en/search/287139154,شقة أنيقة للإيجار  الساية – البسيتين 200 دينار,200,"Al Sayh, Muharraq",1,1,130 m2
https://bh.opensooq.com/en/search/286136586,للبيع فيلا في عراد الجديده,"155,000","Arad, Muharraq",5,,370 m2
https://bh.opensooq.com/en/search/287135600,"Commercial Space for Ladies Salon  Prime Location in Aradco Complex, Arad",230,"Arad, Muharraq",,,75 m2
https://bh.opensooq.com/en/search/287134434,SEMIFURNISHED/FURNISHED COMMERCIAL APARTMENT FOR RENT IN GUFOOL,400,"Al-Guful, Manama",,,110 m2
https://bh.opensooq.com/en/search/287077690,شقق للايجار باوركيد بلازا الجفير,300,"Juffair, Manama",1,1,50 m2
https://bh.opensooq.com/en/search/287131206,فيلا فاخرة وواسعة للإيجار  عراد,700,"Arad, Muharraq",6+,6+,860 m2
https://bh.opensooq.com/en/search/287130682,شقة للاجار,120,"Eastern Riffa, Southern Governorate",2,1,90 m2
https://bh.opensooq.com/en/search/287130230,شقة مفروشة بالكامل للإيجار  البسيتين 330 دينار,330,"Busaiteen, Muharraq",2,2,150 m2
https://bh.opensooq.com/en/search/287129922,للبيع أرض سكني في عراد الجديده,"140,000","Arad, Muharraq",,,
https://bh.opensooq.com/en/search/287076874,Harbor apartment 2 bedroom,700,"Bahrain Bay, Manama",2,3,130 m2
https://bh.opensooq.com/en/search/287129460,استوديو فخم ببرج معمار بقلب الجفير,250,"Juffair, Manama",Studio,1,40 m2
https://bh.opensooq.com/en/search/287128894,للبيع مبنى تجاري بمنطقة جرداب شارع 77,"230,000","Jurdab, Central Governorate",,,600 m2
https://bh.opensooq.com/en/search/287128862,للايجار شقة شامل الكهرباء والماء,150,"Budaiya, Northern Governorate",1,1,89 m2
https://bh.opensooq.com/en/search/287128564,للايجار شقة كبيرة في عراد بالقرب من الحالات غير شامل,180,"Arad, Muharraq",2,2,100 m2
https://bh.opensooq.com/en/search/287128534,2 Bedroom Apartment for Rent – Amwaj,600,"Amwaj Islands, Muharraq",2,3,10 m2
https://bh.opensooq.com/en/search/287126346,2 bed space available in saar.2 bhk flat very nice location (call me through what&#x27;sapp),35,"Saar, Northern Governorate",,,
https://bh.opensooq.com/en/search/287126316,BEAUTIFUL 2 BR FLAT FOR RENT IN AMWAJ,330,"Amwaj Islands, Muharraq",2,2,90 m2
https://bh.opensooq.com/en/search/287125746,Restaurant for sale,"4,500","Wadi Al Sail, Southern Governorate",,,1234 m2
https://bh.opensooq.com/en/search/287125096,ارض سكنية - للبيع - المقشع,"100,000","Maqsha, Northern Governorate",,,
https://bh.opensooq.com/en/search/287123628,Family semi/furnished two rooms apartment a hall two bathrooms and a kitchen ground floor Riffa.,150,"Riffa, Southern Governorate",2,2,999 m2
https://bh.opensooq.com/en/search/286117878,للايجار شقة في قلالي غير شامل,170,"Galaly, Muharraq",2,2,120 m2
https://bh.opensooq.com/en/search/287117766,أرض زاعيه في صداد,"85,000","Sadad, Northern Governorate",,,
https://bh.opensooq.com/en/search/286117602,للايجار ستديو مفروش في البسيتين بالقرب من مستشفى الملك حمد,250,"Busaiteen, Muharraq",Studio,1,59 m2
https://bh.opensooq.com/en/search/286778754,For rent fully furnished studio in isa town للايجار شقة ستوديو مفروشة بالكامل في مدينة عيسى,170,"Other, Central Governorate",Studio,1,50 m2
https://bh.opensooq.com/en/search/286116506,للايجار محلات تجارية في الحد خلف محطة الانجال للوقود,350,"Hidd, Muharraq",,,28 m2
https://bh.opensooq.com/en/search/286116188,للايجار فيلا نصف مفروشة في ديار المحرق حي النور غير شامل,600,"Diyar Al Muharraq, Muharraq",5,5,220 m2
https://bh.opensooq.com/en/search/286116064,للايجار شقة نصف مفروشة في الحد غير شامل,280,"Hidd, Muharraq",3,4,180 m2
https://bh.opensooq.com/en/search/286115984,للايجار محل تجاري ميزانين في قلالي,130,"Galaly, Muharraq",,,22 m2
https://bh.opensooq.com/en/search/286115922,للايجار محل تجاري في سوق المحرق,180,"Muharraq City, Muharraq",,,16 m2
https://bh.opensooq.com/en/search/286115854,للايجار شقة في عراد غير شامل,160,"Arad, Muharraq",2,2,100 m2
https://bh.opensooq.com/en/search/287101618,Bedspace for Rent,35,"Qudaibiya, Manama",,,
https://bh.opensooq.com/en/search/287101582,للبيع شقه مفروشه في شارع المعارض,"40,000","Manama Center, Manama",2,2,106 m2
https://bh.opensooq.com/en/search/287100432,Room for rent with EWA,100,"Tubli, Central Governorate",,,
https://bh.opensooq.com/en/search/287099624,للبيع بيت في قلالي علي شارعين,"120,000","Galaly, Muharraq",,,257 m2
https://bh.opensooq.com/en/search/287099132,للبيع بيت في المحرق بالقرب مدرسة الاستقلال,"55,000","Muharraq City, Muharraq",,,78 m2
https://bh.opensooq.com/en/search/287098658,للبيع فيلا في قلالي علي شارعين,"150,000","Galaly, Muharraq",,,320 m2
https://bh.opensooq.com/en/search/286099668,للبيع شقة دبلوكس نظام طابقين في منطقة الحد   الجديدة,"65,000","Hidd, Muharraq",3,3,170 m2
https://bh.opensooq.com/en/search/286098884,للبيع شقة في منطقة الحد الجديدة قريبة من جميع الخدمات,"47,000","Hidd, Muharraq",3,3,137 m2
https://bh.opensooq.com/en/search/286097252,للبيع شقة تشطيب دي لوكس في موقع مميز في   الحد الجديدة,"64,000","Hidd, Muharraq",4,4,180 m2
https://bh.opensooq.com/en/search/287095234,للايجار شقة في الحد كبيرة شامل الكهرباء والماء,240,"Hidd, Muharraq",2,2,80 m2
https://bh.opensooq.com/en/search/287094398,للايجار ستديو في الحد خلف اللولو هايبر شامل الكهرباء,140,"Hidd, Muharraq",Studio,1,20 m2
https://bh.opensooq.com/en/search/287094058,للايجار محل تجاري في الحد بسعر مغري,150,"Hidd, Muharraq",,,30 m2
https://bh.opensooq.com/en/search/287093724,للايجار شقة مفروشة في الجفير 2 غرف موقع مميز شامل الكهرباء,350,"Juffair, Manama",2,2,70 m2
https://bh.opensooq.com/en/search/286094874,للبيع شقة تشطيب دي لوكس في موقع مميز في الحد,"65,000","Hidd, Muharraq",4,4,180 m2
https://bh.opensooq.com/en/search/287093164,للايجار شقة في الحد نصف مفروشة موقع مميز غير شامل,270,"Hidd, Muharraq",3,3,160 m2
https://bh.opensooq.com/en/search/287093012,متوفر لدينا  شقق للايجار في جميع مناطق البحرين بأسعار مميزه,120,"Riffa, Central Governorate",Studio,1,150 m2
https://bh.opensooq.com/en/search/287092846,شقق من غرفة واحدة (استديو) للايجار بأسعار في متناول الجميع,120,"Madinat Hamad, Northern Governorate",Studio,1,60 m2
https://bh.opensooq.com/en/search/287092038,ارض للبيع في الحورة شارع المعارض,"400,000","Hoora, Manama",,,
https://bh.opensooq.com/en/search/287092016,شقق للايجار,350,"Burhama, Manama",2,3,150 m2
https://bh.opensooq.com/en/search/286090462,للبيع مبنى في المحرق بالقرب حديقة الكازينو,"30,000","Muharraq City, Muharraq",,,24 m2
https://bh.opensooq.com/en/search/286090138,للبيع فيلا(شاليه ) في جزر الأمواج مفروشة,"170,000","Amwaj Islands, Muharraq",4,,293 m2
https://bh.opensooq.com/en/search/287087942,شقة للإيجار في جدحفص قريب من جميع الخدمات مناسبه الى الطلاب والعائلة الصغيرة family,100,"Jidhafs, Northern Governorate",Studio,1,40 m2
https://bh.opensooq.com/en/search/287085948,للبيع شقق في الحد,"71,000","Hidd, Muharraq",4,4,210 m2
https://bh.opensooq.com/en/search/287085732,House for rent for family in hajiyyat,260,"Eastern Riffa, Southern Governorate",3,2,1234 m2
https://bh.opensooq.com/en/search/287084840,حجره ومطبخ وحمام شامل الكهرباء,120,"Jid Ali, Central Governorate",,,
https://bh.opensooq.com/en/search/287083388,للإيجار محلات كبيرة في الرفاع  بوكوارة تصلح لجميع الأنشطة,270,"Isa Town, Central Governorate",,,86 m2
https://bh.opensooq.com/en/search/285093286,"Special Offer!!!  3 Bhk With 4 Bathroom  Spacious  Closed Kitchen  With Ac , Arad",190,"Arad, Muharraq",3,4,150 m2
https://bh.opensooq.com/en/search/286081584,للبيع بيت في الحد 37 الف,"37,000","Hidd, Muharraq",,,80 m2
https://bh.opensooq.com/en/search/287075334,شقة كبيرة للايجار 250 ، 3 غرف 2 حمام، صالة 2 صغار شامل الكهرباء و الماء,250,"Madinat Hamad, Northern Governorate",3,2,300 m2
https://bh.opensooq.com/en/search/287021230,أرض مسورة بإطلالة مباشرة على البحر,200,"Al Eker, Central Governorate",,,
https://bh.opensooq.com/en/search/286075862,Wonderful 3BR  Superbly Furnished  Cozy  Big Balcony  Luxury Living  Near K Hotel Juffair,600,"Juffair, Manama",3,3,130 m2
https://bh.opensooq.com/en/search/287072438,للإيجار ستديو مفروش في منطقة الجنبيه  Studio for rent in aljanabiya area,185,"Al Janabiyah, Northern Governorate",Studio,1,44 m2
https://bh.opensooq.com/en/search/287014178,فيلا مفروشة بالكامل جاهزة للسكن,"130,000","Sadad, Northern Governorate",5,,200 m2
https://bh.opensooq.com/en/search/286071646,للبيع شقه في الحد الجديده بالقرب سوبر ماركت أصيل,"55,000","Hidd, Muharraq",3,4,137 m2
https://bh.opensooq.com/en/search/287068672,Sharing Flat for rent -140 BD / Month,140,"Mahooz, Manama",,,
https://bh.opensooq.com/en/search/286071028,للبيع شقق في الحد الجديده 45 ألف,"45,000","Hidd, Muharraq",3,3,95 m2
https://bh.opensooq.com/en/search/287067076,شقة مفروشة للايجار في سند,200,"Sanad, Central Governorate",Studio,1,90 m2
https://bh.opensooq.com/en/search/287066398,للبيع شقق في الحد الجديده,"72,000","Hidd, Muharraq",4,4,200 m2
https://bh.opensooq.com/en/search/287066028,flat 3bhk for sale new hidd b6,"55,000","Hidd, Muharraq",3,5,150 m2
https://bh.opensooq.com/en/search/287065808,للبيع شقق تمليك في الحد الجديده,"63,000","Hidd, Muharraq",4,4,170 m2
https://bh.opensooq.com/en/search/287065698,"AYURVEDIC PHARMACY FOR SALE IN MANAMA  BD 4,300/-","4,300","Manama Center, Manama",,,45 m2
https://bh.opensooq.com/en/search/285076356,Budget friendly  Gas Connection  Closed Kitchen  Family Building  Near Juffair Mall 1,260,"Juffair, Manama",1,1,85 m2
https://bh.opensooq.com/en/search/287065412,"New 1BHK Flat for Rent – BD 180/Month Near Aster Clinic &amp; Lulu, Gudabiya",180,"Qudaibiya, Manama",1,1,150 m2
https://bh.opensooq.com/en/search/287065074,للايجار شقة جديدة اول ساكن في قلالي بالقرب من اسواق المنتزه غير شامل,200,"Galaly, Muharraq",2,2,80 m2
https://bh.opensooq.com/en/search/287064920,للبيع شقق تمليك في الحد الجديده,"58,000","Hidd, Muharraq",4,4,170 m2
https://bh.opensooq.com/en/search/287063666,Clothing shop for sale,"6,500","Manama Center, Manama",,,50 m2
https://bh.opensooq.com/en/search/287062508,شقة للأيجار في منطقة الجفير,300,"Juffair, Manama",1,2,90 m2
https://bh.opensooq.com/en/search/287059810,للايجار استديو مع المكيفات (شامل الكهرباء والماء بدون لمت) في المقشع,140,"Maqsha, Northern Governorate",2,2,160 m2
https://bh.opensooq.com/en/search/287058750,شقة مفروشة بالكامل للإيجار الشهري في الجفير - Fully Furnished Apartment for Monthly Rent in Juffair,350,"Juffair, Manama",,,
https://bh.opensooq.com/en/search/287058262,ارض في منطقة المالكية مساحتها 586 متر مربع بسعر اقل من السوق,"147,000","Malikiyah, Northern Governorate",,,
https://bh.opensooq.com/en/search/287058168,شقه واجهه علة,300,"Seef, Manama",Studio,1,75 m2
https://bh.opensooq.com/en/search/285065236,شقة 3 غرف نوم للبيع  برج إيرا – السيف,"110,000","Seef, Manama",3,2,176 m2
https://bh.opensooq.com/en/search/285064208,شقة بغرفتي نوم للبيع  برج إيرا – السيف,"90,000","Seef, Manama",2,2,121 m2
https://bh.opensooq.com/en/search/287051300,شقق للبيع في الحد اول ساكن,"71,000","Hidd, Muharraq",4,4,210 m2
https://bh.opensooq.com/en/search/287051176,للبيع أرض سكني في دلمونيا تمليك حر علي البحر مباشرة,"220,000","Dilmunia Island, Muharraq",,,
https://bh.opensooq.com/en/search/287051024,للبيع أرض سكني في مدينة حمد اللوزي,"139,000","Lawzi, Northern Governorate",,,
https://bh.opensooq.com/en/search/287050886,شقه للايجار في الرفاع شهر مجان,170,"Riffa, Southern Governorate",3,2,122 m2
https://bh.opensooq.com/en/search/287050854,للبيع بيت في المحرق حاله بوماهر 40 ألف,"40,000","Muharraq City, Muharraq",,,74 m2
https://bh.opensooq.com/en/search/287050374,للبيع بيت في مدينة حمد (دوار 11).,"115,000","Madinat Hamad, Northern Governorate",,,360 m2
https://bh.opensooq.com/en/search/286051102,للبيع بيت في المحرق فريج البنعلي زاويه 30 الف,"30,000","Muharraq City, Muharraq",3,,57 m2
https://bh.opensooq.com/en/search/286050434,للبيع بيت المحرق بالقرب مطعم الأسره,"70,000","Muharraq City, Muharraq",,,105 m2
https://bh.opensooq.com/en/search/286049860,للبيع بيت زاويه في قلالي,"90,000","Galaly, Muharraq",,,150 m2
https://bh.opensooq.com/en/search/286048434,للبيع شقة ديلوكس  في منطقة الحد الجديدة قريبة من جميع الخدمات,"65,000","Hidd, Muharraq",5,4,174 m2
https://bh.opensooq.com/en/search/287044820,Flats for rent in Gudaibiya,200,"Qudaibiya, Manama",2,2,1000 m2
https://bh.opensooq.com/en/search/287042146,Fully Furnished apartment,"73,000","Amwaj Islands, Muharraq",3,3,137 m2
https://bh.opensooq.com/en/search/287041222,فله ديار المحرق,"122,000","Muharraq City, Muharraq",6+,,250 m2
https://bh.opensooq.com/en/search/285793646,مکاتب و ورش عمل ومستودعات للإيجار,70,"Hamala, Northern Governorate",,,200 m2
https://bh.opensooq.com/en/search/287034694,The Address Hotel Beach Resort &amp; resident at Marasi Al-Bahrain (Al-Muharraq),70,"Muharraq City, Muharraq",,,
https://bh.opensooq.com/en/search/286035798,للبيع شقه في عراد كبيره المساحة 376 متر,"115,000","Arad, Muharraq",6+,5,376 m2
https://bh.opensooq.com/en/search/287030952,Studio for rent in seef district,175,"Seef, Manama",1,1,50 m2
https://bh.opensooq.com/en/search/286029722,للايجار شقه في الحد غير شامل,200,"Hidd, Muharraq",3,3,170 m2
https://bh.opensooq.com/en/search/286029594,للايجار شقة في البسيتين غير شامل,250,"Busaiteen, Muharraq",3,3,170 m2
https://bh.opensooq.com/en/search/286029100,للايجار شقة في عراد غير شامل الكهرباء والماء,240,"Arad, Muharraq",3,3,130 m2
https://bh.opensooq.com/en/search/287024332,شركه الحصان السعيد للعقارات,280,"Juffair, Manama",,,
https://bh.opensooq.com/en/search/286028522,للبيع شقق جديدة  (دوبلوكس) في الرفاع البحير,"72,000","Riffa, Southern Governorate",5,4,210 m2
https://bh.opensooq.com/en/search/287023076,شقه للإيجار,200,"Isa Town, Central Governorate",2,2,100 m2
https://bh.opensooq.com/en/search/287022000,warehouse for Rent,900,"Hamala, Northern Governorate",,,540 m2
https://bh.opensooq.com/en/search/286026612,للبيع شقة تشطيب دي لوكس في موقع مميز في   الحد الجديدة,"63,000","Hidd, Muharraq",4,4,170 m2
https://bh.opensooq.com/en/search/285035458,Ultra-Modern  Gorgeous Flat  Balcony  With Great Facilities !! Near K Hotel juffair.,360,"Juffair, Manama",2,2,130 m2
https://bh.opensooq.com/en/search/285035146,Monthly Basis 1 Bhk  Fully Furnished  In Juffair (Near K Hotel Juffair),300,"Juffair, Manama",1,1,75 m2
https://bh.opensooq.com/en/search/287020156,للايجار ستديو في عراد شامل الكهرباء والماء بمنطقه راقيه قريبه من البحر,150,"Arad, Muharraq",Studio,1,30 m2
https://bh.opensooq.com/en/search/286025080,للبيع شقة تملك حر لجميع الجنسيات تنقسم إلى   شقتين في موقع مميز في الحد الجديدة,"66,000","Hidd, Muharraq",5,4,200 m2
https://bh.opensooq.com/en/search/286024048,للبيع شقق تمليك في الحد الجديده,"60,000","Hidd, Muharraq",4,5,160 m2
https://bh.opensooq.com/en/search/287017912,",للايجار كامبوند فيلا في سندcompund villa for rent in Sanad",600,"Sanad, Central Governorate",4,4,400 m2
https://bh.opensooq.com/en/search/287017826,شقق للايجار فى جد علي,200,"Jid Ali, Central Governorate",2,2,110 m2
https://bh.opensooq.com/en/search/287010502,للبيع صالون رجالي فاخر  Brand-new بالكامل في شارع البديع  BRAND-NEW LUXURY MEN’S BARBERSHOP FOR SALE,"5,500","Budaiya, Northern Governorate",,,63 m2
https://bh.opensooq.com/en/search/287009434,شقة للإيجار   Apartment for rent,190,"Jid Ali, Central Governorate",2,3,175 m2
https://bh.opensooq.com/en/search/287009322,Flat for rent,350,"Juffair, Manama",2,2,100 m2
https://bh.opensooq.com/en/search/287008124,Rooms For Rent with EWA,110,"Askar, Southern Governorate",,,
https://bh.opensooq.com/en/search/287005316,New studio for rent between Saar and Budaiya Highway,170,"Abu Saiba, Northern Governorate",Studio,1,45 m2
https://bh.opensooq.com/en/search/287002390,Brand new Restaurant for sale in Manama,"4,000","Al-Salmaniya, Manama",,,100 m2
https://bh.opensooq.com/en/search/287001602,فيلا جديدة للبيع – ديار المحرق,"230,000","Diyar Al Muharraq, Muharraq",,,720 m2
https://bh.opensooq.com/en/search/287000740,Luxury Resort-Style Studio – Hanging Gardens of Dilmunia,300,"Dilmunia Island, Muharraq",Studio,1,58 m2
https://bh.opensooq.com/en/search/286996880,بيت للإيجار في الرفاع الشرقي,430,"Eastern Riffa, Southern Governorate",5,4,401 m2
https://bh.opensooq.com/en/search/286996774,للبيع أرض سكني في الهمله,"60,000","Hamala, Northern Governorate",,,
https://bh.opensooq.com/en/search/286995966,شقه للإيجار,160,"Muharraq City, Muharraq",3,1,145 m2
https://bh.opensooq.com/en/search/286995578,منزل للبيع في البديع,"120,000","Budaiya, Northern Governorate",6+,,270 m2
https://bh.opensooq.com/en/search/286995150,للبيع أرض في عراد,"125,000","Arad, Muharraq",,,
https://bh.opensooq.com/en/search/286000092,للبيع فيلا جديده في الحد,"175,000","Hidd, Muharraq",6+,6+,368 m2
https://bh.opensooq.com/en/search/285998640,للبيع بيت في مدينة حمد مع الفرش,"125,000","Other, Southern Governorate",5,,228 m2
https://bh.opensooq.com/en/search/285997886,للبيع شقق تمليك في الحد الجديده,"60,000","Hidd, Muharraq",4,4,186 m2
https://bh.opensooq.com/en/search/286991032,For Rent: Fully Furnished Building in Juffair,"5,500","Juffair, Manama",,,550 m2
https://bh.opensooq.com/en/search/285997458,للبيع شقه في الجفير تمليك حر للأجانب,"38,000","Juffair, Manama",1,2,73 m2
https://bh.opensooq.com/en/search/286989954,للايجار شقه في عراد الجديده,160,"Arad, Muharraq",2,2,100 m2
https://bh.opensooq.com/en/search/286988054,للايجار شقة سكنية في سند.For rent 2 bedrooms flat in Sanad,210,"Sanad, Central Governorate",2,2,115 m2
https://bh.opensooq.com/en/search/286939840,"Apartment for sale Northern Tower, New Juffair (near Fontana Tower)","45,000","Juffair, Manama",2,2,125 m2
https://bh.opensooq.com/en/search/286986596,شقه ايجار في رفاع,170,"AlHunayniya, Southern Governorate",2,2,46494646 m2
https://bh.opensooq.com/en/search/285992106,Bright  Modern Interior  Balcony  Wifi  Housekeeping  Great Facilities  Near K Hotel Juffair,500,"Juffair, Manama",2,2,120 m2
https://bh.opensooq.com/en/search/286985306,Building for very goods conditions like new 2 side car parking near romiz arad,"240,000","Arad, Muharraq",,,123 m2
https://bh.opensooq.com/en/search/286983284,للبيع فى الجفير من المالك مباشره شقه فاخره مفروشه بالكامل مساحة 74متر,"38,000","Juffair, Manama",1,2,74 m2
https://bh.opensooq.com/en/search/285988100,شقق جديدة للبيع في الرفاع البحير,"72,000","Riffa, Southern Governorate",5,4,185 m2
https://bh.opensooq.com/en/search/285988122,للبيع شقه في مدينة حمد 26 الف,"26,000","Madinat Hamad, Northern Governorate",3,,121 m2
https://bh.opensooq.com/en/search/286980284,1 bedroom stand alone flat in zinj near adhari highway clinics unlimited EWA,270,"Zinj, Manama",1,1,100 m2
https://bh.opensooq.com/en/search/285984856,بيت للايجار في المحرق غير شامل,250,"Muharraq City, Muharraq",4,4,105 m2
https://bh.opensooq.com/en/search/285982508,للبيع فيلا جديده في الحد,"165,000","Hidd, Muharraq",5,6+,305 m2
https://bh.opensooq.com/en/search/284990308,Reduce Price Family Building Prime Location Near Oasis Mall With Facilities,360,"Juffair, Manama",2,3,140 m2
https://bh.opensooq.com/en/search/286972460,**URGENT SALE** **IN RENT** HOORA APARTMENT FOR SALE IN MANAMA,"57,400","Hoora, Manama",,,105 m2
https://bh.opensooq.com/en/search/286968564,للبيع ارض في ديار المحرق من المالك مباشرة,"137,200","Diyar Al Muharraq, Muharraq",,,
https://bh.opensooq.com/en/search/286965898,شقة للايجار,120,"Jannusan, Northern Governorate",2,2,100 m2
https://bh.opensooq.com/en/search/286965546,Bed space available 25bd monthly,25,"Madinat Hamad, Northern Governorate",,,
https://bh.opensooq.com/en/search/286918254,للإيجار ارض في منطقه المالكيه على شارع حيوي  مساحه الأرض 319 م بمبلغ 2400 دينار سنوياً,"2,400","Malikiyah, Northern Governorate",,,
https://bh.opensooq.com/en/search/286961854,Fully furnished flat in Mahoos 250bd with EWA,250,"Mahooz, Manama",1,1,40 m2
https://bh.opensooq.com/en/search/286596456,شقة مفروشة في عراد,"39,000","Arad, Muharraq",2,2,95 m2
https://bh.opensooq.com/en/search/286959666,Luxurious Semifurnished Villa for rent in Jurdab near E-Government Directorate,550,"Jurdab, Central Governorate",3,3,"1,100 m2"
https://bh.opensooq.com/en/search/286958548,1 semi furnished Room with attached toilet including kitchen appliances for rent.,140,"Tubli, Central Governorate",,,
https://bh.opensooq.com/en/search/286956326,Luxury apartment in Juffair,350,"Juffair, Manama",1,2,80 m2
https://bh.opensooq.com/en/search/286953326,شقه لاجار برج راقي مميز  بجفير,360,"Juffair, Manama",1,2,90 m2
https://bh.opensooq.com/en/search/286952636,للإيجار شقة مفروشة في امواج بسعر 290 شامل,290,"Amwaj Islands, Muharraq",2,2,150 m2
https://bh.opensooq.com/en/search/285954254,للبيع شقة تشطيب دي لوكس في موقع مميز في الحد الجديدة شامل المكيفات,"43,000","Hidd, Muharraq",3,3,101 m2
https://bh.opensooq.com/en/search/286951880,للبيع أرض سكنية بإطلالة بحرية في الحد بسعر رخيص,"133,015","Hidd, Muharraq",,,
https://bh.opensooq.com/en/search/285952450,شقة عائلية فاخرة في الحد بمساحة واسعة وتصميم متكامل,"69,000","Hidd, Muharraq",5,4,180 m2
https://bh.opensooq.com/en/search/286888746,للبيع بيت استثماري مميز في الرفاع الشرقي,"95,000","Eastern Riffa, Southern Governorate",4,,163 m2
https://bh.opensooq.com/en/search/286943004,ايجار استوديو,250,"Juffair, Manama",Studio,1,55 m2
https://bh.opensooq.com/en/search/286942734,لايجار ستديو جديد في الرفاع مع الكهرباء، For Rent  New Studio in Riffa Inclusive,140,"Al-Hajiyat, Central Governorate",Studio,1,22 m2
https://bh.opensooq.com/en/search/286893306,Flat for rent,110,"Hoora, Manama",2,1,100 m2
https://bh.opensooq.com/en/search/286929952,"Offices for rent for only 595 BHD, all-inclusive of EWA",595,"Riffa, Southern Governorate",,,15 m2
https://bh.opensooq.com/en/search/286914632,للإيجار بيت كبير جدا في الرفاع خلف اللولو هايبر ماركت فقط 450 وقابل,450,"Riffa, Southern Governorate",6+,6+,450 m2
https://bh.opensooq.com/en/search/286914282,شقة للإيجار في الرفاع – بكوارة (صوب طيور الجنة),150,"Eastern Riffa, Southern Governorate",2,2,1 m2
https://bh.opensooq.com/en/search/285870540,قريب من المدارس والخدمات,150,"Riffa, Southern Governorate",2,2,1 m2
https://bh.opensooq.com/en/search/286860556,Single separate Room with attached bathroom including EWA,70,"Hidd, Muharraq",,,
https://bh.opensooq.com/en/search/286910088,شقة للايجار في مدينة عيسى / Flat for rent,110,"Other, Southern Governorate",3,1,200 m2
https://bh.opensooq.com/en/search/286909182,Apartments For RENT - Low price - Luxurious - Furnished - Semi furnished - EWA,280,"Hidd, Muharraq",2,2,100 m2
https://bh.opensooq.com/en/search/286902962,فلل وبيوت وشقق فخمه للإيجار في جميع مناطق البحرين مكونة من غرفه وغرفتين وثلاث غرف واربع غرف شامل وغي,100,"Busaiteen, Muharraq",2,2,120 m2
https://bh.opensooq.com/en/search/286901486,Studio for rent ستوديو للايجار,130,"Sanabis, Manama",Studio,1,55 m2
https://bh.opensooq.com/en/search/286900714,Flat for rent 120 with EWA new flat organised with AC and services,120,"Buri, Northern Governorate",Studio,1,70 m2
https://bh.opensooq.com/en/search/286894810,شقه للايجار,160,"Riffa, Southern Governorate",2,2,100 m2
https://bh.opensooq.com/en/search/286891158,For ladies only a room with an external bathroom,145,"Umm Al Hassam, Manama",,,
https://bh.opensooq.com/en/search/286888028,Brand New Apartments for Rent,250,"Sanad, Central Governorate",2,2,200 m2
https://bh.opensooq.com/en/search/286886146,بركه سباحه مساحه 1000 متر قفلي يا بلاش,"25,000","Buri, Northern Governorate",,,
https://bh.opensooq.com/en/search/285889854,Affordable Family Building Gas Connection Wifi &amp; H/k Services Open or Closed Kitchen Old Juffair,290,"Juffair, Manama",2,2,120 m2
https://bh.opensooq.com/en/search/285889700,Best Offer Large Balcony Near Rameez Mall Juffair,260,"Juffair, Manama",1,2,85 m2
https://bh.opensooq.com/en/search/286879496,مطلوب فيلا او ارض من المالك مباشر,"100,000","Other, Northern Governorate",,,
https://bh.opensooq.com/en/search/286879162,ارض كرزكان جميع الخدمات و جاهزة للبناء,"106,500","Karzakkan, Northern Governorate",,,
https://bh.opensooq.com/en/search/286875556,للايجار شقه استوديو في النويدرات مع الكهرباء و الماء,80,"Nuwaidrat, Central Governorate",Studio,1,14 m2
https://bh.opensooq.com/en/search/286874870,2-Bedroom Apartment for Rent in Amwaj شقة للإيجار في امواج,270,"Amwaj Islands, Muharraq",2,2,90 m2
https://bh.opensooq.com/en/search/286873206,شقة مفروشة بجرداب flat furnished in Jurdab,140,"Jurdab, Central Governorate",,,
https://bh.opensooq.com/en/search/286872748,شقة مفروشة شامل للإيجار بمنطقة جرداب furnished apartment for rent in Jurdab with EWA,140,"Jurdab, Central Governorate",,,
https://bh.opensooq.com/en/search/286872698,شقة مفروشة للإيجار بمنطقة جرداب  Apartment furnished for rent in Jurdab,200,"Jurdab, Central Governorate",,,
https://bh.opensooq.com/en/search/286868914,شقه جديده للايجار في الحوره,230,"Hoora, Manama",2,2,75 m2
https://bh.opensooq.com/en/search/286868406,للبيع فيلا في البسيتين الساية,"142,000","Busaiteen, Muharraq",5,6+,320 m2
https://bh.opensooq.com/en/search/286866828,شقق للإيجار الزلاق,250,"Zallaq, Southern Governorate",2,2,150 m2
https://bh.opensooq.com/en/search/286815104,1300 SQM Warehouse for Rent in Sitra – Al Bandar,"3,900","Sitra, Central Governorate",,,900 m2
https://bh.opensooq.com/en/search/286815048,مطعم للبيع,"8,700","Malikiyah, Northern Governorate",,,60 m2
https://bh.opensooq.com/en/search/286813912,ارض للايجار,350,"Sanabis, Manama",,,
https://bh.opensooq.com/en/search/286862250,شقة للايجار 150 شامل,150,"Eastern Riffa, Southern Governorate",2,1,75 m2
https://bh.opensooq.com/en/search/286854014,شقق للبيع جميع  أنحاء مملكه البحرين,"1,000","Muharraq City, Muharraq",2,2,130 m2
https://bh.opensooq.com/en/search/286800716,للبيع محل باستا وبيتزا – جرداب,"5,000","Jurdab, Central Governorate",,,9 m2
https://bh.opensooq.com/en/search/286849886,ارض سكنية للبيع في الحد,"102,000","Hidd, Muharraq",,,
https://bh.opensooq.com/en/search/285856636,للبيع شقة في منطقة قلالي,"48,000","Galaly, Muharraq",2,3,117 m2
https://bh.opensooq.com/en/search/286846070,بيت للاجار بالحجيات شامل الكهرباء لا محدود بسعر مغري 4 غرف وصالة وحمامين,390,"Al-Hajiyat, Central Governorate",4,2,420 m2
https://bh.opensooq.com/en/search/286789978,للبيع فيلا في بسيتين تحديداً السايه,"175,000","Busaiteen, Muharraq",,,396 m2
https://bh.opensooq.com/en/search/286842076,شقة واسعة شبة مؤثثة للبيع في الحد الجديدة,"80,000","Hidd, Muharraq",4,4,222 m2
https://bh.opensooq.com/en/search/286837666,شقه للايجار,180,"Daih, Northern Governorate",2,2,100 m2
https://bh.opensooq.com/en/search/286837314,Fully Furnished studio Room available with ewa Riffa Al buhair,135,"Other, Southern Governorate",Studio,1,12 m2
https://bh.opensooq.com/en/search/286835972,"Special offer, Commercial Office for Rent – Only 67 BD/Month",67,"Hoora, Manama",,,10 m2
https://bh.opensooq.com/en/search/286529898,توبلي شقة حديثة للإيجار و مبنى جديد أيضا,180,"Tubli, Central Governorate",1,1,70 m2
https://bh.opensooq.com/en/search/286832450,DAILY OR WEEKY STAY - 4 STAR LUXURY HOTEL,18,"Hoora, Manama",,,
https://bh.opensooq.com/en/search/286825116,شقة ثلاث غرف للايجار شامل الكهرباء الحد,280,"Hidd, Muharraq",3,3,127 m2
https://bh.opensooq.com/en/search/286823124,مكتب فاخر للإيجار في المنطقة الدبلوماسية مؤثث بالكامل,350,"Diplomatic Area, Manama",,,25 m2
https://bh.opensooq.com/en/search/286820300,شقة مفروشة شامل الكهرباء,350,"Riffa, Southern Governorate",2,2,108 m2
https://bh.opensooq.com/en/search/286820088,Best Location Office Space in Diplomatic Area (Main Road),292,"Diplomatic Area, Manama",,,74 m2
https://bh.opensooq.com/en/search/286818114,محلات للايجار في سلماباد ميزانين تجاري صناعي,250,"Salmabad, Central Governorate",,,46 m2
https://bh.opensooq.com/en/search/286817850,Luxury furnished flat for rent/ families only/ 1 and 2 bedroom available,230,"Hoora, Manama",1,1,70 m2
https://bh.opensooq.com/en/search/286814746,للبيع بيت في الرفاع,"95,000","Riffa, Southern Governorate",3,,290 m2
https://bh.opensooq.com/en/search/286811376,Flat for rent in Salmaniya near Salmaniya Hospital,130,"Al-Salmaniya, Manama",2,1,120 m2
https://bh.opensooq.com/en/search/286811214,بنايه للبيع في الرفاع الشمالي مدخول 6000 دينار صافي,"680,000","Riffa Al Shamali, Central Governorate",,,7 m2
https://bh.opensooq.com/en/search/286802556,للبيع منزل أسكان,"120,000","Madinat Hamad, Northern Governorate",4,,263 m2
https://bh.opensooq.com/en/search/286802062,studio fully furnished with ewa,135,"Diraz, Northern Governorate",1,1,50 m2
https://bh.opensooq.com/en/search/286801700,للبيع مبنى تجاري,"55,000","Hidd, Muharraq",,,220 m2
https://bh.opensooq.com/en/search/286793722,مستودع للإيجار - منطقة طشان,85,"Tashan, Northern Governorate",,,45 m2
https://bh.opensooq.com/en/search/286792906,للبيع أرض موقع مميز في قلالي علي شارع,"105,000","Galaly, Muharraq",,,
https://bh.opensooq.com/en/search/286789926,للايجار شقة فاخرة في درة مارينا من غرفتين,300,"Durrat Marina, Southern Governorate",2,3,200 m2
https://bh.opensooq.com/en/search/286787156,للبيع مطعم مجهز بالكامل على الشارع الرئيسي في قلالي,"7,500","Galaly, Muharraq",,,90 m2
https://bh.opensooq.com/en/search/284768784,للبيع فيلا فاخرة توبلي Luxury Villa Forsale in Tubli,"250,000","Tubli, Central Governorate",6+,,304 m2
https://bh.opensooq.com/en/search/286631902,Furnished Room,110,"Adliya, Manama",,,
https://bh.opensooq.com/en/search/286778804,للبيع معدات وبضائع البراده For sale: supermarket food equipment and supplies,"2,700","Hoora, Manama",,,1111 m2
https://bh.opensooq.com/en/search/286778728,"For rent multiple furnished studio flats in Jid Ali, Tubli and Isa Town",170,"Tubli, Central Governorate",Studio,1,75 m2
https://bh.opensooq.com/en/search/286724778,للاستئجار  استوديو في المحرق,110,"Muharraq City, Muharraq",Studio,1,50 m2
https://bh.opensooq.com/en/search/285771226,للبيع قطعتين أرض متلاصقتين وسط المنامة خلف بناية الزامل,"75,000","Manama Souk, Manama",,,
https://bh.opensooq.com/en/search/284798498,550 شقة فاخرة مفروشة بالكامل للإيجار  الجفير  3 غرف نوم,550,"Juffair, Manama",3,3,150 m2
https://bh.opensooq.com/en/search/284796310,شقة للإيجار في السيف – البرهامة  260,260,"Seef, Manama",1,2,55 m2
https://bh.opensooq.com/en/search/284795844,شقة مفروشة بالكامل للإيجار  جزر أمواج  400,400,"Amwaj Islands, Muharraq",2,2,130 m2
https://bh.opensooq.com/en/search/286716168,للبيع مبنى قفلي في الهمله,"13,000","Hamala, Northern Governorate",,,225 m2
https://bh.opensooq.com/en/search/284791986,للبيع أرض استثمارية مميزة في توبلي – من المالك مباشرة,"341,000","Tubli, Central Governorate",,,
https://bh.opensooq.com/en/search/286765244,متاح شقه غرفه وصاله في الجفير 270 ومتاح شقق اخري اسعار تبدا من 200دينار شامل كل شي,270,"Juffair, Manama",1,1,120 m2
https://bh.opensooq.com/en/search/286764774,Saar Warehouse for rent New مستودع/ مخزن سار للايجار جديد,289,"Saar, Northern Governorate",,,118 m2
https://bh.opensooq.com/en/search/286763186,شقة شبه جديدة,90,"Muharraq City, Muharraq",2,1,40 m2
https://bh.opensooq.com/en/search/284789724,شقة مفروشة بالكامل للإيجار  سار  350,350,"Saar, Northern Governorate",2,2,130 m2
https://bh.opensooq.com/en/search/284788844,شقة فاخرة مفروشة بالكامل للإيجار  السيف – جزيرة الريف  600 دينار,600,"Seef, Manama",2,3,130 m2
https://bh.opensooq.com/en/search/284788622,شقة فاخرة بإطلالة بحرية للإيجار  السيف – جزيرة الريف  650 دينار,650,"Seef, Manama",2,3,130 m2
https://bh.opensooq.com/en/search/286760888,With EWA 2 bedroom flat 160 bhd,160,"Muharraq City, Muharraq",2,2,125 m2
https://bh.opensooq.com/en/search/286759904,Commercial villa for rent in seef area,"3,000","Seef, Manama",,,1000 m2
https://bh.opensooq.com/en/search/286741264,Room sharing with ewa inclusive available at the end of September,70,"Juffair, Manama",,,
https://bh.opensooq.com/en/search/286740900,للبيع بيت قديم في المحرق,"33,000","Muharraq City, Muharraq",4,,110 m2
https://bh.opensooq.com/en/search/286739806,3BHK Apartment for Rent – Hamad Town,250,"Madinat Hamad, Northern Governorate",3,3,80 m2
https://bh.opensooq.com/en/search/286738944,فيلا راقية للايجار في ديار المحرق 4 غرف ومجلس,500,"Busaiteen, Muharraq",6+,6+,"1,000 m2"
https://bh.opensooq.com/en/search/286686506,"PRICE REDUCED 2BR Furnished + Maid&#x27;s Room, Juffair, Direct from Owner",480,"Juffair, Manama",2,4,130 m2
https://bh.opensooq.com/en/search/285742866,للبيع شقة كبيرة في منطقة الحد,"65,000","Hidd, Muharraq",4,4,180 m2
https://bh.opensooq.com/en/search/286726504,APARTMENT FOR RENT IN SAAR  ONLY BD 170,"170,000","Saar, Northern Governorate",Studio,1,70 m2
https://bh.opensooq.com/en/search/286725336,للإيجار شقة دوبلكس فاخرة في الجفير برج راقي مفروشة بالكامل,290,"Juffair, Manama",1,2,70 m2
https://bh.opensooq.com/en/search/286723722,شقة في عراد غرفة واحدة / صالة / مطبخ .. شامل الكهرباء والماء,160,"Arad, Muharraq",1,1,120 m2
https://bh.opensooq.com/en/search/286723382,Room for rent only Lady,85,"Ras Al-Rumman, Manama",,,
https://bh.opensooq.com/en/search/286719604,Flat for rent in Hamala *with ewa *,160,"Hamala, Northern Governorate",1,1,30 m2
https://bh.opensooq.com/en/search/286715512,محل تجاري للايجار الشهري 400دينار,400,"Qudaibiya, Manama",,,43 m2
https://bh.opensooq.com/en/search/286714922,مكاتب للايجار في توبلي/ Offices for Rent in Tubli,250,"Tubli, Central Governorate",,,180 m2
https://bh.opensooq.com/en/search/286711478,مدينةالحد/شقة راقية للبيع نظام عربي تشطيب راقي بسعر مغري,"57,500","Hidd, Muharraq",4,4,190 m2
https://bh.opensooq.com/en/search/286709996,Brand New  Fully Furnished  Gated Community  Best Deal,900,"Other, Central Governorate",4,5,300 m2
https://bh.opensooq.com/en/search/286653756,RUNNING LADIES SALON FOR SALE – BAHRAIN  Well-established and fully operational ladies salon availab,"3,200","Other, Northern Governorate",,,1 m2
https://bh.opensooq.com/en/search/286709656,للأيجار محل تجاري دكان للأيجار في منطقة الهملة .,150,"Hamala, Northern Governorate",,,55 m2
https://bh.opensooq.com/en/search/285892002,شقه للايجار مطله على شارع المطار العام بالمحرق غير شامل,130,"Muharraq City, Muharraq",2,2,80 m2
https://bh.opensooq.com/en/search/286708766,للايجار شقة للأيجار في منطقة المنامة القضيبية .,210,"Qudaibiya, Manama",2,1,45 m2
https://bh.opensooq.com/en/search/286708070,للأيجار استيديو للأيجار في منطقة القضيبية .,120,"Qudaibiya, Manama",Studio,1,30 m2
https://bh.opensooq.com/en/search/286647710,The Address Residents Beach Resort &amp; Spa,60,"Diyar Al Muharraq, Muharraq",,,
https://bh.opensooq.com/en/search/286700190,شقه للايجار ((على شارع البلديه بالمحرق)),65,"Muharraq City, Muharraq",1,1,90 m2
https://bh.opensooq.com/en/search/286696466,الايجار شقه في الرفاع,100,"Riffa, Southern Governorate",2,2,70 m2
https://bh.opensooq.com/en/search/286695502,للإيجار شقة في الجفير,500,"Juffair, Manama",2,2,75 m2
https://bh.opensooq.com/en/search/286691482,مبنى تجاري مؤجر بالكامل الحجيات للبيع,"151,000","Riffa, Southern Governorate",,,303 m2
https://bh.opensooq.com/en/search/286690330,FLATS &amp; OFFICES FOR RENT,100,"Qudaibiya, Manama",1,1,20 m2
https://bh.opensooq.com/en/search/285698076,للبيع شقة 3 غرف في الحد بسعر مميز,"45,000","Hidd, Muharraq",3,3,129 m2
https://bh.opensooq.com/en/search/286632454,Studio apartment for rent - salmabad,140,"Salmabad, Central Governorate",Studio,1,60 m2
https://bh.opensooq.com/en/search/286686472,Marssi Resident Apartment for Rent,400,"Diyar Al Muharraq, Muharraq",1,1,120 m2
https://bh.opensooq.com/en/search/286685850,House for rent,380,"Jannusan, Northern Governorate",3,3,400 ft²
https://bh.opensooq.com/en/search/286685218,3-BHK  Semi furnished  Tubli  2 Car park  Security  Maid room  EWA Limit BD30,300,"Tubli, Central Governorate",3,3,160 m2
https://bh.opensooq.com/en/search/285694448,للبيع شقة في الحد 3 غرف بسعر مميز,"48,000","Hidd, Muharraq",3,3,137 m2
https://bh.opensooq.com/en/search/284711648,استوديو مفروش بالكامل للإيجار  السيف,210,"Seef, Manama",Studio,1,45 m2
https://bh.opensooq.com/en/search/284711334,شقة فاخرة مفروشة بالكامل للإيجار  السيف  2.5 غرفة نوم,750,"Seef, Manama",2,4,140 m2
https://bh.opensooq.com/en/search/286670076,Ladies saloon,"8,000","Galaly, Muharraq",,,65 m2
https://bh.opensooq.com/en/search/284704190,شقة فاخرة بإطلالة بحرية للإيجار  السيف  650 دينار,650,"Seef, Manama",2,2,130 m2
https://bh.opensooq.com/en/search/286669068,للإيجار شقة مميزة مفروشة بالكامل,450,"Eastern Riffa, Southern Governorate",3,3,200 m2
https://bh.opensooq.com/en/search/284702846,شقة ديلوكس مفروشة بالكامل للإيجار  الحد الجديدة,300,"Hidd, Muharraq",2,2,130 m2
https://bh.opensooq.com/en/search/286667324,للإيجار شقه في الجفير برج اوركيد تتكون من  غرفه وصاله وحمام ومطبخ بسعر 290 دينار  شامل لمت 20 دينار,260,"Juffair, Manama",Studio,1,40 m2
https://bh.opensooq.com/en/search/286666578,4-Bedroom Penthouse with Private Pool &amp; City Views,700,"Seef, Manama",4,4,150 m2
https://bh.opensooq.com/en/search/286666724,House for rent,200,"Diraz, Northern Governorate",3,3,150 m2
https://bh.opensooq.com/en/search/286665570,Room for rent,150,"Mahooz, Manama",,,
https://bh.opensooq.com/en/search/286664338,للإيجار شقة في &quot;قرية سار&quot;,170,"Saar, Northern Governorate",2,2,88 m2
https://bh.opensooq.com/en/search/284698378,مكتب للإيجار  السيف  4 مكاتب  640 دينار,640,"Seef, Manama",,,107 m2
https://bh.opensooq.com/en/search/286608736,للإيجار ستديو مفروش بلكامل في منطقة عالي,150,"Other, Northern Governorate",Studio,1,100 m2
https://bh.opensooq.com/en/search/286654970,للايجار شقة في الرفاع الشمالي قرب ممشى الاستقلال,180,"Riffa Al Shamali, Central Governorate",2,2,100 m2
https://bh.opensooq.com/en/search/286654012,Flat for rent including ewa,160,"Hidd, Muharraq",2,1,100 m2
https://bh.opensooq.com/en/search/286653946,مبنى للإيجار بسعر ممتاز,550,"Hidd, Muharraq",,,200 m2
https://bh.opensooq.com/en/search/286650276,For Sale Fully Furnished Apartment in Mahooz,"52,000","Umm Al Hassam, Manama",2,2,133 m2
https://bh.opensooq.com/en/search/286647178,مكتب للاجار,160,"Diplomatic Area, Manama",,,11 m2
https://bh.opensooq.com/en/search/286645744,شقة في منطقة عراد غرفة واحدة  / شامل الكهرباء والماء  150دينار ( من المالك ),150,"Arad, Muharraq",1,1,105 m2
https://bh.opensooq.com/en/search/286642156,شقة واسعة للايجار قريبة من الشارع العام و مدرسة أم القرى specious flat for rent close to gcc h.w,180,"Al Eker, Central Governorate",3,2,110 m2
https://bh.opensooq.com/en/search/285655020,للبيع شقة دبلوكس نظام طابقين في منطقة الحد,"65,000","Hidd, Muharraq",3,3,170 m2
https://bh.opensooq.com/en/search/286638920,شقه للايجار,220,"Riffa, Southern Governorate",3,3,200 m2
https://bh.opensooq.com/en/search/286638720,حجره ومطبخ وحمام شبه مفروش,120,"Jid Ali, Central Governorate",,,
https://bh.opensooq.com/en/search/286592432,منزل لايجار في الحد,150,"Hidd, Muharraq",2,2,42 m2
https://bh.opensooq.com/en/search/286634630,مالك مباشر,"54,000","Hidd, Muharraq",4,4,25 m2
https://bh.opensooq.com/en/search/286634294,للبيع بنايه مكونه من شقتين بمنطقه المحرق من الملك مباشره,"80,000","Muharraq City, Muharraq",,,10000 m2
https://bh.opensooq.com/en/search/285647206,للبيع شقة تشطيب دي لوكس في موقع مميز في   الحد الجديدة,"65,000","Hidd, Muharraq",4,4,180 m2
https://bh.opensooq.com/en/search/286587392,فيلا مفروشه للبيع في امواج,"300,000","Amwaj Islands, Muharraq",4,,500 m2
https://bh.opensooq.com/en/search/286631606,للبيع شقة استوديو في بناية بن فقيه ف الحد,"36,000","Hidd, Muharraq",Studio,1,89 m2
https://bh.opensooq.com/en/search/285644152,Offer Price Quality Living  Balcony  Close to Juffair Mall,250,"Juffair, Manama",1,2,85 m2
https://bh.opensooq.com/en/search/285642578,للبيع شقة في منطقة الحد الجديدة قريبة من جميع الخدمات,"72,000","Hidd, Muharraq",5,4,200 m2
https://bh.opensooq.com/en/search/285640162,Amazing Deal  2 Bhk With 2 Balcony All room attached bathroom Near to Sparrows Sidra Kindergarten,170,"Arad, Muharraq",2,3,130 m2
https://bh.opensooq.com/en/search/286627264,Room for rent with electricity family or couples,100,"Muharraq City, Muharraq",1,1,5 m2
https://bh.opensooq.com/en/search/286627002,للبيع شقة ديلوكس في منطقه الحد الجديدة,"42,000","Hidd, Muharraq",3,3,129 m2
https://bh.opensooq.com/en/search/286626026,Shop for rent  For C.R opening,80,"Malikiyah, Northern Governorate",,,16 ft²
https://bh.opensooq.com/en/search/284654132,مكاتب للإيجار بإطلالة مميزة في قلب منطقة السيف التجارية,650,"Seef, Manama",,,120 m2
https://bh.opensooq.com/en/search/286573314,For Rent: A luxurious seaview studio apartment (fully furnished),350,"Juffair, Manama",Studio,1,44 m2
https://bh.opensooq.com/en/search/286618050,For rent 3 bedrooms apartment in Jurdab ( All inclusive) للايجار شقة  3 غرف نوم في  جرداب )مع الكهرب,350,"Jurdab, Central Governorate",3,3,150 m2
https://bh.opensooq.com/en/search/286617996,للبيع بيت في المحرق House in Muharraq,"39,000","Muharraq City, Muharraq",3,,58 m2
https://bh.opensooq.com/en/search/286617406,For rent furinshed Apartmnet in Riffa Buhair (all inclusive)  للايجار شقة مفروشة في الرفاع البحير,400,"Al-Bahair, Central Governorate",3,3,150 m2
https://bh.opensooq.com/en/search/284644132,مكتب للإيجار  السيف – كرباباد  موقع مميز 330 دينار,330,"Seef, Manama",,,125 m2
https://bh.opensooq.com/en/search/286609030,2 bedroom flat for in Jurdab( all inclusiveشقة لايجار من غرفتين في جرداب)شامل الكهرباء(,200,"Jurdab, Central Governorate",2,2,110 m2
https://bh.opensooq.com/en/search/286608458,Special Offer!!!3 Bhk With 4 Bathroom Spacious Closed Kitchen With Ac,190,"Arad, Muharraq",3,4,170 m2
https://bh.opensooq.com/en/search/286603036,Furnished Room,100,"Adliya, Manama",,,
https://bh.opensooq.com/en/search/286410396,للأيجار شقة للأيجار . في منطقة البرهامة,350,"Burhama, Manama",3,2,120 m2
https://bh.opensooq.com/en/search/285600742,للبيع شقة تملك حر لجميع في منطقة الحد الجديدة قريبة من جميع الخدمات,"76,000","Hidd, Muharraq",5,4,210 m2
https://bh.opensooq.com/en/search/286590824,For rent apartment in isa town,175,"Isa Town, Central Governorate",2,1,100 m2
https://bh.opensooq.com/en/search/286540422,ULTRA LUXURY Flat Include EWA,450,"Juffair, Manama",2,3,148 m2
https://bh.opensooq.com/en/search/286588152,للإيجار شقة في المالكية 180 دينار,180,"Malikiyah, Northern Governorate",3,2,120 m2
https://bh.opensooq.com/en/search/286587360,Luxury fully furnished 2BR in Juffair,400,"Juffair, Manama",2,2,100 m2
https://bh.opensooq.com/en/search/286586530,شقة للايجار في منطقة المحرق ( بن هندي ),90,"Muharraq City, Muharraq",2,1,50 m2
https://bh.opensooq.com/en/search/286537880,Bed space Available only in 26 BD/Month for Indian  Pakistani Nepali and Bangladeshi.,26,"Al Janabiyah, Northern Governorate",,,
https://bh.opensooq.com/en/search/286583024,شقق وفلل فخمه للايجار في جميع مناطق البحرين مكونة من غرفه وغرفتين وثلاث غرف بمختلف أنواعها واسعارها,100,"Hidd, Muharraq",2,2,120 m2
https://bh.opensooq.com/en/search/286582736,Luxury Private Beach Villa at Durrat Al Bahrain for rent daily,250,"Durrat Al Bahrain, Southern Governorate",4,6+,750 m2
https://bh.opensooq.com/en/search/286581812,للايجار بيت في الرفاع البحير,420,"Riffa, Southern Governorate",5,,300 m2
https://bh.opensooq.com/en/search/286531908,Fully finished Flat sharing only couple or ladies.,120,"Hidd, Muharraq",,,
https://bh.opensooq.com/en/search/286579922,للايجار استديو في سوق واقف,110,"Madinat Hamad, Northern Governorate",Studio,1,30 m2
https://bh.opensooq.com/en/search/286579294,Looking for  Below 35 years old Malayali gents for bed space in a fully furnished flat. BD 40/-,40,"Qudaibiya, Manama",,,
https://bh.opensooq.com/en/search/286530290,3+maid Villa in Gated community,580,"Saar, Northern Governorate",4,3,220 m2
https://bh.opensooq.com/en/search/286577470,شقة غرفتين للايجار Flat tow room for Rent,110,"Busaiteen, Muharraq",2,1,1 m2
https://bh.opensooq.com/en/search/286573286,للإيجار منزل في مدينة حمد دوار19,300,"Madinat Hamad, Northern Governorate",3,2,15 m2
https://bh.opensooq.com/en/search/286572492,استديو للايجار سوق واقف,100,"Madinat Hamad, Northern Governorate",Studio,1,35 m2
https://bh.opensooq.com/en/search/286572280,شقه مكتبيه واسعه على الشارع,200,"Zinj, Manama",,,100 m2
https://bh.opensooq.com/en/search/286572072,محل / مخزن للإيجار shop for rent office مكتب,100,"Budaiya, Northern Governorate",,,21 m2
https://bh.opensooq.com/en/search/286150372,شقة للايجار apartment for rent,170,"Ras Al-Rumman, Manama",2,1,100 m2
https://bh.opensooq.com/en/search/286569924,For rent villa 7 bedroom in zallq,"1,000","Zallaq, Southern Governorate",6+,6+,700 m2
https://bh.opensooq.com/en/search/286568550,شقة للإيجار في منطقة رأس رمان  flat for rent in Ras Rumman,170,"Ras Al-Rumman, Manama",2,1,30 m2
https://bh.opensooq.com/en/search/285568980,Quality Living  Posh Furniture  Balcony  Best Facilities  Near K Hotel Juffair,250,"Juffair, Manama",Studio,1,45 m2
https://bh.opensooq.com/en/search/284592254,شقق جديدة وفاخرة للإيجار  الرفاع  275 دينار,375,"Riffa, Southern Governorate",2,2,130 m2
https://bh.opensooq.com/en/search/286562992,بناية تجارية وسكنية للبيع في المحرق علي شارعين بسعر مميز ومدخول قوي,"190,000","Muharraq City, Muharraq",,,1000 m2
https://bh.opensooq.com/en/search/286562942,للبيع بيت في قلالي,"75,000","Galaly, Muharraq",,,168 m2
https://bh.opensooq.com/en/search/286513496,للبيع منزل في مدينة حمد,"120,000","Madinat Hamad, Northern Governorate",3,,360 m2
https://bh.opensooq.com/en/search/286511374,BD 400 (inclusive EWA) 2BR Fully Furnished Flat In Juffair,400,"Juffair, Manama",2,2,100 m2
https://bh.opensooq.com/en/search/285559322,للبيع شقة في منطقة الحد الجديدة قريبة من جميع الخدمات,"48,000","Hidd, Muharraq",3,3,128 m2
https://bh.opensooq.com/en/search/285558476,للبيع شقة دبلوكس نظام طابقين في منطقة الحد الجديدة قريبة من جميع الخدمات,"72,000","Hidd, Muharraq",4,4,200 m2
https://bh.opensooq.com/en/search/286549628,شقه فخمه للإيجار بالجفير,350,"Juffair, Manama",2,2,132 m2
https://bh.opensooq.com/en/search/286549590,شقه راقيه بالجفير,"51,000","Juffair, Manama",2,2,133 m2
https://bh.opensooq.com/en/search/286549240,Shop for rent in Isa Town with cr 2 visa 150 bd only,150,"Isa Town, Central Governorate",,,30 m2
https://bh.opensooq.com/en/search/284817558,للايجار ستوديو مفروش Spiral Orchid مع الكهرباء والماء والواي فاي وخدمات المبنى فقط 350 دينار,350,"Seef, Manama",Studio,1,43 m2
https://bh.opensooq.com/en/search/286547060,"2BHK Apartment for Rent in Sayah, Busaiteen  EWA Included",250,"Al Sayh, Muharraq",2,2,85 m2
https://bh.opensooq.com/en/search/286544836,للإيجار شقة بسماهيج 120 غير شامل الكهرباء والماء,120,"Samaheej, Muharraq",2,2,70 m2
https://bh.opensooq.com/en/search/286543242,الايجار شقة في الرفاع الشرقي,140,"Eastern Riffa, Southern Governorate",3,2,100 m2
https://bh.opensooq.com/en/search/286542408,اجمل و ارخص ارض في دلمونيا على البحر المفتوح 774متر مربع..,"250,000","Dilmunia Island, Muharraq",,,
https://bh.opensooq.com/en/search/286542254,Studio for rent in jedali,120,"Jid Ali, Central Governorate",Studio,1,100 m2
https://bh.opensooq.com/en/search/286541994,للبيع شقة ثلاث غرف في منطقة الحد الجديدة,"42,000","Hidd, Muharraq",3,3,130 m2
https://bh.opensooq.com/en/search/286541942,Studio Apartment for Sale – Waterbay Middle Tower,"48,000","Bahrain Bay, Manama",Studio,1,36 m2
https://bh.opensooq.com/en/search/286541594,شقه للايجار غير مفروشه شاملة الكهرباء بس السعر بدون كهرباء التواصل واتساب,260,"Eastern Riffa, Southern Governorate",2,2,1155 m2
https://bh.opensooq.com/en/search/286539156,للبيع مبنى تجاري,"10,000,000","Galaly, Muharraq",3,,500 m2
https://bh.opensooq.com/en/search/286536942,Flat For Rent in Muharraq with EWA,160,"Muharraq City, Muharraq",2,2,80 ft²
https://bh.opensooq.com/en/search/286535406,منزل كبير في دوار 22 فرصة استثمارية,"170,000","Dar Kulaib, Northern Governorate",6+,,486 m2
https://bh.opensooq.com/en/search/284563138,.للبيع ارض استثماري تصلح لمشروع شقق او سكني,"118,000","Tubli, Central Governorate",,,
https://bh.opensooq.com/en/search/284562684,للبيع شقة في الحد بسعر مميز,"41,000","Hidd, Muharraq",3,3,101 m2
https://bh.opensooq.com/en/search/286532884,شقة واسعة بغرفة نوم  قرب RCSI  مفروشة  مسبح,330,"Busaiteen, Muharraq",1,2,125 m2
https://bh.opensooq.com/en/search/286481002,Studio apartment for rent - salmabad,140,"Salmabad, Central Governorate",Studio,1,70 m2
https://bh.opensooq.com/en/search/286527498,Room for Sharing in a 2 BHK Flat,130,"Umm Al Hassam, Manama",,,
https://bh.opensooq.com/en/search/286526366,فيلا راقية للايجار - النسيم / ديار المحرق .. luxury villa for rent Al naseem diyar almuharraq,"1,400","Diyar Al Muharraq, Muharraq",4,5,300 m2
https://bh.opensooq.com/en/search/286526278,للايجار ستديو مفروش بالكامل في جدعليfurnished studio apartment for rent in Jid Ali.,180,"Jid Ali, Central Governorate",Studio,1,35 m2
https://bh.opensooq.com/en/search/284554378,شقة جديدة بتشطيب راقٍ ومساحات رحبة وبلكونات متعددة,"48,000","Hidd, Muharraq",3,3,120 m2
https://bh.opensooq.com/en/search/286525574,2 BHK Unlimited EWA Furnished Apartment BD-340  Housekeeping  In JUFFAIR,340,"Muharraq City, Muharraq",2,2,220 m2
https://bh.opensooq.com/en/search/285532724,للبيع شقة جديدة اول ساكن بسعر مغري جدا,"37,000","Hidd, Muharraq",2,1,78 m2
https://bh.opensooq.com/en/search/286521076,COMMERCIAL SPACE FOR RENT – MUHARRAQ,1,"Busaiteen, Muharraq",,,300 m2
https://bh.opensooq.com/en/search/284548822,للبيع أرض في منطقة الحد بسعر مميز جدا,"134,000","Hidd, Muharraq",,,
https://bh.opensooq.com/en/search/286518550,Villa for rent in a compound good location privacy,600,"Saar, Northern Governorate",3,3,"1,000 m2"
https://bh.opensooq.com/en/search/286514666,للايجار شقة في قلالي شامل الكهرباء,250,"Galaly, Muharraq",2,2,70 m2
https://bh.opensooq.com/en/search/286462582,للبيع بيت في سلمباد,"145,000","Salmabad, Central Governorate",,,319 m2
https://bh.opensooq.com/en/search/286510700,شقة من غرفة وحده للإيجار في الجفير مبنى سبارك - 320 مع الكهرباء,320,"Juffair, Manama",1,2,80 m2
https://bh.opensooq.com/en/search/286507982,Room for Rent,120,"Hoora, Manama",,,
https://bh.opensooq.com/en/search/286497946,للبيع أرض في ضاحية السيف تصنيف BD,"339,000","Seef, Manama",,,
https://bh.opensooq.com/en/search/286492742,Flat 170 BD With EWA Available 10/2026,170,"Al-Dair, Muharraq",2,2,100 m2
https://bh.opensooq.com/en/search/286490002,للبيع شقة في الحد بسعر مميز,"42,000","Hidd, Muharraq",3,3,129 m2
https://bh.opensooq.com/en/search/286488894,محل للإيجار في شارع أجواد الجابري - جد علي  مدينة عيسى,170,"Other, Southern Governorate",,,6 m2
https://bh.opensooq.com/en/search/286488366,Bachelor Room Share – 35 BHD All-Inclusive,35,"Salmabad, Central Governorate",,,
https://bh.opensooq.com/en/search/286488308,للبيع شقة في منطقة الحد بتشطيب ديلوكس,"52,000","Hidd, Muharraq",4,3,120 m2
https://bh.opensooq.com/en/search/286484264,شقة للايجار في الجفير برج نسمة 2 bhk full furnished NESMAH TOWER,350,"Juffair, Manama",2,2,120 m2
https://bh.opensooq.com/en/search/286483938,Room for Boys Aali,100,"A`ali, Central Governorate",1,6+,100 m2
https://bh.opensooq.com/en/search/286481632,كافيتيريا ممتازة في قلالي للبيع,800,"Galaly, Muharraq",,,26 m2
https://bh.opensooq.com/en/search/286479758,Sharing flat for rent,110,"Sitra, Central Governorate",,,
https://bh.opensooq.com/en/search/284514356,Best Price Offer Modern Flat With Balcony Near Oasis Mall Juffair,260,"Juffair, Manama",1,2,80 m2
https://bh.opensooq.com/en/search/286478476,غرفة للإيجار 80 دينار شامل والغرفة توجد داخل شقة والشقة مكونة من غرفتين فقط ومفروشة بالكامل,80,"Budaiya, Northern Governorate",1,1,70 m2
https://bh.opensooq.com/en/search/284512984,شقة فاخرة مفروشة بالكامل للإيجار  أبو قوة,350,"Bu Quwah, Northern Governorate",1,1,100 m2
https://bh.opensooq.com/en/search/284511472,شقة مفروشة بالكامل للإيجار  جفير هايتس  270,270,"Juffair, Manama",1,1,100 m2
https://bh.opensooq.com/en/search/284509678,280  استوديو فاخر مفروش للإيجار  أبو قوة,280,"Bu Quwah, Northern Governorate",Studio,1,100 m2
https://bh.opensooq.com/en/search/286472794,شقق عائلية Family Apartments,1,"Tashan, Northern Governorate",2,2,1 m2
https://bh.opensooq.com/en/search/284508306,شقة فاخرة مفروشة بالكامل للإيجار  أبو قوة  350 دينار,350,"Bu Quwah, Northern Governorate",1,1,100 m2
https://bh.opensooq.com/en/search/284506992,شقة مفروشة بالكامل للإيجار  السيف – السنابس  350 دينار,350,"Seef, Manama",1,2,100 m2
https://bh.opensooq.com/en/search/286470196,Three bedrooms apartment near Al Abraj Restaurant,180,"Jidhafs, Northern Governorate",3,2,130 m2
https://bh.opensooq.com/en/search/284506462,شقة جديدة للإيجار  السيف  280 دينار,280,"Seef, Manama",2,1,100 m2
https://bh.opensooq.com/en/search/284505334,شقة مفروشة بالكامل للإيجار  الحورة  215 دينار,215,"Hoora, Manama",1,1,100 m2
https://bh.opensooq.com/en/search/285478494,Unlimited Ewa  Monthly basis flat Highly Spacious  Free Wifi &amp; Hk Services  In New Juffair,280,"Juffair, Manama",Studio,1,70 m2
https://bh.opensooq.com/en/search/286468110,للأيجار استيديو للأيجار . في منطقة السنابس .,160,"Sanabis, Manama",Studio,1,30 m2
https://bh.opensooq.com/en/search/284504586,شقة فاخرة للإيجار  السيف  380 دينار,380,"Seef, Manama",1,2,100 m2
https://bh.opensooq.com/en/search/284503648,شقة مفروشة بالكامل للإيجار  البسيتين  290 دينار,290,"Busaiteen, Muharraq",1,1,100 m2
https://bh.opensooq.com/en/search/284502712,شقة فاخرة مفروشة بالكامل للإيجار  السيف  غرفة نوم واحدة,380,"Seef, Manama",1,2,83 m2
https://bh.opensooq.com/en/search/284501930,ستوديو مفروش للإيجار  الماحوز  180دينار,180,"Mahooz, Manama",Studio,1,30 m2
https://bh.opensooq.com/en/search/286461670,للايجار محل تجاري في الحد الجديدة يصلح لكافيه او مطعم صغير موقع مميز,500,"Hidd, Muharraq",,,30 m2
https://bh.opensooq.com/en/search/286456132,شقة سكنية للايجار,260,"Busaiteen, Muharraq",2,3,150 m2
https://bh.opensooq.com/en/search/286403056,90 BD Executive Bed Space In Fully Furnished 2 BHK Apartment,90,"Other, Central Governorate",,,
https://bh.opensooq.com/en/search/286400490,ROOM FOR RENT WITH EWA FOR LADIES IN RIFFA HAJIYAT IN A SHARED FLAT,50,"Riffa, Southern Governorate",,,
https://bh.opensooq.com/en/search/286449912,للإيجار شقة إيستيديو ومحلات تجارية في الرفاع الحجيات,130,"Eastern Riffa, Southern Governorate",Studio,1,80 m2
https://bh.opensooq.com/en/search/286449130,Flat For Rent office and Apartments Jidhafs / Sehla / Gudaibiya/ juffair Good location and new,150,"Jidhafs, Northern Governorate",1,1,100 m2
https://bh.opensooq.com/en/search/286395332,فودترك للمأكولات الشعبية,"3,000","Madinat Hamad, Northern Governorate",,,10 m2
https://bh.opensooq.com/en/search/285458214,للبيع شقة مميزة في الحد,"46,000","Hidd, Muharraq",3,3,137 m2
https://bh.opensooq.com/en/search/286447262,Studio for rent,110,"Eastern Riffa, Southern Governorate",6+,1,2147483647 m2
https://bh.opensooq.com/en/search/286446476,Juffair Studio &amp; 1 Bedroom apartments for rent Direct from Owner,180,"Juffair, Manama",1,1,60 m2
https://bh.opensooq.com/en/search/285268596,استوديو شبه مفروش للإيجار  الجفير,210,"Juffair, Manama",Studio,1,100 m2
https://bh.opensooq.com/en/search/285412242,للإيجار شقة أم الحصم 350 دينار,350,"Umm Al Hassam, Manama",2,2,150 m2
https://bh.opensooq.com/en/search/285454790,فيلا في البديع للإيجار,700,"Budaiya, Northern Governorate",3,3,350 m2
https://bh.opensooq.com/en/search/286445966,للبيع بيت قديم عن أرض في المحرق فريج بن هندي,"50,000","Muharraq City, Muharraq",,,122 m2
https://bh.opensooq.com/en/search/286445244,للبيع بيت قديم زاوية في المحرق,"50,000","Muharraq City, Muharraq",,,188 m2
https://bh.opensooq.com/en/search/286443872,الايجار محل في الهمله بموقع ممتاز جدا,90,"Hamala, Northern Governorate",,,803 m2
https://bh.opensooq.com/en/search/286443318,للبيع أرض في المحرق بالقرب مخبز دلمون,"26,000","Muharraq City, Muharraq",,,
https://bh.opensooq.com/en/search/286442680,store  مخزن,100,"Budaiya, Northern Governorate",,,19 m2
https://bh.opensooq.com/en/search/286442478,Flats for rent in Juffair.,400,"Juffair, Manama",2,2,1 m2
https://bh.opensooq.com/en/search/284480924,شقة فاخرة مفروشة بالكامل للإيجار  السيف  غرفة نوم واحدة,300,"Seef, Manama",1,2,100 m2
https://bh.opensooq.com/en/search/286441830,فيلا باربار,"125,000","Barbar, Northern Governorate",4,,275 m2
https://bh.opensooq.com/en/search/284478450,شقة مفروشة بالكامل للإيجار في الحد الجديدة  فرصة مميزة,300,"Hidd, Muharraq",2,3,130 m2
https://bh.opensooq.com/en/search/286438594,غرفة مشتركة مع شخص عربي للايجار داخل شقة في الرفاع الحجيات مفروشة بالكامل شاملة الكهرباء والماء,40,"Al-Hajiyat, Central Governorate",,,
https://bh.opensooq.com/en/search/284477718,فلل فاخرة للإيجار  الجفير  3 غرف نوم,500,"Juffair, Manama",3,3,400 m2
https://bh.opensooq.com/en/search/286437422,2 BHK FLAT FOR RENT – NOW AVAILABLE  SPECIAL OFFER,360,"Juffair, Manama",2,2,135 m2
https://bh.opensooq.com/en/search/284475928,شقة فاخرة مفروشة بالكامل للإيجار  السيف  غرفة نوم واحدة,260,"Seef, Manama",1,2,100 m2
https://bh.opensooq.com/en/search/284475452,شقق فاخرة للإيجار  3 غرف نوم  بالقرب من فندق الريتز كارلتون,550,"Seef, Manama",3,3,134 m2
https://bh.opensooq.com/en/search/284473774,شقق مفروشة بالكامل للإيجار  سار,400,"Saar, Northern Governorate",2,2,135 m2
https://bh.opensooq.com/en/search/284472698,شقة مفروشة بالكامل للإيجار  الحد الجديد  2BHK,270,"Hidd, Muharraq",2,3,135 m2
https://bh.opensooq.com/en/search/286432040,للبيع شقة في منطقة الحد,"63,000","Hidd, Muharraq",4,4,170 m2
https://bh.opensooq.com/en/search/286429682,شقق مفروشه للايجار جميع الأحجام  شامل الكهرباء والماء,350,"Eastern Riffa, Southern Governorate",1,2,80 m2
https://bh.opensooq.com/en/search/286422816,للبيع أرض سكنية مميزة في منطقة توبلي,"123,367","Other, Manama",,,
https://bh.opensooq.com/en/search/286420688,FOR RENT: Spacious Apartment in SAAR Breeze-1 Fully Furnished (2nd floor-Flat-22),350,"Saar, Northern Governorate",2,2,106 m2
https://bh.opensooq.com/en/search/286419692,Fully furnished apartment for rent in the Al-Janbia area.,320,"Al Janabiyah, Northern Governorate",2,2,200 m2
https://bh.opensooq.com/en/search/286419418,للبيع بيت في المحرق بالقرب مدرسة طارق بن زياد,"90,000","Muharraq City, Muharraq",6+,,124 m2
https://bh.opensooq.com/en/search/285431634,شقق جديدة للإيجار  الجفير – 230 دينار,230,"Juffair, Manama",1,1,100 m2
https://bh.opensooq.com/en/search/286366948,إيجار مفروشة للإيجار في سار,300,"Saar, Northern Governorate",Studio,1,110 m2
https://bh.opensooq.com/en/search/285428072,للإيجار شقة في الجفير 260 دينار,260,"Juffair, Manama",1,1,150 m2
https://bh.opensooq.com/en/search/286362954,ابحث عن شقه من غرفه ف الرفاع,140,"Riffa, Southern Governorate",Studio,1,100 m2
https://bh.opensooq.com/en/search/286413752,Fully Furnished Room for Rent in Seef  BHD 175 Only,175,"Seef, Manama",2,2,150 m2
https://bh.opensooq.com/en/search/286412668,أرض النعيم موقع مميز,"96,000","Naim, Manama",,,
https://bh.opensooq.com/en/search/286412412,للبيع ارض سكنية في باربار,"58,000","Barbar, Northern Governorate",,,
https://bh.opensooq.com/en/search/286410668,مطلوب شقه او ستديو غرفه في الرفاع للايجار,120,"Eastern Riffa, Southern Governorate",1,1,45 m2
https://bh.opensooq.com/en/search/286410450,للايجار شقة مفروشة في الجفير شهري وسنوي,300,"Juffair, Manama",1,1,74 m2
https://bh.opensooq.com/en/search/286408284,فيلا راقية للبيع في الجنبية,"180,000","Al Janabiyah, Northern Governorate",,,360 m2
https://bh.opensooq.com/en/search/284447116,للبيع شقة كبيرة في منطقة الحد,"73,000","Hidd, Muharraq",5,4,200 m2
https://bh.opensooq.com/en/search/284446764,للبيع شقة في منطقة الحد بسعر مميز تصلح لبرنامج تسهيل,"59,000","Hidd, Muharraq",4,4,170 m2
https://bh.opensooq.com/en/search/286403020,Warehouses for rent close to sitra area,750,"Sitra, Central Governorate",,,360 m2
https://bh.opensooq.com/en/search/286400622,Flat For Rent Isa town with EWA  شقة للإيجار مدينة عيسى,220,"Isa Town, Central Governorate",2,1,120 m2
https://bh.opensooq.com/en/search/286349992,2BR Luxury Apartment,350,"Al Janabiyah, Northern Governorate",2,2,95 m2
https://bh.opensooq.com/en/search/284443432,للبيع شقة في الحد بالقرب من جميع الخدمات,"50,000","Hidd, Muharraq",3,4,130 m2
https://bh.opensooq.com/en/search/284441726,للبيع شقة راقية في منطقة الحد بسعر مميز,"42,000","Hidd, Muharraq",2,3,100 m2
https://bh.opensooq.com/en/search/286397608,Three Studios for rent in the  Nest building  for rent 260 BD / monby annual base  one year minimum,260,"Sanabis, Manama",Studio,1,40 m2
https://bh.opensooq.com/en/search/285411670,للإيجار شقة فاخرة الجنبية 300 دينار,300,"Al Janabiyah, Northern Governorate",1,1,100 m2
https://bh.opensooq.com/en/search/286397164,للايجار استديو شامل الكهرباء والماء بدون لمت في المقشع بالقرب من كونتري مول,150,"Maqsha, Northern Governorate",Studio,1,150 m2
https://bh.opensooq.com/en/search/285410000,للإيجار شقة غرفتين وصالة مفروشة الحورة 270 دينار,270,"Hoora, Manama",2,2,100 m2
https://bh.opensooq.com/en/search/285408624,عرض حصري للإيجار  الجفير 220 دينار,220,"Juffair, Manama",1,1,100 m2
https://bh.opensooq.com/en/search/284437836,للبيع شقة كبيرة في منطقة الحد مع المكيفات,"69,000","Hidd, Muharraq",5,4,200 m2
https://bh.opensooq.com/en/search/285407878,للإيجار شقة غرفتين وصالة مفروشة 280 دينار,280,"Hoora, Manama",2,2,150 m2
https://bh.opensooq.com/en/search/286392216,للبيع مبنى تجاري في المحرق,"150,000","Muharraq City, Muharraq",,,240 m2
https://bh.opensooq.com/en/search/286390216,للبيع استديو مفروش في البسيتين بالقرب مستشفى الملك حمد والجامعه الايرلندية,"36,000","Busaiteen, Muharraq",Studio,1,58 m2
https://bh.opensooq.com/en/search/284434230,للبيع شقة في منطقة الحد,"64,000","Hidd, Muharraq",4,4,180 m2
https://bh.opensooq.com/en/search/285403184,شقة مفروشة بالكامل للإيجار  الحد الجديد,270,"Hidd, Muharraq",1,2,100 m2
https://bh.opensooq.com/en/search/286386250,شقة كبيرة للإيجار في الحد,400,"Hidd, Muharraq",4,3,210 m2
https://bh.opensooq.com/en/search/286379262,flat for Rent,180,"Al-Dair, Muharraq",2,2,170 m2
https://bh.opensooq.com/en/search/286325030,1 room for rent in West riffa,70,"Riffa, Southern Governorate",1,1,1 m2
https://bh.opensooq.com/en/search/286373022,فيلا فاخرة للإيجار في أمواج  إطلالة مباشرة على القناة,890,"Amwaj Islands, Muharraq",4,5,200 m2
https://bh.opensooq.com/en/search/286370082,for Rent FF Apartment inTubli(Inclusive) شقة مفروشة بالكامل في توبلي للايجار)شامل الكعرباء(,400,"Tubli, Central Governorate",2,2,124 m2
https://bh.opensooq.com/en/search/286369044,BRAND NEW  MODERN INTERIOR  BEST INVESTMENT DEAL,"90,000","Reef Island, Manama",2,2,121 m2
https://bh.opensooq.com/en/search/286367540,"ROOM AVAILABLE FOR SHARING – EAST RIFFA, BAHRAIN",100,"Riffa, Central Governorate",2,1,900 ft²
https://bh.opensooq.com/en/search/285378492,Ultra-Modern Flat  Balcony  Internet  Housekeeping  Best Facilities  Near K Hotel Juffair,350,"Juffair, Manama",1,2,85 m2
https://bh.opensooq.com/en/search/286363630,للإيجار فيلا راقيه في ديار المحرق شامل ومفروش,650,"Diyar Al Muharraq, Muharraq",5,4,204 m2
https://bh.opensooq.com/en/search/286363094,شقه من غرفه,150,"Eastern Riffa, Southern Governorate",Studio,1,100 m2
https://bh.opensooq.com/en/search/286306752,bedspace available in juffair very big apartment,85,"Juffair, Manama",,,
https://bh.opensooq.com/en/search/286359770,غرفة ستوديو بالدراز  Studio Room in Diraz,120,"Diraz, Northern Governorate",Studio,1,20 m2
https://bh.opensooq.com/en/search/286357286,شقة من غرفة واحدة مفروشة بالكامل,350,"Juffair, Manama",1,1,65 m2
https://bh.opensooq.com/en/search/286356754,للإيجار مكتب تجارية,120,"Sanad, Central Governorate",,,26 m2
https://bh.opensooq.com/en/search/286355608,Room available for bachelor in East Riffa 100,100,"Riffa, Southern Governorate",1,1,100 m2
https://bh.opensooq.com/en/search/286355504,Fast and Friendly Services,250,"Diplomatic Area, Manama",,,250 m2
https://bh.opensooq.com/en/search/286353628,للإيجار شقة غرفتين في جدحفص بالقرب من المركز الاجتماعي  كهرباء شاملة,195,"Jidhafs, Northern Governorate",2,2,10 m2
https://bh.opensooq.com/en/search/286352310,"Room Rent (inc. EWA), start September 2026",120,"Qudaibiya, Manama",,,
https://bh.opensooq.com/en/search/286347932,للإيجار بناية,"2,500","Riffa, Southern Governorate",,,166 m2
https://bh.opensooq.com/en/search/286347390,فرصة عقارية للبيع بيت في الرفاع(اسكان البحير),"82,000","Riffa, Southern Governorate",,,320 m2
https://bh.opensooq.com/en/search/286345062,1 Bedroom Apartment for Rent in Reef Island Manama capital Bahrain,600,"Reef Island, Manama",1,2,93 m2
https://bh.opensooq.com/en/search/286342310,للبيع فيلا تجارية ومحلات في قلالي,"185,000","Galaly, Muharraq",,,300 m2
https://bh.opensooq.com/en/search/286341720,للبيع بيت في البديع,"70,000","Budaiya, Northern Governorate",,,70 m2
https://bh.opensooq.com/en/search/286331706,شقة مجددة و معدلة,240,"A`ali, Central Governorate",4,2,110 m2
https://bh.opensooq.com/en/search/286326144,Room for rent,125,"Alsuwayfiyah, Manama",,,
https://bh.opensooq.com/en/search/286323860,one bedroom in Fontana infinity,"80,000","Juffair, Manama",1,2,85 m2
https://bh.opensooq.com/en/search/285337002,Modern Flat With Internet  Cpr Address  Near Juffair Mall,270,"Juffair, Manama",1,2,85 m2
https://bh.opensooq.com/en/search/286319268,shop for rent or sale call WhatsApp only,1,"Manama Souk, Manama",,,1000 m2
https://bh.opensooq.com/en/search/286315788,House Forsale HamadTown R4 للبيع بيت في مدينة حمد الدوار الرابع,"119,000","Madinat Hamad, Northern Governorate",4,,227 m2
https://bh.opensooq.com/en/search/286315350,Full room 60 bd without ewa,60,"Galaly, Muharraq",,,
https://bh.opensooq.com/en/search/286314544,Coldstore for sale,"1,600","Mahooz, Manama",,,50 m2
https://bh.opensooq.com/en/search/286313436,Fully furnished 1 br flat with all facilities and good location in Juffair Al Fateh,270,"Juffair, Manama",1,2,75 m2
https://bh.opensooq.com/en/search/286309176,استوديو مفروش في المحرق,135,"Muharraq City, Muharraq",,,
https://bh.opensooq.com/en/search/286306412,bedspace in juffair Very big apartment,85,"Juffair, Manama",,,
https://bh.opensooq.com/en/search/286305956,ورشة ومخازن وغرف للإيجار,500,"Hamala, Northern Governorate",,,450 m2
https://bh.opensooq.com/en/search/286257230,شامل الكهرباء والماء بدون لمت ..للايجار شقة في ضاحية السيف في مبنى بلميرا,350,"Seef, Manama",,,
https://bh.opensooq.com/en/search/286302738,شقق للبيع في البحير شامل المكيفات,"70,000","Eastern Riffa, Southern Governorate",4,4,185 m2
https://bh.opensooq.com/en/search/286301588,مطلوب شقه للايجار,"1,234","Madinat Hamad, Northern Governorate",2,2,150 m2
https://bh.opensooq.com/en/search/286300936,محل للبيع او المشاركة,"1,000","Hoora, Manama",,,72 m2
https://bh.opensooq.com/en/search/285313948,للبيع شقة كبيرة في منطقة الحد مع المكيفات,"69,000","Hidd, Muharraq",4,4,200 m2
https://bh.opensooq.com/en/search/286296294,سرير للأجار,70,"Busaiteen, Muharraq",,,
https://bh.opensooq.com/en/search/286294314,Studio Flat for rent in Al Hoora,145,"Hoora, Manama",Studio,1,30 m2
https://bh.opensooq.com/en/search/286247156,Fully furnished apartment in Danat Al Bahrain (Durrat Marina),"100,000","Durrat Marina, Southern Governorate",2,3,137 m2
https://bh.opensooq.com/en/search/286290930,للإيجار فيلا فخمة مودرن في الزلاق  For rent modern villa in Dallas,750,"Zallaq, Southern Governorate",4,6+,500 m2
https://bh.opensooq.com/en/search/286287770,Fully Furnished Studio Flat with balcony including EWA AT Karbabad Seef,150,"Seef, Manama",Studio,1,30 m2
https://bh.opensooq.com/en/search/286283590,للايجار شقة في الحد غير شامل,400,"Hidd, Muharraq",4,5,177 m2
https://bh.opensooq.com/en/search/286283050,للايجار محلات تجارية في قلالي,200,"Galaly, Muharraq",,,30 m2
https://bh.opensooq.com/en/search/286280568,For Rent 3 Bedrooms Apartment in Jidali,200,"Jid Ali, Central Governorate",3,2,120 m2
https://bh.opensooq.com/en/search/286274346,studio for rent in seef fully furnished,230,"Sanabis, Manama",Studio,1,55 m2
https://bh.opensooq.com/en/search/286267066,للبيع فود ترك مجدده بالكامل جديد مع ديبي جديد المطلوب 1000 و قابل,"1,000","Askar, Southern Governorate",,,2 m2
https://bh.opensooq.com/en/search/285279382,Modern Interior  Cozy  Quality Living  Cpr Address  Near Juffair Mall,225,"Juffair, Manama",Studio,1,50 m2
https://bh.opensooq.com/en/search/285279336,2 Beroom + Maid Room  Family Building  With Balcony or Without Balcony  Cpr Address Near Rameez Mall,400,"Juffair, Manama",2,2,135 m2
https://bh.opensooq.com/en/search/285276300,شقة فاخرة مفروشة بالكامل للإيجار  الجنبية,320,"Al Janabiyah, Northern Governorate",1,2,50 m2
https://bh.opensooq.com/en/search/285275462,شقة فاخرة بإطلالة على جزيرة الريف  بورتا ريف,650,"Seef, Manama",2,3,134 m2
https://bh.opensooq.com/en/search/286263218,شقة للإيجار مدينة حمد 12,160,"Madinat Hamad, Northern Governorate",2,2,120 m2
https://bh.opensooq.com/en/search/285272502,شقة بإطلالة بحرية للإيجار  السيف – كرباباد,350,"Seef, Manama",3,3,150 m2
https://bh.opensooq.com/en/search/285272080,شقة 3 غرف نوم للإيجار الفوري  أبراج اللؤلؤ – السيف,550,"Seef, Manama",3,4,150 m2
https://bh.opensooq.com/en/search/285271586,شقة فاخرة بإطلالة بحرية  برج فونتانا – الجفير,700,"Juffair, Manama",2,4,150 m2
https://bh.opensooq.com/en/search/285270728,شقة فاخرة للإيجار  غرفة نوم واحدة – أونيكس البحرين باي,520,"Seef, Manama",1,1,53 m2
https://bh.opensooq.com/en/search/286259730,Rare: 2BR + Maid (3 Baths)  2 Covered Parkings  Pool &amp; Bridge View,380,"Juffair, Manama",2,3,110 m2
https://bh.opensooq.com/en/search/286255670,shops in anad street 77 for rent,"1,300","Sanad, Central Governorate",,,150 m2
https://bh.opensooq.com/en/search/286254658,Flat for rent in Manama specifically in the Salmaniya area,140,"Al-Salmaniya, Manama",2,1,80 m2
https://bh.opensooq.com/en/search/286240248,Available freehold flat for sale,"65,000","Hidd, Muharraq",4,4,200 m2
https://bh.opensooq.com/en/search/286239638,للبيع شقة في الحد بسعر مميز,"41,000","Hidd, Muharraq",3,3,101 m2
https://bh.opensooq.com/en/search/286238876,Spacious 2-Storey Villa for Rent in Jid Ali - Near the Sea &amp; All Amenities,550,"Jid Ali, Central Governorate",4,4,400 m2
https://bh.opensooq.com/en/search/285242678,Brand New One Bedroom Flat For Near Oasis Mall Juffair Juffair,210,"Juffair, Manama",1,1,70 m2
https://bh.opensooq.com/en/search/286230132,Modern Interior  Family Building  Cpr Address  Near Ramez Mall Juffair,300,"Juffair, Manama",1,2,85 m2
https://bh.opensooq.com/en/search/286226080,"A studio apartment is available for rent, including electricity and water, for 110 Bahraini dinars.",110,"A`ali, Central Governorate",Studio,1,100 m2
https://bh.opensooq.com/en/search/286218962,Flat for rent,130,"Riffa, Southern Governorate",3,2,140 m2
https://bh.opensooq.com/en/search/286217740,مشروع محل ورد وشوكولاتة للبيع – الجفير,"3,000","Juffair, Manama",,,11111 m2
https://bh.opensooq.com/en/search/286213652,"استوديو للإيجار – القضيبية، – شامل الكهرباء والماء ورسوم البلدية. -  Electricity,  included– Gudaib",120,"Qudaibiya, Manama",Studio,1,45 m2
https://bh.opensooq.com/en/search/286212116,للإيجار شقة راقية  جدً مطلة على البحر الطابق 21,350,"Juffair, Manama",Studio,1,45 m2
https://bh.opensooq.com/en/search/286207496,Shop for sale,"9,000","Qudaibiya, Manama",,,3 m2
https://bh.opensooq.com/en/search/286204574,Land on 2 roads mahooz near Mcdonalds,"1,600,000","Mahooz, Manama",,,
https://bh.opensooq.com/en/search/286198460,محل ميزانين 6_3.5,90,"Hamala, Northern Governorate",,,20 m2
https://bh.opensooq.com/en/search/286196686,ارض عليها بنايه قريب مستشفى السلام التخصصي شارع الاستقلال للبيع,"3,000","Riffa, Southern Governorate",,,
https://bh.opensooq.com/en/search/286196368,hotel apartment building for sale in hoora,"2,000,000","Diplomatic Area, Manama",,,734 m2
https://bh.opensooq.com/en/search/286194040,Fully furnished studio - Zinj (Bu Ghazal) - All Inclusive,200,"Bu Ghazal, Manama",Studio,1,30 m2
https://bh.opensooq.com/en/search/286143440,"Urgent  sale Shop for Sale in Muharraq – Fully Set Up, Ready to Operate!","1,500","Muharraq City, Muharraq",,,15 m2
https://bh.opensooq.com/en/search/286189922,New CAR WASH SHOPS (LESS PRICE),"120,000","Madinat Hamad, Northern Governorate",,,21 m2
https://bh.opensooq.com/en/search/286189872,الشقة خارج البحرين لمن يرغب التملك في القاهرة بالقرب من جامعة القاهرة ومجمع الأديان والسيدة زينب,"20,000","Riffa, Southern Governorate",2,1,100 m2
https://bh.opensooq.com/en/search/286187326,للبيع بناية في الرفاع الشرقي,"125,000","Eastern Riffa, Southern Governorate",,,191 m2
https://bh.opensooq.com/en/search/286185752,STUNNING 4 BHK VILLA FOR RENT – AMWAJ ISLANDS,700,"Amwaj Islands, Muharraq",4,4,300 m2
https://bh.opensooq.com/en/search/286185030,Flat for Rent Near Ramada Hotel - Adliya (from Owner),250,"Adliya, Manama",3,2,50 m2
https://bh.opensooq.com/en/search/286182884,فيلا للايجار,550,"Al-Dair, Muharraq",6+,6+,260 m2
https://bh.opensooq.com/en/search/286177820,Room for rent only for bachelor&#x27;s,100,"Riffa, Southern Governorate",,,
https://bh.opensooq.com/en/search/286046386,للايجار ستديو مفروش بالكامل في السيف (200 دينار شهريا) شامل الكهرباء والماء والانترنت,200,"Seef, Manama",Studio,1,30 m2
https://bh.opensooq.com/en/search/286175754,Villa for sale in good locations,"750,000","Suqaya, Manama",6+,6+,750 m2
https://bh.opensooq.com/en/search/286175576,Tahama Flat for Sale/للبيع شقة في تهامه تاور في السايه,"47,000","Al Sayh, Muharraq",1,2,60 m2
https://bh.opensooq.com/en/search/285787766,ستديو مفروش بالكامل للايجار في البستين بالقرب من مسشتفى الملك جمد الجامعي,260,"Busaiteen, Muharraq",Studio,1,30 m2
https://bh.opensooq.com/en/search/286170904,Studio Flat In Alhajiyat,190,"Riffa, Southern Governorate",Studio,1,110 m2
https://bh.opensooq.com/en/search/286170646,Shutter/Storage/Shop For Rent - Askar - Near Alba And Bapco,200,"Askar, Southern Governorate",,,50 m2
https://bh.opensooq.com/en/search/286118960,Flat in isa town for rent,180,"Isa Town, Central Governorate",2,2,100 m2
https://bh.opensooq.com/en/search/286164832,للإيجار شقة في النويدرات قريبه من جميع الخدمات,130,"Nuwaidrat, Central Governorate",2,2,110 m2
https://bh.opensooq.com/en/search/286159788,shop for rent in souq muhareq,130,"Muharraq City, Muharraq",,,11111 m2
https://bh.opensooq.com/en/search/286159046,Room For Rent in juffair,110,"Juffair, Manama",,,
https://bh.opensooq.com/en/search/286159030,Flat 2 bhk Juffair semi furniture near majestic hotel 200 with out ewa,200,"Juffair, Manama",2,2,100 m2
https://bh.opensooq.com/en/search/286109254,شقة فاخرة بخدمات متكاملة وإطلالة على البحر - بن الفقيه (الحد هايتس),400,"Hidd, Muharraq",,,
https://bh.opensooq.com/en/search/286157118,للإيجار شقة في الرفاع بالقرب من صالة شيخان,250,"Eastern Riffa, Southern Governorate",2,2,100 m2
https://bh.opensooq.com/en/search/286156576,شقة ثلاث غرف نوم من المالك في منطقة جدعلي,200,"Other, Southern Governorate",3,2,130 m2
https://bh.opensooq.com/en/search/286152264,استوديو مفروش للإيجار في مدينة عيسى  Furnished Studio for Rent in Isa Town,185,"Isa Town, Central Governorate",Studio,1,44 m2
https://bh.opensooq.com/en/search/286146884,شقه مشتركه بنتين او اكثر الايجار سنوي,130,"Seef, Manama",,,
https://bh.opensooq.com/en/search/286145834,مطلوب عمارة في القضيبية,"1,000","Qudaibiya, Manama",,,500 m2
https://bh.opensooq.com/en/search/286145748,Residential building for sale in muharraq,"120,000","Muharraq City, Muharraq",,,450 m2
https://bh.opensooq.com/en/search/286145266,شقه للايجار فالبسيتين 180 دينار,180,"Busaiteen, Muharraq",2,2,150 m2
https://bh.opensooq.com/en/search/286145052,Flla for rent,250,"Riffa, Central Governorate",4,2,390 m2
https://bh.opensooq.com/en/search/286144192,Flat for rent,200,"Madinat Hamad, Northern Governorate",2,2,100 m2
https://bh.opensooq.com/en/search/286091274,شقة للبيع فى ارقي مناطق الرفاع,"67,000","Eastern Riffa, Southern Governorate",3,4,140 m2
https://bh.opensooq.com/en/search/286138602,للبيع جميع انواع الشقق الراقيه,"63,000","Hidd, Muharraq",4,4,170 m2
https://bh.opensooq.com/en/search/286137238,Big Office 168 SQM 7 Offices In Seef مكتب كبير يحتوي على 7 مكاتب في قلب السيف,720,"Seef, Manama",,,168 m2
https://bh.opensooq.com/en/search/286136294,Workshop Store Behind IKIA Salmabad ورشه مستودع خلف ايكيا في موقع رائع,380,"Salmabad, Central Governorate",,,230 m2
https://bh.opensooq.com/en/search/286132608,للإيجار شقة في سند,200,"Sanad, Central Governorate",3,2,120 m2
https://bh.opensooq.com/en/search/286070924,Flat for rent in Juffair  with Electricity,450,"Juffair, Manama",2,3,148 m2
https://bh.opensooq.com/en/search/286114846,للإيجار شقة في الحد الجديدة flat for rent in new hidd,280,"Hidd, Muharraq",3,3,120 m2
https://bh.opensooq.com/en/search/286114520,شقة في سار للإيجار flat for Rent in Saar,"270,000","Saar, Northern Governorate",2,2,110 m2
https://bh.opensooq.com/en/search/286111474,صالون للبيع في منطقه حيويه في شارع السقيه,"7,500","Suqaya, Manama",,,34 m2
https://bh.opensooq.com/en/search/286110664,ARAD LADIES BED SPACE AVAILABLE (near ramez Arad),35,"Arad, Muharraq",,,
https://bh.opensooq.com/en/search/286108542,Sharing room for rent for ladies only,45,"Riffa, Southern Governorate",,,
https://bh.opensooq.com/en/search/286104292,شقه مفروشه للايجار,400,"Tubli, Central Governorate",2,2,127 m2
https://bh.opensooq.com/en/search/284545458,للبيع بناية استثمارية في المحرق زاوية على شارع المطار,"200,000","Muharraq City, Muharraq",,,303 m2
https://bh.opensooq.com/en/search/286095080,شقة واسعة للإيجار – بني جمرة 150 دينار - Spacious Apartment for Rent – Bani Jamra 150 BD,150,"Bani Jamra, Northern Governorate",2,2,100 m2
https://bh.opensooq.com/en/search/286093640,Abeer .1992,"95,000","Eastern Riffa, Southern Governorate",4,,12 m2
https://bh.opensooq.com/en/search/286092204,Flat For Rent In Juffair With EWA FULLY FURNISHED,360,"Juffair, Manama",2,2,79 m2
https://bh.opensooq.com/en/search/286091522,House In Isa Town for sale - Near Sanad Area -  منزل للبيع في مدينة عيسى المنطقة الثامنة قريب من سند,"99,000","Isa Town, Central Governorate",,,174 m2
https://bh.opensooq.com/en/search/286036966,Spacious Family Villa  4 Bedrooms + Maid Room  Khudr Gardens,"115,000","Diyar Al Muharraq, Muharraq",4,,270 m2
https://bh.opensooq.com/en/search/286085608,Special Commercial Office Promotion – Only 75 BD/Month,75,"Diplomatic Area, Manama",,,10 m2
https://bh.opensooq.com/en/search/286085092,Flat For Rent in Umm al hassam,140,"Umm Al Hassam, Manama",Studio,1,70 m2
https://bh.opensooq.com/en/search/286084376,Commercial Office Limited Deal – 67 BD/Month Only,67,"Hidd, Muharraq",,,6 m2
https://bh.opensooq.com/en/search/286083708,فيلا للبيع فى البسيتين الساية,"145,000","Al Sayh, Muharraq",6+,,360 m2
https://bh.opensooq.com/en/search/286081950,غرفه وصاله بالجفير للايجار في برج فخم,280,"Juffair, Manama",,,75 m2
https://bh.opensooq.com/en/search/286029824,شقه للايجار زوايه 2 الدور 10,370,"Amwaj Islands, Muharraq",2,3,190 m2
https://bh.opensooq.com/en/search/286078314,SPACIOUS SEMI ONE BEDROOM WILL BE  AVAILABLE END OF THIS MONTH. 1ST August,190,"Juffair, Manama",1,1,6780 m2
https://bh.opensooq.com/en/search/286077782,بناية جديدة 20 شقة للإيجاربشيك واحدResidential building rent one check,"3,000","Ras Al-Rumman, Manama",,,3000 m2
https://bh.opensooq.com/en/search/286077188,للبيع بناية في الرفاع دخل ممتاز  10.7 بالمئه,"185,000","Eastern Riffa, Southern Governorate",,,700 m2
https://bh.opensooq.com/en/search/286076338,SPACIOUS ROOMS FOR RENT IN MANAMA CENTER!,80,"Manama Center, Manama",,,
https://bh.opensooq.com/en/search/286076262,كافتيريا جاهزة للبيع بالكامل - المحرق طريق 1614,"2,300","Muharraq City, Muharraq",,,1 m2
https://bh.opensooq.com/en/search/286075556,Excellent Flat for sale in Hidd شقة ممتازة للبيع في الحد,"59,900","Hidd, Muharraq",4,5,180 m2
https://bh.opensooq.com/en/search/286070302,studio for rent with EWA,100,"Nuwaidrat, Central Governorate",Studio,1,35 m2
https://bh.opensooq.com/en/search/286069212,للبيع ارض في الرفاع- ااحنينية,"80,000","Riffa, Southern Governorate",,,
https://bh.opensooq.com/en/search/286068230,COMMERCIAL OFFICE SPACE FOR RENT IN EBC TOWER  DIPLOMATIC AREA,650,"Diplomatic Area, Manama",,,163 m2
https://bh.opensooq.com/en/search/286017092,Khader Gardens villas for sale,"115,000","Diyar Al Muharraq, Muharraq",4,3,162 m2
https://bh.opensooq.com/en/search/286067602,For Rent Apartment (flat) in Manama-Mahooz شقة للايجار في منطقة  الماحوز,180,"Mahooz, Manama",3,2,80 m2
https://bh.opensooq.com/en/search/286066350,"For rent modern 3 bedrooms Flat in muharraq  Balacony and access to garden,near main road, near cold",160,"Muharraq City, Muharraq",3,1,145 m2
https://bh.opensooq.com/en/search/286063398,Salon For Sale,"4,000","Budaiya, Northern Governorate",,,2 m2
https://bh.opensooq.com/en/search/286060862,Flat for rent,230,"Jurdab, Central Governorate",2,2,170 m2
https://bh.opensooq.com/en/search/286057874,Ideal Shop Available For Rent,"1,500","Juffair, Manama",,,40 m2
https://bh.opensooq.com/en/search/286055904,مناسب للجميع,500,"Hamala, Northern Governorate",,,450 m2
https://bh.opensooq.com/en/search/286053228,شقة فاخرة (2 Bedroom) مفروشة بالكامل للايجار في منظقة الجفير مع اطلالة على البحر وعلى الشارع الرئيسي,500,"Juffair, Manama",2,3,120 m2
https://bh.opensooq.com/en/search/286046860,شقه سكنية للبيع راقية جدا المساحة 200متر الموقع الحد جوار أسواق اصيل,"73,000","Hidd, Muharraq",5,4,200 m2
https://bh.opensooq.com/en/search/286045480,شقه للإيجار 3 غرف بسعر غرفه و غرفتين,180,"Hidd, Muharraq",3,2,250 m2
https://bh.opensooq.com/en/search/285994606,Residential Building for Sale — Muharraq (Corner Plot),"170,000","Muharraq City, Muharraq",,,460 m2
https://bh.opensooq.com/en/search/286044842,شقه  للاجار,200,"Busaiteen, Muharraq",2,2,280 m2
https://bh.opensooq.com/en/search/286038666,شقة للايجار المحرق مجمع 208 قرب مركز الشيخ سلمان الصحي FLAT FOR RENT NEAR SALMAN HEALTH CENTER,140,"Block 208, Muharraq",3,2,120 m2
https://bh.opensooq.com/en/search/286037858,Fully Furnish Luxury 2BHK Duplex in Juffair,475,"Juffair, Manama",2,3,150 m2
https://bh.opensooq.com/en/search/286035896,الايجار شقه بالرفاع الشرقي,2,"AlHunayniya, Southern Governorate",4,3,3 m2
https://bh.opensooq.com/en/search/286035180,Furnished Apartment in Dilmunia,380,"Dilmunia Island, Muharraq",Studio,1,61 m2
https://bh.opensooq.com/en/search/286034034,شقة للإيجار في الرفاع الشرقي,,"Riffa Al Shamali, Central Governorate",4,3,1 m2
https://bh.opensooq.com/en/search/286031592,1 BHK Big Flat For Rent In Riffa – Near Lulu With Unlimited EWA,170,"Riffa, Southern Governorate",1,1,180 m2
https://bh.opensooq.com/en/search/286031048,room furnished for executive lady or person,60,"Muharraq City, Muharraq",,,
https://bh.opensooq.com/en/search/286027490,Executive Bachelor Flat — 2 Bed Spaces Available,65,"Juffair, Manama",,,
https://bh.opensooq.com/en/search/285972038,Studio  includes EWA,150,"Riffa, Southern Governorate",Studio,1,60 m2
https://bh.opensooq.com/en/search/286020626,Flat for rent in Tubli,150,"Tubli, Central Governorate",3,1,140 m2
https://bh.opensooq.com/en/search/285967694,Semi-Furnished 4BR Villa  Private Garden  Ready,"113,000","Diyar Al Muharraq, Muharraq",4,,162 m2
https://bh.opensooq.com/en/search/286020230,شقة نص فرش راقية,280,"Al Sayh, Muharraq",2,2,124 m2
https://bh.opensooq.com/en/search/286018408,Flat for rant,230,"Juffair, Manama",1,1,150 m2
https://bh.opensooq.com/en/search/285956278,"Furnished Single Room Available for Executive Lady (Indian,Filipina,Nepali,Srilankan)",120,"Hoora, Manama",,,
https://bh.opensooq.com/en/search/285955714,Flat for rent in Riffa,200,"Eastern Riffa, Southern Governorate",3,2,150 m2
https://bh.opensooq.com/en/search/286000534,"House &amp; Land in Busaiteen near the airport, King Hamad&#x27;s hospital, market &amp; restaurants","35,000","Busaiteen, Muharraq",,,115 m2
https://bh.opensooq.com/en/search/286000332,ورشة للايجار,950,"Hamala, Northern Governorate",,,530 m2
https://bh.opensooq.com/en/search/285998514,18 bhd 4 star luxury hotel offer,18,"Hoora, Manama",,,
https://bh.opensooq.com/en/search/285996914,بيت للبيع في منطقة الحد,"140,000","Hidd, Muharraq",6+,,344 m2
https://bh.opensooq.com/en/search/285943340,سرير للايجار,110,"Juffair, Manama",,,
https://bh.opensooq.com/en/search/285987860,شقة للإيجار/ APARTMENT FOR RENT  سلماباد,160,"Salmabad, Central Governorate",1,1,70 m2
https://bh.opensooq.com/en/search/285984086,3 Bedrooms flat for rent in Juffair,400,"Juffair, Manama",3,3,4 m2
https://bh.opensooq.com/en/search/285982552,شقة للايجار,200,"Madinat Hamad, Northern Governorate",2,2,100 m2
https://bh.opensooq.com/en/search/285981702,House for Rent – Jidhafs,300,"Jidhafs, Northern Governorate",2,2,160 m2
https://bh.opensooq.com/en/search/285980664,شقة للايجار /apartment for rent الجنبية,180,"Al Janabiyah, Northern Governorate",1,1,60 m2
https://bh.opensooq.com/en/search/285979942,ارض مع عمارة من  ثلاث شقق مساحة كل شقة 145م,"135,000","Other, Central Governorate",,,435 m2
https://bh.opensooq.com/en/search/285979058,Flat in malkaya,130,"Other, Northern Governorate",1,1,100 m2
https://bh.opensooq.com/en/search/285976908,للإيجار شقه في الحد,350,"Hidd, Muharraq",4,4,206 m2
https://bh.opensooq.com/en/search/285968220,Fully Furnished Room  Available With Attached Bathroom In Um Al HassamBuilding has Lift.,130,"Other, Central Governorate",,,
https://bh.opensooq.com/en/search/285967950,Fully Furnished Residential Flats for Rent at Bu Asheera (Segayya),450,"Bu Aashira, Manama",3,3,180 m2
https://bh.opensooq.com/en/search/285965850,Room for rent with attached bathroom with electricity,125,"Jid Ali, Central Governorate",,,
https://bh.opensooq.com/en/search/285963654,Luxury 4-Bedrooms Villa  Brand New  Freehold,"115,000","Diyar Al Muharraq, Muharraq",4,3,265 m2
https://bh.opensooq.com/en/search/285907400,Apartments Available For Rent,130,"Hoora, Manama",1,1,50 m2
https://bh.opensooq.com/en/search/285949750,شقة للبيع في الرفاع الشمالي,"70,000","Riffa, Southern Governorate",4,5,194 m2
https://bh.opensooq.com/en/search/285899638,Running fruits and vegetables shop for sale with 2 visas available shop rent 160,"1,000","Jurdab, Central Governorate",,,22 m2
https://bh.opensooq.com/en/search/285898914,Man Salon and Spa,"5,000","Riffa, Southern Governorate",,,11 m2
https://bh.opensooq.com/en/search/285935062,2 BHK Fully Furnished apartment for rent,330,"Juffair, Manama",2,2,150 m2
https://bh.opensooq.com/en/search/285932892,BUSINESS FOR SALE    *Arabic Restaurant*   *Sitra  (busy area)*  PRICE: *7500 BHD*,"7,500","Sitra, Central Governorate",,,80 m2
https://bh.opensooq.com/en/search/285932098,For rent warehouse in hamla,600,"Hamala, Northern Governorate",,,330 m2
https://bh.opensooq.com/en/search/285925246,للإيجار شقة في جدحفص إسكان جدحفص غير شامل الكهرباء,180,"Jidhafs, Northern Governorate",3,3,10 m2
https://bh.opensooq.com/en/search/285880982,City VIEW  BALCONY  STYLISH  PRIME LOCATION With amazing amenities&#x27;,350,"Seef, Manama",1,2,71 m2
https://bh.opensooq.com/en/search/285920560,ارض للايجار منطقة باربار,,"Barbar, Northern Governorate",,,
https://bh.opensooq.com/en/search/285917252,فيلا قيد الانشاء جديد للبيع (البسيتين) من المالك مباشرة,"130,300","Busaiteen, Muharraq",5,,320 m2
https://bh.opensooq.com/en/search/285911654,للبيع فيلا راقية في منطقة البديع,"180,000","Budaiya, Northern Governorate",6+,,342 m2
https://bh.opensooq.com/en/search/285906782,للايجار بيت في مدينه عيسى,260,"Isa Town, Central Governorate",4,,300 m2
https://bh.opensooq.com/en/search/285857448,Luxury 3-Bedroom Fully Furnished Apartment in Seef,500,"Seef, Manama",3,3,2000 m2
https://bh.opensooq.com/en/search/285904378,Shops for Rent in Salmaniya,240,"Al-Salmaniya, Manama",,,28 m2
https://bh.opensooq.com/en/search/285857186,استراحة عائلية فندقية للبيع,"45,000","Buri, Northern Governorate",,,300 m2
https://bh.opensooq.com/en/search/285900228,Running fruits and vegetable shop for sale with 2 visas good location,"1,000","Jurdab, Central Governorate",,,22 m2
https://bh.opensooq.com/en/search/285899284,2 BHK For Rent In Galali With Ewa Near Salam Bank,200,"Galaly, Muharraq",2,2,160 m2
https://bh.opensooq.com/en/search/285897886,Apartment for Rent,150,"Diraz, Northern Governorate",1,2,80 m2
https://bh.opensooq.com/en/search/285895938,Apartment for rent in Amwaj islands,280,"Amwaj Islands, Muharraq",2,2,103 m2
https://bh.opensooq.com/en/search/285891954,بناية سكنية للبيع مطله على شارع المطار العام بالمحرق,"200,000","Muharraq City, Muharraq",,,303 m2
https://bh.opensooq.com/en/search/285842398,ROOM FOR RENT – PRIME LOCATION WITH EWA,130,"Fereej Al Fadhel, Manama",,,
https://bh.opensooq.com/en/search/285887660,شقة مفروشة للإيجار,200,"Al Janabiyah, Northern Governorate",1,1,100 m2
https://bh.opensooq.com/en/search/285883168,Flat For Rent juffair,280,"Juffair, Manama",2,2,650 ft²
https://bh.opensooq.com/en/search/285877018,"فرصة استثمارية بالمحرق – 10 شقق + 6 محلات  دخل 2,800 د.ب","350,000","Muharraq City, Muharraq",,,1002 m2
https://bh.opensooq.com/en/search/285874210,Adliya PanAsian Restaurant for Sale / Partnership,500,"Adliya, Manama",,,120 m2
https://bh.opensooq.com/en/search/285873222,ROOM FOR RENT – PRIME LOCATION WITH EWA,150,"Al Sayh, Muharraq",,,
https://bh.opensooq.com/en/search/285871360,بنايه للبيع,"460,000","Hidd, Muharraq",,,356 m2
https://bh.opensooq.com/en/search/285864868,فيلا مميزه وراقيه  للبيع في الهمله تملك حر,"137,000","Hamala, Northern Governorate",4,,250 m2
https://bh.opensooq.com/en/search/285807376,Spacious 2bedroom apartment with 2 bathrooms.,378,"Juffair, Manama",2,2,125 m2
https://bh.opensooq.com/en/search/285848936,شقة للايجار الحد الجديد موقع مميز,220,"Hidd, Muharraq",2,2,220 m2
https://bh.opensooq.com/en/search/285849616,Apartment for Sale in West Riffa,"45,000","Riffa, Southern Governorate",3,2,2147483647 m2
https://bh.opensooq.com/en/search/285849382,Flat available for rent,280,"Budaiya, Northern Governorate",3,2,999999 m2
https://bh.opensooq.com/en/search/285790000,مطلوب منزل للبيع في مدينة حمد من المالك مباشره,"100,000","Madinat Hamad, Northern Governorate",4,,300 m2
https://bh.opensooq.com/en/search/285840300,for sale shop,"1,200","Manama Center, Manama",,,
https://bh.opensooq.com/en/search/285839662,شقة فخمة للبيع في الحد الجديدة,"93,000","Hidd, Muharraq",3,3,252 m2
https://bh.opensooq.com/en/search/285838192,فرصة استثمارية بناية للبيع في منطقة الحد,"245,000","Hidd, Muharraq",,,374 m2
https://bh.opensooq.com/en/search/285835482,Modern Apartment In Zawia 1 Amwaj Islands,900,"Amwaj Islands, Muharraq",4,3,220 m2
https://bh.opensooq.com/en/search/285833884,شقه للايجار في عراد  غرفتين  حمامين  مطبخ  صالتين,150,"Arad, Muharraq",2,2,
https://bh.opensooq.com/en/search/285830388,شقه للايجار في المحرق عوائل فقط Apartment for rent in Muharraq families only,180,"Muharraq City, Muharraq",2,1,80 m2
https://bh.opensooq.com/en/search/285823982,Apartment for Rent Busaiteen,350,"Busaiteen, Muharraq",3,2,200 m2
https://bh.opensooq.com/en/search/285821574,Panoramik Yunanistan Kos adası manzaralı satılık daire,"160,000","A`ali, Central Governorate",,,
https://bh.opensooq.com/en/search/285820700,للايجار استديو واسع و فخم ومفروش في برج راقي في الجفير,270,"Juffair, Manama",Studio,1,40 m2
https://bh.opensooq.com/en/search/285817574,شقة للإيجار شبة مفروشة في مدينة حمد دوار 2 نظيفة,350,"Madinat Hamad, Northern Governorate",5,4,200 m2
https://bh.opensooq.com/en/search/285810872,ROOM SPACE AVAIL FOR 1 PERSON,30,"Diraz, Northern Governorate",1,,258 m2
https://bh.opensooq.com/en/search/285806856,مطلوب شقه صغيره للايجار الشهري لطالبه,150,"Riffa, Southern Governorate",1,1,50 m2
https://bh.opensooq.com/en/search/285805654,سكن لشخص بغرفة مشتركة سريرين,80,"Busaiteen, Muharraq",3,3,180 m2
https://bh.opensooq.com/en/search/285804276,بناية للبيع مكونة  من محلين تجاري  مع 6 شقق المدخول,"120,000","Mahaza, Central Governorate",,,400 m2
https://bh.opensooq.com/en/search/285803982,Three bedroom with Unlimited Ewa Located in New Hidd - Family building,300,"Hidd, Muharraq",3,3,150 m2
https://bh.opensooq.com/en/search/285798266,سكن مشترك في اي بي,80,"Busaiteen, Muharraq",,,
https://bh.opensooq.com/en/search/285798224,بيت ديار محرق على الزاوية,"180,000","Diyar Al Muharraq, Muharraq",6+,,283 m2
https://bh.opensooq.com/en/search/285792150,Newly furnished studio in Nest tower,280,"Sanabis, Manama",Studio,1,37 m2
https://bh.opensooq.com/en/search/285790618,استديو من غرفه نوم  وصاله وحمام ومطبخ مفروش كامل شامل الكهرباء,250,"Riffa, Southern Governorate",Studio,1,60 m2
https://bh.opensooq.com/en/search/285787748,For rent tailor shop,130,"Riffa, Southern Governorate",,,
https://bh.opensooq.com/en/search/285783816,للبيع مبنى في المنامة خلف كانو,"150,000","Other, Manama",,,182 m2
https://bh.opensooq.com/en/search/285780460,شقه لبيع  غرفه  و 2 حمام مساحه 90 في برج راقي مميز  اطلاله بحريه طابق علوي,"65,000","Juffair, Manama",1,2,90 m2
https://bh.opensooq.com/en/search/285776982,فيلا واسعه مجدده للايجار في ديار المحرق حي النور,600,"Diyar Al Muharraq, Muharraq",5,5,280 m2
https://bh.opensooq.com/en/search/285775786,للأيجار شقة ستوديو في سلماباد في موقع مميز بالقرب من جامعة البحرين التكنلوجية,140,"Salmabad, Central Governorate",Studio,1,60 m2
https://bh.opensooq.com/en/search/285774148,East Riffa Flat for rent Near Delmon Bakery with EWA,130,"AlHunayniya, Southern Governorate",1,1,100 m2
https://bh.opensooq.com/en/search/285765416,Bed space available,25,"Riffa, Southern Governorate",,,
https://bh.opensooq.com/en/search/285760356,فيلا فخمة للإيجار مباشر على البحر في جزيرة امواج ( النجمة ),"1,200","Amwaj Islands, Muharraq",4,4,400 m2
https://bh.opensooq.com/en/search/285758462,ارض للبيع بمنطقة الزلاق سكنية,"160,000","Zallaq, Southern Governorate",,,
https://bh.opensooq.com/en/search/285755546,Furnished room for rent in 3 bedroom flat in hidd.,120,"Hidd, Muharraq",,,
https://bh.opensooq.com/en/search/285754662,Apartment for rent,210,"Hoora, Manama",1,1,30 m2
https://bh.opensooq.com/en/search/285753908,Flat for rent in Budaiya,95,"Budaiya, Northern Governorate",2,1,90 m2
https://bh.opensooq.com/en/search/285748318,RESTAURANT FOR SALE VERY NICR AREA,"17,000","Qudaibiya, Manama",,,1000 m2
https://bh.opensooq.com/en/search/285748108,للايجار شقة في المحرق من غرفتين حمامين صالة و مطبخ و بلكونة,150,"Muharraq City, Muharraq",2,2,1 m2
https://bh.opensooq.com/en/search/285736104,Commercial/ residential flat for rent in Muharaq - good location,100,"Muharraq City, Muharraq",2,1,50 m2
https://bh.opensooq.com/en/search/285730526,للبيع ارض في مدينة عيسى 216 متر مربع,"75,000","Isa Town, Central Governorate",,,
https://bh.opensooq.com/en/search/285728988,ارض بمنطقة النويدرات للبيع - مساحة 465 متر مربع,"115,000","Nuwaidrat, Central Governorate",,,
https://bh.opensooq.com/en/search/285675076,صاله انوشا للافراح,400,"Budaiya, Northern Governorate",,,8888 m2
https://bh.opensooq.com/en/search/285720148,بيع فيلا كبيره في الحد,"360,000","Hidd, Muharraq",6+,,615 m2
https://bh.opensooq.com/en/search/285716108,غرف جاهزة (كباين) متعددة الاستخدامات – جودة وعزل تام,700,"Al Mazrowiah, Southern Governorate",,,3 m2
https://bh.opensooq.com/en/search/285696234,ارض سكنية زاوية شارعين في عراد الجديدة 407 متر/ من المالك مباشرة,"140,000","Arad, Muharraq",,,
https://bh.opensooq.com/en/search/285680194,للبيع فرصة مميزه بأقل سعر بمنطقة صدد,"88,000","Madinat Hamad, Northern Governorate",,,
https://bh.opensooq.com/en/search/285671066,بيت بمدينة حمد للبيع,"135,000","Madinat Hamad, Northern Governorate",4,5,384 m2
https://bh.opensooq.com/en/search/285667766,mobile shop sale in aali,"1,850","Other, Southern Governorate",,,
https://bh.opensooq.com/en/search/285610716,2 bedroom apartment in Amwaj Islands,"53,000","Amwaj Islands, Muharraq",2,2,153 m2
https://bh.opensooq.com/en/search/285662868,للبيع حصة من بناية كراج في الهمله,"20,000","Hamala, Northern Governorate",,,437 m2
https://bh.opensooq.com/en/search/285657338,للبيع شقة ماراسي جاليريا,"85,000","Diyar Al Muharraq, Muharraq",2,3,89 m2
https://bh.opensooq.com/en/search/285655440,للبيع فيلا جديدة فب الرفاع الغربي,"185,000","Riffa, Southern Governorate",,,350 m2
https://bh.opensooq.com/en/search/285624564,LADIES BEAUTY SALON FOR SALE,"8,500","Adliya, Manama",,,38 m2
https://bh.opensooq.com/en/search/285569690,شقه للبيع  في مدينة سلمان,"55,000","Other, Northern Governorate",3,3,130 m2
https://bh.opensooq.com/en/search/285561352,للبيع شقة راقية ومفروشة,"75,000","Saar, Northern Governorate",3,3,142 m2
https://bh.opensooq.com/en/search/280742368,FOR SALE - Luxury Villa with Pool in Amwaj,"330,000","Amwaj Islands, Muharraq",4,,"1,500 m2"
https://bh.opensooq.com/en/search/280736904,للبيع بناية راقية في الحد الجديدة,"450,000","Hidd, Muharraq",,,220 m2
https://bh.opensooq.com/en/search/285533576,شقة بالقرب من اللولو الرفاع,"40,000","Riffa, Southern Governorate",3,3,120 m2
https://bh.opensooq.com/en/search/285529384,للبيع: فيلا فاخرة بتصميم عصري على 3 شوارع في الرفاع الغربي,"185,000","Riffa, Southern Governorate",6+,,337 m2
https://bh.opensooq.com/en/search/285507564,3 bedroom flat for sale,"175,000","Reef Island, Manama",3,5,171 m2
https://bh.opensooq.com/en/search/285488302,للبيع سجل خدم للجادين فقط,"10,000","Galaly, Muharraq",,,12 m2
https://bh.opensooq.com/en/search/285487784,مكاتب جاهزه مدعومه بالخدمات و تكاليف البلديه,800,"Al-Salmaniya, Manama",,,264 m2
https://bh.opensooq.com/en/search/285479030,للبيع بيت في فريج العمامرة مناسب للاستثمار ومؤجر حاليآ : المالك,"30,000","Muharraq City, Muharraq",,,150 m2
https://bh.opensooq.com/en/search/285474894,FOR RENT: Spacious Apartment in SAAR Breeze-1 Fully Furnished (ground floor-Flat-1),"325,000","Saar, Northern Governorate",2,2,106 m2
https://bh.opensooq.com/en/search/285467340,1 BR apartment for sale in Juffair,"46,000","Juffair, Manama",1,1,77 m2
https://bh.opensooq.com/en/search/285434666,For sale one bedroom apartment in juffair,"40,000","Juffair, Manama",1,2,82 m2
https://bh.opensooq.com/en/search/285427842,House for sale in Hoora,"29,500","Hoora, Manama",4,,100 m2
https://bh.opensooq.com/en/search/280588217,FOR RENT 3BHK - Brand New Apartment in Juffair,600,"Juffair, Manama",3,3,300 m2
https://bh.opensooq.com/en/search/280587863,FOR RENT - Brand New Apartment in Juffair,430,"Juffair, Manama",2,2,200 m2
https://bh.opensooq.com/en/search/280586663,FOR RENT - Brand New Apartment in Juffair,280,"Juffair, Manama",1,1,60 m2
https://bh.opensooq.com/en/search/280585225,Available Now: Brand New 1-Bedroom Apartment with 2 Bathrooms &amp; 2 Balconies in Juffair,350,"Juffair, Manama",1,2,110 m2
https://bh.opensooq.com/en/search/285391548,Villa Forsale in Durrat Al Bahrain درة البحرين,"395,000","Durrat Al Bahrain, Southern Governorate",4,,800 m2
https://bh.opensooq.com/en/search/285390188,فيلا راقيه للبيع في سار ، كاش فقط,"140,000","Saar, Northern Governorate",6+,,400 m2
https://bh.opensooq.com/en/search/285338342,للبيع فيلا,"450,000","Amwaj Islands, Muharraq",4,,500 m2
https://bh.opensooq.com/en/search/285335774,ارض في شهركان شارعين و زاويه,"107,000","Shahrakkan, Northern Governorate",,,
https://bh.opensooq.com/en/search/285373436,"Men&#x27;s Saloon, Ready C.R for Sale.",750,"Qudaibiya, Manama",,,
https://bh.opensooq.com/en/search/285346200,مطعم ام الحصم,"4,500","Umm Al Hassam, Manama",,,100 m2
https://bh.opensooq.com/en/search/285343014,ارض صناعية بسعر مغري تصنيف مشاريع خاصة فرصة ذهبية استثمارية المعامير,"120,000","Ma`ameer, Central Governorate",,,
https://bh.opensooq.com/en/search/285338122,For sale restaurant  للبيع مطعم في الحد,"2,500","Hidd, Muharraq",,,140 m2
https://bh.opensooq.com/en/search/285272082,بنايه للبيع,"125,000","Muharraq City, Muharraq",,,90020 m2
https://bh.opensooq.com/en/search/285325388,للبيع ارض استثماريه تجاريه تصلح لمستشفى او مركز طبي  فرصه لا تعوض موقع ممتاز جدا.,,"Seef, Manama",,,
https://bh.opensooq.com/en/search/285253644,اراضي للبيع في البحرين,"93,000","Al-Ali, Manama",,,
https://bh.opensooq.com/en/search/285306960,للبيع: فيلا مودرن فاخرة 3 أدوار بالقرب من البحر – رأس حيان,"780,000","Jaww, Southern Governorate",5,,770 m2
https://bh.opensooq.com/en/search/285304692,فرصه استثماريه للبيع بركه سباحه في منطقه الهمله,"13,500","Buri, Northern Governorate",1,1,300 m2
https://bh.opensooq.com/en/search/285293220,فرصة ذهبية حاضنة مجهزة بالكامل بالمشاريع المشتركه,"7,000","Arad, Muharraq",,,90 m2
https://bh.opensooq.com/en/search/285263254,مطلوب ارض سكنيه ف البسيتين,"70,000","Busaiteen, Muharraq",,,
https://bh.opensooq.com/en/search/285260610,Pakistani running restaurant for sale,"2,500","Hoora, Manama",,,22 m2
https://bh.opensooq.com/en/search/285254892,شقة شبه مفروشه في الحد وقريبه من الخدمات ومحطة البترول  والخدمات الاخرى  للبيع.,"68,000","Hidd, Muharraq",4,4,146 m2
https://bh.opensooq.com/en/search/285166954,بناية غفلى في الهملة اسثمار وفرصة ثمينة,"14,500","Hamala, Northern Governorate",,,300 m2
https://bh.opensooq.com/en/search/285208678,شقة للبيع في درة مارينا,"45,000","Durrat Marina, Southern Governorate",1,2,84 m2
https://bh.opensooq.com/en/search/285192492,Luxury 2-Bedroom Apartment for Sale,"85,000","Seef, Manama",2,2,121 m2
https://bh.opensooq.com/en/search/285183436,مطعم مشويات وشورما وسناكات للبيع لعدم التفرغ,"7,000","Eastern Riffa, Southern Governorate",,,65 m2
https://bh.opensooq.com/en/search/285168674,شقة للبيع في جزر أمواج 215 متر مربع,"79,000","Amwaj Islands, Muharraq",3,3,215 m2
https://bh.opensooq.com/en/search/285164834,1bdrm apt for sale in Zawia 3,"53,000","Amwaj Islands, Muharraq",1,2,114 m2
https://bh.opensooq.com/en/search/285163488,فيلا للبيع,"230,000","Riffa, Southern Governorate",5,,608 m2
https://bh.opensooq.com/en/search/285155858,للبيع شقق راقية - الحد,"65,000","Hidd, Muharraq",3,4,170 m2
https://bh.opensooq.com/en/search/285132948,فرصة للبيع استراحة,"120,000","Al Janabiyah, Northern Governorate",,,330 m2
https://bh.opensooq.com/en/search/285131822,عاجل/ للبيع شقه في جزيره تالا في جزر أمواج/ المساحه : 109 متر مربع,"75,000","Amwaj Islands, Muharraq",2,2,200 m2
https://bh.opensooq.com/en/search/285121678,ارخص ارض للبيع من المالك للجادين فقط في الزلاق بسعر مغري,"37,900","Zallaq, Southern Governorate",,,
https://bh.opensooq.com/en/search/285112248,محل شيشه وفيب للبيع,"7,000","Eastern Riffa, Southern Governorate",,,40 m2
https://bh.opensooq.com/en/search/285109116,للبيع بيت في مدينة حمد دوار 10,"126,000","Madinat Hamad, Northern Governorate",5,,362 m2
https://bh.opensooq.com/en/search/285106874,ارض للبيع في منطقة الحد تملك حر لجميع الجنسيات,"250,000","Hidd, Muharraq",,,
https://bh.opensooq.com/en/search/285073938,Sloon for sale,"1,500","Riffa, Southern Governorate",,,10010 m2
https://bh.opensooq.com/en/search/285037372,للبيع بيت في البحير,"140,000","Riffa, Southern Governorate",,,394 m2
https://bh.opensooq.com/en/search/285034898,للبيع ڤلا في منطقة الشاخورة الجديدة ذات موقع مميز,"175,000","Shakhura, Northern Governorate",6+,,620 m2
https://bh.opensooq.com/en/search/284985478,شقة في الطابق الأول (اسكان سلماباد) للبيع,"38,000","Salmabad, Central Governorate",3,3,150 m2
https://bh.opensooq.com/en/search/285030184,شقة تمليك للبيع في الرفاع مدخلين للشقة,"74,000","Riffa, Southern Governorate",5,,245 m2
https://bh.opensooq.com/en/search/285027260,Specious flat for Sale -  شقة راقية للبيع,"78,000","Riffa, Southern Governorate",3,3,175 m2
https://bh.opensooq.com/en/search/285025372,للبيع بناية في موقع مميز وحيوي القضيبه شارع المعارض,"158,000","Madinat Hamad, Northern Governorate",,,400 m2
https://bh.opensooq.com/en/search/284949040,بيع للبيع في منطقة عراد,"115,000","Arad, Muharraq",3,3,222 m2
https://bh.opensooq.com/en/search/284929704,شقه في الحد,"260,000","Hidd, Muharraq",2,3,200 m2
https://bh.opensooq.com/en/search/284976212,فرصة تملك في قلب الرفاع: بيت العمر بتصميم &quot;مودرن&quot; ذكي وفخامة لا تضاهى!,"95,000","Eastern Riffa, Southern Governorate",3,2,108 m2
https://bh.opensooq.com/en/search/284975792,PRIME COMMERCIAL SHOP FOR SALE – JANABIYA,"4,500","Al Janabiyah, Northern Governorate",,,50 m2
https://bh.opensooq.com/en/search/284974968,Fontana towers 2plus study for sale,"81,000","Juffair, Manama",2,3,160 m2
https://bh.opensooq.com/en/search/284953692,شقه للبيع موقع مميز وسعر مغري قايل للتفاوض,"43,000","Hidd, Muharraq",3,3,123 m2
https://bh.opensooq.com/en/search/284915554,ارض ممتازة في الجنبية 3000 متر سعر خاص للكاش,,"Al Janabiyah, Northern Governorate",,,
https://bh.opensooq.com/en/search/284911840,لبيع شقة في شارع المعارض قابل لتفاوض,"28,000","Juffair, Manama",Studio,1,61 m2
https://bh.opensooq.com/en/search/284909846,للبيع بيت في سرايا ون,"140,000","Saar, Northern Governorate",3,,209 m2
https://bh.opensooq.com/en/search/284861870,شقة في اللوزي / مدينة حمد للبيع - Apartments for sale,"46,000","Madinat Hamad, Northern Governorate",3,2,150 m2
https://bh.opensooq.com/en/search/284863356,للبيع محل في سوق واقف لبيع الهواتف النقالة,"27,000","Madinat Hamad, Northern Governorate",,,100 m2
https://bh.opensooq.com/en/search/284845922,للبيع ارض سكنية في جميع مناطق مدينة حمد,"112,000","Madinat Hamad, Northern Governorate",,,
https://bh.opensooq.com/en/search/284825610,مطلوب ارض تجارية في سند شارع 77,"120,000","Other, Manama",,,
https://bh.opensooq.com/en/search/284819450,إطلاله بحريه من جميع الغرف إستخدام شخصي  للسكن الشخصي و الاستثمار والاقامه الذهبيه,"49,500","Juffair, Manama",1,2,76 m2
https://bh.opensooq.com/en/search/284797472,للبيع بناية في الرفاع الشرقي. مشاهد نستو ماركت,"135,000","Eastern Riffa, Southern Governorate",,,221 m2
https://bh.opensooq.com/en/search/284746422,منزل جاهز للسكن مجدد بمدينة حمد بمساحة واسعة أمام المنزل مع مواقف إضافية قريب من جميع الخدمات,"127,000","Madinat Hamad, Northern Governorate",5,,320 m2
https://bh.opensooq.com/en/search/284779448,شقة فاخرة وواسعة للبيع في جزر أمواج,"90,000","Amwaj Islands, Muharraq",3,3,171 m2
https://bh.opensooq.com/en/search/284778552,للبيع شقة في الحد الجديد مع المكيفات والمطبخ,"55,000","Hidd, Muharraq",3,5,150 m2
https://bh.opensooq.com/en/search/284728870,Studio apartment for sale,"34,000","Hidd, Muharraq",Studio,1,46 m2
https://bh.opensooq.com/en/search/284768760,restaurant,"15,000","Riffa, Southern Governorate",,,20 m2
https://bh.opensooq.com/en/search/284757818,ارض سكنية للبيع,"55,000","Hamala, Northern Governorate",,,
https://bh.opensooq.com/en/search/284749880,للبدل ارض اسكانية في شرق سترة,"50,000","Other, Manama",,,
https://bh.opensooq.com/en/search/284740160,للبيع :استديو فاخر جدآ بخليج البحرين مقابل الفورسيزون والأفينوز,"48,000","Bahrain Bay, Manama",1,1,42 m2
https://bh.opensooq.com/en/search/284673680,عمارة استثمارية للبيع - الرفاع,"400,000","Eastern Riffa, Southern Governorate",,,417 m2
https://bh.opensooq.com/en/search/284718272,للبيع صالون طابقين,"4,500","Hidd, Muharraq",,,20 m2
https://bh.opensooq.com/en/search/284699056,ارض للبيع في ديار المحرق,"166,000","Diyar Al Muharraq, Muharraq",,,
https://bh.opensooq.com/en/search/284691650,للبيع بناية جديدة في مقابة من 7 شقق سوبر ديلوكس,"245,000","Maqabah, Northern Governorate",,,649 m2
https://bh.opensooq.com/en/search/284662060,مطعم للبيع او للايجار,"700,000","Manama Center, Manama",,,355 m2
https://bh.opensooq.com/en/search/284657160,فيلل  للبيع ... في البحرين villa for Sale,"160,000","Galaly, Muharraq",5,,391 m2
https://bh.opensooq.com/en/search/284648960,للبيع – صالون حلاقة رجالي وسبا متكامل (فرصة استثمارية),"5,500","Galaly, Muharraq",,,32 m2
https://bh.opensooq.com/en/search/284643544,ارض سكنيه في موقع بلقرب من جناين الهمله,"53,000","Hamala, Northern Governorate",,,
https://bh.opensooq.com/en/search/284560112,صالون نسائي,"6,000","Riffa, Southern Governorate",,,2400 ft²
https://bh.opensooq.com/en/search/284600188,مطعم لعدم التفرغ,"7,000","Fereej Al Fadhel, Manama",,,
https://bh.opensooq.com/en/search/284598426,ارض للبيع في البديع-سكني استثماري,"96,227","Budaiya, Northern Governorate",,,
https://bh.opensooq.com/en/search/284591308,أرض أستثمارية B4 في الجنبية,"145,274","Al Janabiyah, Northern Governorate",,,
https://bh.opensooq.com/en/search/284585690,فرصة تمليك حر فاخرة في الحد,"57,000","Hidd, Muharraq",3,4,130 m2
https://bh.opensooq.com/en/search/284575816,مشروع جاهز ومؤجر,"40,000","Hamala, Northern Governorate",,,15015 m2
https://bh.opensooq.com/en/search/284575414,مستودع للبيع,"8,500","Other, Southern Governorate",,,150 m2
https://bh.opensooq.com/en/search/284569698,Land for sale in Askar  للبيع ارض في عسكر,"120,000","Askar, Southern Governorate",,,
https://bh.opensooq.com/en/search/284562274,1 bedroom seaview apartment for sale in dilmunia island,"65,000","Dilmunia Island, Muharraq",1,2,88 m2
https://bh.opensooq.com/en/search/284558896,شقة في جدعلي للبيع,"25,000","Jid Ali, Central Governorate",Studio,2,69 m2
https://bh.opensooq.com/en/search/284554128,فيلا للبيع في سترة واديان,"140,000","Sitra, Central Governorate",4,,300 m2
https://bh.opensooq.com/en/search/284432972,للبيع شقة راقية في موقع مميز وتشطيب سوبر ديلوكس فندقي,"63,000","Hidd, Muharraq",3,4,180 m2
https://bh.opensooq.com/en/search/284537870,للبيع بيت في الرفاع الشرقي,"170,000","Eastern Riffa, Southern Governorate",6+,,528 m2
https://bh.opensooq.com/en/search/284465474,Shop For Sale,"18,000","Busaiteen, Muharraq",,,2000 m2
https://bh.opensooq.com/en/search/284498572,شقة للبيع في الجفير,"48,000","Juffair, Manama",2,2,116 m2
https://bh.opensooq.com/en/search/284487894,للبيع أرض سكنية في المنطقة الشمالية,"79,000","Dar Kulaib, Northern Governorate",,,
https://bh.opensooq.com/en/search/284473918,ارض سكنية  البيع / كرانه / على شارع النخيل,"169,000","Karranah, Northern Governorate",,,
https://bh.opensooq.com/en/search/284457334,Luxurious Seaview apartment for sale,"44,000","Hoora, Manama",1,1,72 m2
https://bh.opensooq.com/en/search/284456404,حلاق رجالي للبيع,"2,300","Damistan, Northern Governorate",,,3 m2
https://bh.opensooq.com/en/search/284447226,printing Shop for Sale Prime location with items or empty shop,"8,000","Hoora, Manama",,,1000 m2
https://bh.opensooq.com/en/search/284447124,للبيع شقة نظيفة مفروشة  في الرفاع الشرقي,"35,000","AlHunayniya, Southern Governorate",2,2,94 m2
https://bh.opensooq.com/en/search/284445470,للبيع فيلا في الرفاع بو كوارة,"150,000","Riffa, Southern Governorate",6+,,335 m2
https://bh.opensooq.com/en/search/284428300,للبيع او للمبادلة ارض في ديار المحرق,"89,000","Diyar Al Muharraq, Muharraq",,,
https://bh.opensooq.com/en/search/284349066,صفقة للبيع بسعر ممتاز,"28,000","Hamala, Northern Governorate",1,2,507 m2
https://bh.opensooq.com/en/search/284379754,فيلا مطلة على البحر في ديار المحرق مشروع النسيم,"215,000","Diyar Al Muharraq, Muharraq",4,,257 m2
https://bh.opensooq.com/en/search/284330728,شقه واسعه ونظيفه حاهزه للسكن,"70,000","Madinat Hamad, Northern Governorate",5,4,1928 m2
https://bh.opensooq.com/en/search/284322342,Mobile shop in gudaibiya exibition road,"4,700","Qudaibiya, Manama",,,
https://bh.opensooq.com/en/search/284362020,مطلوب ارض  من المالك مباشرة في مدينة خليفه عسكر,"1,000","Askar, Southern Governorate",,,
https://bh.opensooq.com/en/search/284361854,للبيع أرض مميزة شارعين و زاوية بسعر مثالي في القريّة,"1,597","Al Qurayyah, Northern Governorate",,,
https://bh.opensooq.com/en/search/284347076,للبيع بيت في مدينه حمد دوار واحد,"169,000","Madinat Hamad, Northern Governorate",5,4,529 m2
https://bh.opensooq.com/en/search/284272716,مطلوب مغسلة سيارات,"1,000","Madinat Hamad, Northern Governorate",,,606 m2
https://bh.opensooq.com/en/search/284266872,أرض للبيع في جد الحاج,,,,,
https://bh.opensooq.com/en/search/284317382,بيت إسكان للبيع في منطقة اللوزي,"130,000","Lawzi, Northern Governorate",5,4,240 m2
https://bh.opensooq.com/en/search/284303310,للبيع مبنى في ام الحصم مجدد بالكامل بسعر ممتاز قريب من جميع الخدمات,"110,000","Umm Al Hassam, Manama",,,400 m2
https://bh.opensooq.com/en/search/284303306,شقة للبيع مميزة,"40,000","Juffair, Manama",1,1,40 m2
https://bh.opensooq.com/en/search/284301340,للبيع بناية في الحد,"300,000","Hidd, Muharraq",,,507 m2
